-- phpMyAdmin SQL Dump
-- version 5.0.2
-- https://www.phpmyadmin.net/
--
-- Host: 127.0.0.1
-- Generation Time: Sep 07, 2020 at 04:52 AM
-- Server version: 10.4.11-MariaDB
-- PHP Version: 7.4.6

SET SQL_MODE = "NO_AUTO_VALUE_ON_ZERO";
START TRANSACTION;
SET time_zone = "+00:00";


/*!40101 SET @OLD_CHARACTER_SET_CLIENT=@@CHARACTER_SET_CLIENT */;
/*!40101 SET @OLD_CHARACTER_SET_RESULTS=@@CHARACTER_SET_RESULTS */;
/*!40101 SET @OLD_COLLATION_CONNECTION=@@COLLATION_CONNECTION */;
/*!40101 SET NAMES utf8mb4 */;

--
-- Database: `funkyfruit`
--

-- --------------------------------------------------------

--
-- Table structure for table `albums`
--

CREATE TABLE `albums` (
  `id` int(10) UNSIGNED NOT NULL,
  `name` varchar(255) COLLATE utf8mb4_unicode_ci NOT NULL,
  `image` varchar(255) COLLATE utf8mb4_unicode_ci NOT NULL,
  `created_at` timestamp NULL DEFAULT NULL,
  `updated_at` timestamp NULL DEFAULT NULL
) ENGINE=InnoDB DEFAULT CHARSET=utf8mb4 COLLATE=utf8mb4_unicode_ci;

--
-- Dumping data for table `albums`
--

INSERT INTO `albums` (`id`, `name`, `image`, `created_at`, `updated_at`) VALUES
(3, 'Best Song in August', 'albums\\August2020\\2Jh17k82VF7sNO3N4gTr.jpg', '2020-08-17 00:47:00', '2020-08-17 00:48:53'),
(4, 'Top teen songs', 'albums\\September2020\\DjlKiDoikgPk084xlz4I.jpg', '2020-09-01 16:11:54', '2020-09-01 16:11:54'),
(5, 'Korean Music', 'albums\\September2020\\1SReINjTO825pkflYUrM.jpg', '2020-09-01 16:14:00', '2020-09-01 16:14:53'),
(6, 'Best US-UK', 'albums\\September2020\\hTnwIamKWGrIIofJSjWw.jpg', '2020-09-01 16:16:45', '2020-09-01 16:16:45'),
(7, 'Instrumental music Album', 'albums\\September2020\\4iolsu0ufTDQ8tIWkMzP.jpg', '2020-09-01 16:19:11', '2020-09-01 16:19:11'),
(8, 'Best Bolero songs', 'albums\\September2020\\1ffupEmmHCEDyMWLFUTF.jpg', '2020-09-01 16:20:55', '2020-09-01 16:20:55'),
(9, 'Best Song in October', 'albums\\September2020\\cAOr18ldYREjRrnmoaI5.png', '2020-09-02 19:20:41', '2020-09-02 19:20:41');

-- --------------------------------------------------------

--
-- Table structure for table `categories`
--

CREATE TABLE `categories` (
  `id` int(10) UNSIGNED NOT NULL,
  `name` varchar(255) COLLATE utf8mb4_unicode_ci NOT NULL,
  `created_at` timestamp NULL DEFAULT NULL,
  `updated_at` timestamp NULL DEFAULT NULL
) ENGINE=InnoDB DEFAULT CHARSET=utf8mb4 COLLATE=utf8mb4_unicode_ci;

--
-- Dumping data for table `categories`
--

INSERT INTO `categories` (`id`, `name`, `created_at`, `updated_at`) VALUES
(4, 'Teen Song', '2020-08-11 18:20:00', '2020-08-31 21:25:18'),
(5, 'Bolero', '2020-08-11 18:20:00', '2020-08-31 21:25:09'),
(6, 'Rap, Hip Hop', '2020-08-11 18:20:57', '2020-08-11 18:20:57'),
(7, 'K-Pop', '2020-08-11 18:21:03', '2020-08-11 18:21:03'),
(8, 'US-UK', '2020-08-11 18:21:11', '2020-08-11 18:21:11'),
(9, 'Instrumental music', '2020-08-11 18:21:00', '2020-09-01 16:17:56'),
(11, 'Acoustic', '2020-08-11 18:21:38', '2020-08-11 18:21:38');

-- --------------------------------------------------------

--
-- Table structure for table `comments`
--

CREATE TABLE `comments` (
  `id` bigint(20) UNSIGNED NOT NULL,
  `comment` varchar(255) COLLATE utf8mb4_unicode_ci NOT NULL,
  `user_id` bigint(20) UNSIGNED NOT NULL,
  `song_id` int(10) UNSIGNED NOT NULL,
  `created_at` timestamp NULL DEFAULT NULL,
  `updated_at` timestamp NULL DEFAULT NULL
) ENGINE=InnoDB DEFAULT CHARSET=utf8mb4 COLLATE=utf8mb4_unicode_ci;

--
-- Dumping data for table `comments`
--

INSERT INTO `comments` (`id`, `comment`, `user_id`, `song_id`, `created_at`, `updated_at`) VALUES
(2, 'Nice Song', 2, 31, '2020-09-07 01:49:23', NULL),
(3, 'Good', 1, 31, NULL, NULL),
(4, 'dsds', 1, 31, NULL, NULL),
(5, 'Nice', 1, 40, NULL, NULL),
(6, 'Good song', 2, 40, NULL, NULL);

-- --------------------------------------------------------

--
-- Table structure for table `data_rows`
--

CREATE TABLE `data_rows` (
  `id` int(10) UNSIGNED NOT NULL,
  `data_type_id` int(10) UNSIGNED NOT NULL,
  `field` varchar(255) COLLATE utf8mb4_unicode_ci NOT NULL,
  `type` varchar(255) COLLATE utf8mb4_unicode_ci NOT NULL,
  `display_name` varchar(255) COLLATE utf8mb4_unicode_ci NOT NULL,
  `required` tinyint(1) NOT NULL DEFAULT 0,
  `browse` tinyint(1) NOT NULL DEFAULT 1,
  `read` tinyint(1) NOT NULL DEFAULT 1,
  `edit` tinyint(1) NOT NULL DEFAULT 1,
  `add` tinyint(1) NOT NULL DEFAULT 1,
  `delete` tinyint(1) NOT NULL DEFAULT 1,
  `details` text COLLATE utf8mb4_unicode_ci DEFAULT NULL,
  `order` int(11) NOT NULL DEFAULT 1
) ENGINE=InnoDB DEFAULT CHARSET=utf8mb4 COLLATE=utf8mb4_unicode_ci;

--
-- Dumping data for table `data_rows`
--

INSERT INTO `data_rows` (`id`, `data_type_id`, `field`, `type`, `display_name`, `required`, `browse`, `read`, `edit`, `add`, `delete`, `details`, `order`) VALUES
(1, 1, 'id', 'number', 'ID', 1, 0, 0, 0, 0, 0, '{}', 1),
(2, 1, 'name', 'text', 'Name', 1, 1, 1, 1, 1, 0, '{}', 2),
(3, 1, 'email', 'text', 'Email', 1, 1, 1, 1, 1, 0, '{}', 3),
(4, 1, 'password', 'password', 'Password', 1, 0, 0, 1, 1, 0, '{}', 4),
(5, 1, 'remember_token', 'text', 'Remember Token', 0, 0, 0, 0, 0, 0, '{}', 5),
(6, 1, 'created_at', 'timestamp', 'Created At', 0, 1, 1, 0, 0, 0, '{}', 6),
(7, 1, 'updated_at', 'timestamp', 'Updated At', 0, 0, 0, 0, 0, 0, '{}', 7),
(8, 1, 'avatar', 'image', 'Avatar', 0, 1, 1, 1, 1, 0, '{}', 8),
(9, 1, 'user_belongsto_role_relationship', 'relationship', 'Role', 0, 1, 1, 1, 1, 0, '{\"model\":\"TCG\\\\Voyager\\\\Models\\\\Role\",\"table\":\"roles\",\"type\":\"belongsTo\",\"column\":\"role_id\",\"key\":\"id\",\"label\":\"display_name\",\"pivot_table\":\"roles\",\"pivot\":\"0\",\"taggable\":\"0\"}', 10),
(10, 1, 'user_belongstomany_role_relationship', 'relationship', 'Roles', 0, 1, 1, 1, 1, 0, '{\"model\":\"TCG\\\\Voyager\\\\Models\\\\Role\",\"table\":\"roles\",\"type\":\"belongsToMany\",\"column\":\"id\",\"key\":\"id\",\"label\":\"display_name\",\"pivot_table\":\"user_roles\",\"pivot\":\"1\",\"taggable\":\"0\"}', 11),
(11, 1, 'settings', 'hidden', 'Settings', 0, 0, 0, 0, 0, 0, '{}', 12),
(12, 2, 'id', 'number', 'ID', 1, 0, 0, 0, 0, 0, NULL, 1),
(13, 2, 'name', 'text', 'Name', 1, 1, 1, 1, 1, 1, NULL, 2),
(14, 2, 'created_at', 'timestamp', 'Created At', 0, 0, 0, 0, 0, 0, NULL, 3),
(15, 2, 'updated_at', 'timestamp', 'Updated At', 0, 0, 0, 0, 0, 0, NULL, 4),
(16, 3, 'id', 'number', 'ID', 1, 0, 0, 0, 0, 0, NULL, 1),
(17, 3, 'name', 'text', 'Name', 1, 1, 1, 1, 1, 1, NULL, 2),
(18, 3, 'created_at', 'timestamp', 'Created At', 0, 0, 0, 0, 0, 0, NULL, 3),
(19, 3, 'updated_at', 'timestamp', 'Updated At', 0, 0, 0, 0, 0, 0, NULL, 4),
(20, 3, 'display_name', 'text', 'Display Name', 1, 1, 1, 1, 1, 1, NULL, 5),
(21, 1, 'role_id', 'text', 'Role', 0, 1, 1, 1, 1, 0, '{}', 9),
(61, 10, 'id', 'hidden', 'Id', 1, 0, 0, 0, 0, 0, '{}', 1),
(62, 10, 'name', 'text', 'Name', 0, 1, 1, 1, 1, 1, '{\"validation\":{\"rule\":\"required|unique:musicians|max:30\",\"messages\":{\"required\":\"This :attribute field is a must.\",\"max\":\"This :attribute field maximum :max.\"}}}', 2),
(63, 10, 'description', 'rich_text_box', 'Description', 0, 0, 1, 1, 1, 1, '{\"validation\":{\"rule\":\"max:14999\",\"messages\":{\"max\":\"This :attribute field maximum :max.\"}}}', 3),
(64, 10, 'image', 'image', 'Image', 0, 1, 1, 1, 1, 1, '{\"validation\":{\"rule\":\"mimes:jpeg,bmp,png,jpg\",\"messages\":{\"mines\":\"This :attribute field must be a jpeg, jpg, bmp, png.\"}}}', 4),
(65, 10, 'created_at', 'timestamp', 'Created At', 0, 1, 1, 1, 0, 1, '{}', 5),
(66, 10, 'updated_at', 'timestamp', 'Updated At', 0, 0, 0, 0, 0, 0, '{}', 6),
(77, 13, 'id', 'hidden', 'Id', 1, 0, 0, 0, 0, 0, '{}', 1),
(78, 13, 'name', 'text', 'Name', 0, 1, 1, 1, 1, 1, '{\"validation\":{\"rule\":\"required|unique:nations|max:20\",\"messages\":{\"required\":\"This :attribute field is a must.\",\"max\":\"This :attribute field maximum :max.\"}}}', 2),
(90, 13, 'created_at', 'timestamp', 'Created At', 0, 1, 1, 1, 0, 1, '{}', 3),
(91, 13, 'updated_at', 'timestamp', 'Updated At', 0, 0, 0, 0, 0, 0, '{}', 4),
(92, 18, 'id', 'hidden', 'Id', 1, 0, 0, 0, 0, 0, '{}', 1),
(93, 18, 'name', 'text', 'Name', 0, 1, 1, 1, 1, 1, '{\"validation\":{\"rule\":\"required|unique:singers|max:30\",\"messages\":{\"required\":\"This :attribute field is a must.\",\"max\":\"This :attribute field maximum :max.\"}}}', 2),
(94, 18, 'description', 'rich_text_box', 'Description', 0, 0, 1, 1, 1, 1, '{\"validation\":{\"rule\":\"max:14999\",\"messages\":{\"max\":\"This :attribute field maximum :max.\"}}}', 3),
(95, 18, 'image', 'image', 'Image', 0, 1, 1, 1, 1, 1, '{\"validation\":{\"rule\":\"mimes:jpeg,bmp,png,jpg\",\"messages\":{\"mines\":\"This :attribute field must be a jpeg, jpg, bmp, png.\"}}}', 4),
(96, 18, 'created_at', 'timestamp', 'Created At', 0, 1, 1, 1, 0, 1, '{}', 5),
(97, 18, 'updated_at', 'timestamp', 'Updated At', 0, 0, 0, 0, 0, 0, '{}', 6),
(184, 41, 'id', 'hidden', 'Id', 1, 0, 0, 0, 0, 0, '{}', 1),
(185, 41, 'name', 'text', 'Name', 1, 1, 1, 1, 1, 1, '{\"validation\":{\"rule\":\"required|unique:albums|max:30\",\"messages\":{\"required\":\"This :attribute field is a must.\",\"max\":\"This :attribute field maximum :max.\"}}}', 2),
(186, 41, 'image', 'image', 'Image', 1, 1, 1, 1, 1, 1, '{\"validation\":{\"rule\":\"mimes:jpeg,bmp,png,jpg\",\"messages\":{\"mines\":\"This :attribute field must be a jpeg, jpg, bmp, png.\"}}}', 3),
(187, 41, 'created_at', 'timestamp', 'Created At', 0, 1, 1, 1, 0, 1, '{}', 5),
(188, 41, 'updated_at', 'timestamp', 'Updated At', 0, 0, 0, 0, 0, 0, '{}', 6),
(189, 41, 'album_belongstomany_detailsong_relationship', 'relationship', 'Songs', 0, 1, 1, 1, 1, 1, '{\"model\":\"App\\\\Song\",\"table\":\"songs\",\"type\":\"belongsToMany\",\"column\":\"id\",\"key\":\"id\",\"label\":\"name\",\"pivot_table\":\"detailalbums\",\"pivot\":\"1\",\"taggable\":\"on\"}', 4),
(197, 43, 'id', 'hidden', 'Id', 1, 0, 0, 0, 0, 0, '{}', 1),
(198, 43, 'user_id', 'text', 'User Id', 1, 1, 1, 1, 1, 1, '{}', 3),
(199, 43, 'name', 'text', 'Name', 1, 1, 1, 1, 1, 1, '{\"validation\":{\"rule\":\"required|unique:playlists|max:30\",\"messages\":{\"required\":\"This :attribute field is a must.\",\"max\":\"This :attribute field maximum :max.\"}}}', 2),
(200, 43, 'created_at', 'timestamp', 'Created At', 0, 1, 1, 1, 0, 1, '{}', 6),
(201, 43, 'updated_at', 'timestamp', 'Updated At', 0, 0, 0, 0, 0, 0, '{}', 7),
(202, 43, 'playlist_belongsto_user_relationship', 'relationship', 'users', 0, 1, 1, 1, 1, 1, '{\"model\":\"App\\\\User\",\"table\":\"users\",\"type\":\"belongsTo\",\"column\":\"user_id\",\"key\":\"id\",\"label\":\"email\",\"pivot_table\":\"albums\",\"pivot\":\"0\",\"taggable\":\"0\"}', 4),
(204, 44, 'id', 'hidden', 'Id', 1, 0, 0, 0, 0, 0, '{}', 1),
(206, 44, 'playlist_id', 'text', 'Playlist Id', 1, 1, 1, 0, 0, 0, '{}', 2),
(207, 44, 'created_at', 'timestamp', 'Created At', 0, 0, 0, 0, 0, 0, '{}', 6),
(208, 44, 'updated_at', 'timestamp', 'Updated At', 0, 0, 0, 0, 0, 0, '{}', 7),
(210, 44, 'detailplaylist_belongsto_playlist_relationship', 'relationship', 'playlists', 0, 1, 1, 0, 0, 0, '{\"model\":\"App\\\\Playlist\",\"table\":\"playlists\",\"type\":\"belongsTo\",\"column\":\"playlist_id\",\"key\":\"id\",\"label\":\"name\",\"pivot_table\":\"albums\",\"pivot\":\"0\",\"taggable\":\"0\"}', 3),
(218, 46, 'id', 'hidden', 'Id', 1, 0, 0, 0, 0, 0, '{}', 1),
(219, 46, 'comment', 'rich_text_box', 'Comment', 1, 1, 1, 1, 1, 1, '{}', 6),
(220, 46, 'point', 'number', 'Point', 1, 1, 1, 1, 1, 1, '{}', 7),
(221, 46, 'user_id', 'text', 'User Id', 1, 1, 1, 1, 1, 1, '{}', 2),
(223, 46, 'created_at', 'timestamp', 'Created At', 0, 1, 1, 1, 0, 1, '{}', 8),
(224, 46, 'updated_at', 'timestamp', 'Updated At', 0, 0, 0, 0, 0, 0, '{}', 9),
(225, 46, 'comment_belongsto_user_relationship', 'relationship', 'users', 0, 1, 1, 1, 1, 1, '{\"model\":\"App\\\\User\",\"table\":\"users\",\"type\":\"belongsTo\",\"column\":\"user_id\",\"key\":\"id\",\"label\":\"email\",\"pivot_table\":\"albums\",\"pivot\":\"0\",\"taggable\":\"0\"}', 3),
(233, 49, 'id', 'hidden', 'Id', 1, 0, 0, 0, 0, 0, '{}', 1),
(234, 49, 'song_id', 'text', 'Song Id', 1, 1, 1, 1, 1, 1, '{}', 2),
(235, 49, 'singer_id', 'text', 'Singer Id', 1, 1, 1, 1, 1, 1, '{}', 4),
(236, 49, 'created_at', 'timestamp', 'Created At', 0, 0, 0, 0, 0, 0, '{}', 6),
(237, 49, 'updated_at', 'timestamp', 'Updated At', 0, 0, 0, 0, 0, 0, '{}', 7),
(238, 49, 'detailsong_belongsto_song_relationship', 'relationship', 'songs', 0, 1, 1, 1, 1, 1, '{\"model\":\"App\\\\Song\",\"table\":\"songs\",\"type\":\"belongsTo\",\"column\":\"song_id\",\"key\":\"id\",\"label\":\"name\",\"pivot_table\":\"albums\",\"pivot\":\"0\",\"taggable\":\"0\"}', 3),
(239, 49, 'detailsong_belongsto_singer_relationship', 'relationship', 'singers', 0, 1, 1, 1, 1, 1, '{\"model\":\"App\\\\Singer\",\"table\":\"singers\",\"type\":\"belongsTo\",\"column\":\"singer_id\",\"key\":\"id\",\"label\":\"name\",\"pivot_table\":\"albums\",\"pivot\":\"0\",\"taggable\":\"0\"}', 5),
(240, 50, 'id', 'hidden', 'Id', 1, 0, 0, 0, 0, 0, '{}', 1),
(241, 50, 'name', 'text', 'Name', 1, 1, 1, 1, 1, 1, '{\"validation\":{\"rule\":\"required|max:50|unique:songs\",\"messages\":{\"required\":\"This :attribute field is a must.\",\"max\":\"This :attribute field maximum :max.\"}}}', 2),
(242, 50, 'musician_id', 'text', 'Musician Id', 1, 1, 1, 1, 1, 1, '{\"validation\":{\"rule\":\"required\",\"messages\":{\"required\":\"This :attribute field is a must.\"}}}', 4),
(243, 50, 'lyric', 'rich_text_box', 'Lyric', 0, 0, 1, 1, 1, 1, '{\"validation\":{\"rule\":\"max:14999\",\"messages\":{\"max\":\"This :attribute field maximum :max.\"}}}', 3),
(244, 50, 'category_id', 'text', 'Category Id', 1, 1, 1, 1, 1, 1, '{\"validation\":{\"rule\":\"required\",\"messages\":{\"required\":\"This :attribute field is a must.\"}}}', 7),
(245, 50, 'nation_id', 'text', 'Nation Id', 1, 1, 1, 1, 1, 1, '{\"validation\":{\"rule\":\"required\",\"messages\":{\"required\":\"This :attribute field is a must.\"}}}', 9),
(246, 50, 'created_at', 'timestamp', 'Created At', 0, 1, 1, 1, 0, 1, '{}', 12),
(247, 50, 'updated_at', 'timestamp', 'Updated At', 0, 0, 0, 0, 0, 0, '{}', 13),
(248, 50, 'file', 'file', 'File', 0, 1, 1, 1, 1, 1, '{\"validation\":{\"rule\":\"mimes:mpga,mp4,wav,ogg\",\"messages\":{\"mines\":\"This :attribute field must be a mp3, mp4, wav, ogg.\"}}}', 11),
(249, 50, 'song_belongsto_musician_relationship', 'relationship', 'musicians', 0, 1, 1, 1, 1, 1, '{\"model\":\"App\\\\Musician\",\"table\":\"musicians\",\"type\":\"belongsTo\",\"column\":\"musician_id\",\"key\":\"id\",\"label\":\"name\",\"pivot_table\":\"albums\",\"pivot\":\"0\",\"taggable\":\"0\"}', 5),
(250, 50, 'song_belongsto_nation_relationship', 'relationship', 'nations', 0, 1, 1, 1, 1, 1, '{\"model\":\"App\\\\Nation\",\"table\":\"nations\",\"type\":\"belongsTo\",\"column\":\"nation_id\",\"key\":\"id\",\"label\":\"name\",\"pivot_table\":\"albums\",\"pivot\":\"0\",\"taggable\":\"0\"}', 10),
(251, 50, 'song_belongsto_category_relationship', 'relationship', 'categories', 0, 1, 1, 1, 1, 1, '{\"model\":\"App\\\\Category\",\"table\":\"categories\",\"type\":\"belongsTo\",\"column\":\"category_id\",\"key\":\"id\",\"label\":\"name\",\"pivot_table\":\"albums\",\"pivot\":\"0\",\"taggable\":\"0\"}', 8),
(252, 50, 'song_belongstomany_singer_relationship', 'relationship', 'singers', 0, 1, 1, 1, 1, 1, '{\"model\":\"App\\\\Singer\",\"table\":\"singers\",\"type\":\"belongsToMany\",\"column\":\"id\",\"key\":\"id\",\"label\":\"name\",\"pivot_table\":\"detailsongs\",\"pivot\":\"1\",\"taggable\":\"on\"}', 6),
(255, 43, 'playlist_belongstomany_song_relationship', 'relationship', 'songs', 0, 1, 1, 1, 1, 1, '{\"model\":\"App\\\\Song\",\"table\":\"songs\",\"type\":\"belongsToMany\",\"column\":\"id\",\"key\":\"id\",\"label\":\"name\",\"pivot_table\":\"detailplaylists\",\"pivot\":\"1\",\"taggable\":\"on\"}', 5),
(256, 51, 'id', 'hidden', 'Id', 1, 0, 0, 0, 0, 0, '{}', 1),
(257, 51, 'name', 'text', 'Name', 1, 1, 1, 1, 1, 1, '{\"validation\":{\"rule\":\"required|unique:categories|max:30\",\"messages\":{\"required\":\"This :attribute field is a must.\",\"max\":\"This :attribute field maximum :max.\"}}}', 2),
(258, 51, 'created_at', 'timestamp', 'Created At', 0, 1, 1, 1, 0, 1, '{}', 3),
(259, 51, 'updated_at', 'timestamp', 'Updated At', 0, 0, 0, 0, 0, 0, '{}', 4),
(261, 44, 'detailplaylist_belongsto_song_relationship', 'relationship', 'songs', 0, 1, 1, 1, 1, 1, '{\"model\":\"App\\\\Song\",\"table\":\"songs\",\"type\":\"belongsTo\",\"column\":\"song_id\",\"key\":\"id\",\"label\":\"name\",\"pivot_table\":\"albums\",\"pivot\":\"0\",\"taggable\":\"0\"}', 5),
(262, 44, 'song_id', 'text', 'Song Id', 1, 1, 1, 1, 1, 1, '{}', 4),
(263, 46, 'comment_belongsto_song_relationship', 'relationship', 'songs', 0, 1, 1, 1, 1, 1, '{\"model\":\"App\\\\Song\",\"table\":\"songs\",\"type\":\"belongsTo\",\"column\":\"song_id\",\"key\":\"id\",\"label\":\"name\",\"pivot_table\":\"albums\",\"pivot\":\"0\",\"taggable\":\"0\"}', 5),
(264, 46, 'song_id', 'text', 'Song Id', 1, 1, 1, 1, 1, 1, '{}', 4),
(267, 52, 'id', 'hidden', 'Id', 1, 0, 0, 0, 0, 0, '{}', 1),
(268, 52, 'song_id', 'text', 'Song Id', 1, 1, 1, 1, 1, 1, '{}', 2),
(269, 52, 'album_id', 'text', 'Album Id', 1, 1, 1, 1, 1, 1, '{}', 4),
(270, 52, 'created_at', 'timestamp', 'Created At', 0, 1, 1, 1, 0, 1, '{}', 6),
(271, 52, 'updated_at', 'timestamp', 'Updated At', 0, 0, 0, 0, 0, 0, '{}', 7),
(272, 52, 'detailalbum_belongsto_song_relationship', 'relationship', 'songs', 0, 1, 1, 1, 1, 1, '{\"model\":\"App\\\\Song\",\"table\":\"songs\",\"type\":\"belongsTo\",\"column\":\"song_id\",\"key\":\"id\",\"label\":\"name\",\"pivot_table\":\"albums\",\"pivot\":\"0\",\"taggable\":\"0\"}', 3),
(273, 52, 'detailalbum_belongsto_album_relationship', 'relationship', 'albums', 0, 1, 1, 1, 1, 1, '{\"model\":\"App\\\\Album\",\"table\":\"albums\",\"type\":\"belongsTo\",\"column\":\"album_id\",\"key\":\"id\",\"label\":\"name\",\"pivot_table\":\"albums\",\"pivot\":\"0\",\"taggable\":\"0\"}', 5),
(274, 1, 'email_verified_at', 'timestamp', 'Email Verified At', 0, 1, 1, 1, 1, 0, '{}', 6);

-- --------------------------------------------------------

--
-- Table structure for table `data_types`
--

CREATE TABLE `data_types` (
  `id` int(10) UNSIGNED NOT NULL,
  `name` varchar(255) COLLATE utf8mb4_unicode_ci NOT NULL,
  `slug` varchar(255) COLLATE utf8mb4_unicode_ci NOT NULL,
  `display_name_singular` varchar(255) COLLATE utf8mb4_unicode_ci NOT NULL,
  `display_name_plural` varchar(255) COLLATE utf8mb4_unicode_ci NOT NULL,
  `icon` varchar(255) COLLATE utf8mb4_unicode_ci DEFAULT NULL,
  `model_name` varchar(255) COLLATE utf8mb4_unicode_ci DEFAULT NULL,
  `policy_name` varchar(255) COLLATE utf8mb4_unicode_ci DEFAULT NULL,
  `controller` varchar(255) COLLATE utf8mb4_unicode_ci DEFAULT NULL,
  `description` varchar(255) COLLATE utf8mb4_unicode_ci DEFAULT NULL,
  `generate_permissions` tinyint(1) NOT NULL DEFAULT 0,
  `server_side` tinyint(4) NOT NULL DEFAULT 0,
  `details` text COLLATE utf8mb4_unicode_ci DEFAULT NULL,
  `created_at` timestamp NULL DEFAULT NULL,
  `updated_at` timestamp NULL DEFAULT NULL
) ENGINE=InnoDB DEFAULT CHARSET=utf8mb4 COLLATE=utf8mb4_unicode_ci;

--
-- Dumping data for table `data_types`
--

INSERT INTO `data_types` (`id`, `name`, `slug`, `display_name_singular`, `display_name_plural`, `icon`, `model_name`, `policy_name`, `controller`, `description`, `generate_permissions`, `server_side`, `details`, `created_at`, `updated_at`) VALUES
(1, 'users', 'users', 'User', 'Users', 'voyager-person', 'TCG\\Voyager\\Models\\User', 'TCG\\Voyager\\Policies\\UserPolicy', 'TCG\\Voyager\\Http\\Controllers\\VoyagerUserController', NULL, 1, 0, '{\"order_column\":null,\"order_display_column\":null,\"order_direction\":\"desc\",\"default_search_key\":null,\"scope\":null}', '2020-07-23 19:21:54', '2020-09-02 21:16:09'),
(2, 'menus', 'menus', 'Menu', 'Menus', 'voyager-list', 'TCG\\Voyager\\Models\\Menu', NULL, '', '', 1, 0, NULL, '2020-07-23 19:21:54', '2020-07-23 19:21:54'),
(3, 'roles', 'roles', 'Role', 'Roles', 'voyager-lock', 'TCG\\Voyager\\Models\\Role', NULL, 'TCG\\Voyager\\Http\\Controllers\\VoyagerRoleController', '', 1, 0, NULL, '2020-07-23 19:21:54', '2020-07-23 19:21:54'),
(10, 'musicians', 'musicians', 'Musician', 'Musicians', 'voyager-person', 'App\\Musician', NULL, NULL, NULL, 1, 1, '{\"order_column\":null,\"order_display_column\":null,\"order_direction\":\"asc\",\"default_search_key\":null,\"scope\":null}', '2020-07-24 18:24:36', '2020-08-19 20:10:30'),
(13, 'nations', 'nations', 'Nation', 'Nations', 'voyager-rocket', 'App\\Nation', NULL, NULL, NULL, 1, 0, '{\"order_column\":null,\"order_display_column\":null,\"order_direction\":\"asc\",\"default_search_key\":null,\"scope\":null}', '2020-07-24 19:44:52', '2020-08-12 01:32:07'),
(18, 'singers', 'singers', 'Singer', 'Singers', 'voyager-person', 'App\\Singer', NULL, NULL, NULL, 1, 1, '{\"order_column\":null,\"order_display_column\":null,\"order_direction\":\"asc\",\"default_search_key\":null,\"scope\":null}', '2020-07-24 20:54:22', '2020-08-19 20:10:43'),
(41, 'albums', 'albums', 'Album', 'Albums', 'voyager-categories', 'App\\Album', NULL, NULL, NULL, 1, 1, '{\"order_column\":null,\"order_display_column\":null,\"order_direction\":\"asc\",\"default_search_key\":null,\"scope\":null}', '2020-07-29 03:00:15', '2020-08-12 01:31:01'),
(43, 'playlists', 'playlists', 'Playlist', 'Playlists', 'voyager-list', 'App\\Playlist', NULL, NULL, NULL, 1, 1, '{\"order_column\":null,\"order_display_column\":null,\"order_direction\":\"asc\",\"default_search_key\":null,\"scope\":null}', '2020-07-29 03:22:08', '2020-08-12 01:32:23'),
(44, 'detailplaylists', 'detailplaylists', 'Detailplaylist', 'Detailplaylists', 'voyager-list', 'App\\Detailplaylist', NULL, 'App\\Http\\Controllers\\VoyagerPivotController', NULL, 1, 0, '{\"order_column\":null,\"order_display_column\":null,\"order_direction\":\"asc\",\"default_search_key\":null,\"scope\":null}', '2020-07-29 03:24:25', '2020-08-12 01:31:32'),
(46, 'comments', 'comments', 'Comment', 'Comments', 'voyager-receipt', 'App\\Comment', NULL, NULL, NULL, 1, 0, '{\"order_column\":null,\"order_display_column\":null,\"order_direction\":\"asc\",\"default_search_key\":null,\"scope\":null}', '2020-07-29 18:08:39', '2020-08-12 02:36:17'),
(49, 'detailsongs', 'detailsongs', 'Detailsong', 'Detailsongs', 'voyager-music', 'App\\Detailsong', NULL, 'App\\Http\\Controllers\\VoyagerPivotController', NULL, 1, 0, '{\"order_column\":null,\"order_display_column\":null,\"order_direction\":\"asc\",\"default_search_key\":null,\"scope\":null}', '2020-08-11 17:27:41', '2020-08-12 01:31:40'),
(50, 'songs', 'songs', 'Song', 'Songs', 'voyager-music', 'App\\Song', NULL, NULL, NULL, 1, 0, '{\"order_column\":null,\"order_display_column\":null,\"order_direction\":\"asc\",\"default_search_key\":null,\"scope\":null}', '2020-08-11 17:33:10', '2020-08-19 20:11:21'),
(51, 'categories', 'categories', 'Category', 'Categories', 'voyager-categories', 'App\\Category', NULL, NULL, NULL, 1, 0, '{\"order_column\":null,\"order_display_column\":null,\"order_direction\":\"asc\",\"default_search_key\":null,\"scope\":null}', '2020-08-11 18:11:28', '2020-08-12 01:31:08'),
(52, 'detailalbums', 'detailalbums', 'Detailalbum', 'Detailalbums', NULL, 'App\\Detailalbum', NULL, NULL, NULL, 1, 0, '{\"order_column\":null,\"order_display_column\":null,\"order_direction\":\"asc\",\"default_search_key\":null,\"scope\":null}', '2020-08-17 00:50:12', '2020-08-17 00:50:58');

-- --------------------------------------------------------

--
-- Table structure for table `detailalbums`
--

CREATE TABLE `detailalbums` (
  `id` int(10) UNSIGNED NOT NULL,
  `song_id` int(10) UNSIGNED NOT NULL,
  `album_id` int(10) UNSIGNED NOT NULL,
  `created_at` timestamp NULL DEFAULT NULL,
  `updated_at` timestamp NULL DEFAULT NULL
) ENGINE=InnoDB DEFAULT CHARSET=utf8mb4 COLLATE=utf8mb4_unicode_ci;

--
-- Dumping data for table `detailalbums`
--

INSERT INTO `detailalbums` (`id`, `song_id`, `album_id`, `created_at`, `updated_at`) VALUES
(10, 9, 3, '2020-08-17 00:55:15', '2020-08-17 00:55:15'),
(11, 11, 3, NULL, NULL),
(12, 10, 3, NULL, NULL),
(13, 13, 3, NULL, NULL),
(14, 15, 3, NULL, NULL),
(16, 17, 3, NULL, NULL),
(17, 16, 3, NULL, NULL),
(18, 9, 4, NULL, NULL),
(19, 10, 4, NULL, NULL),
(20, 42, 4, NULL, NULL),
(21, 43, 4, NULL, NULL),
(22, 22, 5, NULL, NULL),
(23, 23, 5, NULL, NULL),
(24, 24, 5, NULL, NULL),
(25, 25, 5, NULL, NULL),
(26, 26, 5, NULL, NULL),
(27, 32, 6, NULL, NULL),
(28, 33, 6, NULL, NULL),
(29, 34, 6, NULL, NULL),
(30, 35, 6, NULL, NULL),
(31, 36, 6, NULL, NULL),
(32, 41, 6, NULL, NULL),
(33, 37, 7, NULL, NULL),
(34, 38, 7, NULL, NULL),
(35, 39, 7, NULL, NULL),
(36, 40, 7, NULL, NULL),
(37, 8, 8, NULL, NULL),
(38, 13, 8, NULL, NULL),
(39, 14, 8, NULL, NULL),
(40, 15, 8, NULL, NULL),
(41, 16, 8, NULL, NULL),
(42, 17, 8, NULL, NULL),
(43, 10, 9, NULL, NULL),
(44, 12, 9, NULL, NULL),
(45, 13, 9, NULL, NULL),
(46, 15, 9, NULL, NULL);

-- --------------------------------------------------------

--
-- Table structure for table `detailplaylists`
--

CREATE TABLE `detailplaylists` (
  `id` int(10) UNSIGNED NOT NULL,
  `song_id` int(10) UNSIGNED NOT NULL,
  `playlist_id` int(10) UNSIGNED NOT NULL,
  `created_at` timestamp NULL DEFAULT NULL,
  `updated_at` timestamp NULL DEFAULT NULL
) ENGINE=InnoDB DEFAULT CHARSET=utf8mb4 COLLATE=utf8mb4_unicode_ci;

-- --------------------------------------------------------

--
-- Table structure for table `detailsongs`
--

CREATE TABLE `detailsongs` (
  `id` int(10) UNSIGNED NOT NULL,
  `song_id` int(10) UNSIGNED NOT NULL,
  `singer_id` int(10) UNSIGNED NOT NULL,
  `created_at` timestamp NULL DEFAULT NULL,
  `updated_at` timestamp NULL DEFAULT NULL
) ENGINE=InnoDB DEFAULT CHARSET=utf8mb4 COLLATE=utf8mb4_unicode_ci;

--
-- Dumping data for table `detailsongs`
--

INSERT INTO `detailsongs` (`id`, `song_id`, `singer_id`, `created_at`, `updated_at`) VALUES
(11, 8, 5, NULL, NULL),
(12, 9, 6, NULL, NULL),
(13, 10, 7, NULL, NULL),
(14, 11, 8, NULL, NULL),
(15, 12, 9, NULL, NULL),
(16, 12, 38, NULL, NULL),
(17, 13, 10, NULL, NULL),
(18, 13, 40, NULL, NULL),
(19, 14, 11, NULL, NULL),
(20, 14, 41, NULL, NULL),
(21, 15, 5, NULL, NULL),
(22, 15, 12, NULL, NULL),
(23, 16, 13, NULL, NULL),
(24, 16, 42, NULL, NULL),
(25, 17, 14, NULL, NULL),
(26, 17, 43, NULL, NULL),
(27, 18, 44, NULL, NULL),
(28, 19, 16, NULL, NULL),
(29, 20, 17, NULL, NULL),
(30, 21, 45, NULL, NULL),
(31, 22, 19, NULL, NULL),
(32, 23, 20, NULL, NULL),
(33, 24, 21, NULL, NULL),
(34, 25, 22, NULL, NULL),
(35, 26, 23, NULL, NULL),
(36, 27, 24, NULL, NULL),
(37, 28, 25, NULL, NULL),
(38, 29, 26, NULL, NULL),
(39, 30, 27, NULL, NULL),
(40, 31, 28, NULL, NULL),
(41, 32, 29, NULL, NULL),
(42, 33, 30, NULL, NULL),
(43, 34, 31, NULL, NULL),
(44, 35, 32, NULL, NULL),
(45, 36, 33, NULL, NULL),
(46, 41, 34, NULL, NULL),
(47, 42, 36, NULL, NULL),
(48, 43, 37, NULL, NULL);

-- --------------------------------------------------------

--
-- Table structure for table `failed_jobs`
--

CREATE TABLE `failed_jobs` (
  `id` bigint(20) UNSIGNED NOT NULL,
  `connection` text COLLATE utf8mb4_unicode_ci NOT NULL,
  `queue` text COLLATE utf8mb4_unicode_ci NOT NULL,
  `payload` longtext COLLATE utf8mb4_unicode_ci NOT NULL,
  `exception` longtext COLLATE utf8mb4_unicode_ci NOT NULL,
  `failed_at` timestamp NOT NULL DEFAULT current_timestamp()
) ENGINE=InnoDB DEFAULT CHARSET=utf8mb4 COLLATE=utf8mb4_unicode_ci;

-- --------------------------------------------------------

--
-- Table structure for table `likedsongs`
--

CREATE TABLE `likedsongs` (
  `id` bigint(20) UNSIGNED NOT NULL,
  `user_id` bigint(20) UNSIGNED NOT NULL,
  `song_id` int(10) UNSIGNED NOT NULL,
  `created_at` timestamp NULL DEFAULT NULL,
  `updated_at` timestamp NULL DEFAULT NULL
) ENGINE=InnoDB DEFAULT CHARSET=utf8mb4 COLLATE=utf8mb4_unicode_ci;

--
-- Dumping data for table `likedsongs`
--

INSERT INTO `likedsongs` (`id`, `user_id`, `song_id`, `created_at`, `updated_at`) VALUES
(28, 1, 10, NULL, NULL),
(29, 1, 42, NULL, NULL),
(31, 1, 29, NULL, NULL),
(32, 1, 33, NULL, NULL);

-- --------------------------------------------------------

--
-- Table structure for table `menus`
--

CREATE TABLE `menus` (
  `id` int(10) UNSIGNED NOT NULL,
  `name` varchar(255) COLLATE utf8mb4_unicode_ci NOT NULL,
  `created_at` timestamp NULL DEFAULT NULL,
  `updated_at` timestamp NULL DEFAULT NULL
) ENGINE=InnoDB DEFAULT CHARSET=utf8mb4 COLLATE=utf8mb4_unicode_ci;

--
-- Dumping data for table `menus`
--

INSERT INTO `menus` (`id`, `name`, `created_at`, `updated_at`) VALUES
(1, 'admin', '2020-07-23 19:21:54', '2020-07-23 19:21:54');

-- --------------------------------------------------------

--
-- Table structure for table `menu_items`
--

CREATE TABLE `menu_items` (
  `id` int(10) UNSIGNED NOT NULL,
  `menu_id` int(10) UNSIGNED DEFAULT NULL,
  `title` varchar(255) COLLATE utf8mb4_unicode_ci NOT NULL,
  `url` varchar(255) COLLATE utf8mb4_unicode_ci NOT NULL,
  `target` varchar(255) COLLATE utf8mb4_unicode_ci NOT NULL DEFAULT '_self',
  `icon_class` varchar(255) COLLATE utf8mb4_unicode_ci DEFAULT NULL,
  `color` varchar(255) COLLATE utf8mb4_unicode_ci DEFAULT NULL,
  `parent_id` int(11) DEFAULT NULL,
  `order` int(11) NOT NULL,
  `created_at` timestamp NULL DEFAULT NULL,
  `updated_at` timestamp NULL DEFAULT NULL,
  `route` varchar(255) COLLATE utf8mb4_unicode_ci DEFAULT NULL,
  `parameters` text COLLATE utf8mb4_unicode_ci DEFAULT NULL
) ENGINE=InnoDB DEFAULT CHARSET=utf8mb4 COLLATE=utf8mb4_unicode_ci;

--
-- Dumping data for table `menu_items`
--

INSERT INTO `menu_items` (`id`, `menu_id`, `title`, `url`, `target`, `icon_class`, `color`, `parent_id`, `order`, `created_at`, `updated_at`, `route`, `parameters`) VALUES
(1, 1, 'Dashboard', '', '_self', 'voyager-boat', NULL, NULL, 1, '2020-07-23 19:21:54', '2020-07-23 19:21:54', 'voyager.dashboard', NULL),
(2, 1, 'Media', '', '_self', 'voyager-images', NULL, NULL, 4, '2020-07-23 19:21:54', '2020-07-29 18:09:27', 'voyager.media.index', NULL),
(3, 1, 'Users', '', '_self', 'voyager-person', NULL, 17, 2, '2020-07-23 19:21:54', '2020-07-24 18:18:50', 'voyager.users.index', NULL),
(4, 1, 'Roles', '', '_self', 'voyager-lock', NULL, 17, 1, '2020-07-23 19:21:54', '2020-07-24 18:18:41', 'voyager.roles.index', NULL),
(5, 1, 'Tools', '', '_self', 'voyager-tools', NULL, NULL, 5, '2020-07-23 19:21:54', '2020-07-29 18:09:27', NULL, NULL),
(6, 1, 'Menu Builder', '', '_self', 'voyager-list', NULL, 5, 1, '2020-07-23 19:21:54', '2020-07-24 00:20:28', 'voyager.menus.index', NULL),
(7, 1, 'Database', '', '_self', 'voyager-data', NULL, 5, 2, '2020-07-23 19:21:54', '2020-07-24 00:20:28', 'voyager.database.index', NULL),
(8, 1, 'Compass', '', '_self', 'voyager-compass', NULL, 5, 3, '2020-07-23 19:21:54', '2020-07-24 00:20:28', 'voyager.compass.index', NULL),
(9, 1, 'BREAD', '', '_self', 'voyager-bread', NULL, 5, 4, '2020-07-23 19:21:54', '2020-07-24 00:20:28', 'voyager.bread.index', NULL),
(10, 1, 'Settings', '', '_self', 'voyager-settings', NULL, NULL, 6, '2020-07-23 19:21:54', '2020-07-29 18:09:27', 'voyager.settings.index', NULL),
(14, 1, 'Hooks', '', '_self', 'voyager-hook', NULL, 5, 5, '2020-07-23 19:21:54', '2020-07-24 00:20:28', 'voyager.hooks', NULL),
(17, 1, 'User Management', '', '_self', 'voyager-people', '#000000', NULL, 2, '2020-07-24 18:18:32', '2020-07-24 18:18:38', NULL, ''),
(18, 1, 'Data Management', '', '_self', 'voyager-data', '#000000', NULL, 3, '2020-07-24 18:20:11', '2020-07-24 18:20:19', NULL, ''),
(19, 1, 'Musicians', '', '_self', 'voyager-person', NULL, 18, 3, '2020-07-24 18:24:36', '2020-09-05 19:47:03', 'voyager.musicians.index', NULL),
(22, 1, 'Nations', '', '_self', 'voyager-rocket', NULL, 18, 1, '2020-07-24 19:44:52', '2020-08-11 18:12:54', 'voyager.nations.index', NULL),
(24, 1, 'Singers', '', '_self', 'voyager-person', '#000000', 18, 4, '2020-07-24 20:54:22', '2020-07-28 19:14:18', 'voyager.singers.index', 'null'),
(42, 1, 'Albums', '', '_self', 'voyager-categories', NULL, 18, 7, '2020-07-29 03:00:15', '2020-08-11 17:46:07', 'voyager.albums.index', NULL),
(44, 1, 'Playlists', '', '_self', 'voyager-list', NULL, 18, 8, '2020-07-29 03:22:08', '2020-09-05 19:47:03', 'voyager.playlists.index', NULL),
(45, 1, 'Detailplaylists', '', '_self', 'voyager-list', NULL, 18, 9, '2020-07-29 03:24:25', '2020-09-05 19:47:03', 'voyager.detailplaylists.index', NULL),
(47, 1, 'Comments', '', '_self', 'voyager-receipt', '#000000', 18, 10, '2020-07-29 18:08:39', '2020-09-05 19:47:03', 'voyager.comments.index', 'null'),
(55, 1, 'Detailsongs', '', '_self', 'voyager-music', NULL, 18, 6, '2020-08-11 17:27:41', '2020-08-11 17:46:07', 'voyager.detailsongs.index', NULL),
(56, 1, 'Songs', '', '_self', 'voyager-music', '#000000', 18, 5, '2020-08-11 17:33:10', '2020-08-11 17:38:30', 'voyager.songs.index', 'null'),
(57, 1, 'Categories', '', '_self', 'voyager-categories', '#000000', 18, 2, '2020-08-11 18:11:28', '2020-09-05 19:47:03', 'voyager.categories.index', 'null'),
(58, 1, 'Detailalbums', '', '_self', NULL, NULL, NULL, 7, '2020-08-17 00:50:12', '2020-08-17 00:50:12', 'voyager.detailalbums.index', NULL);

-- --------------------------------------------------------

--
-- Table structure for table `migrations`
--

CREATE TABLE `migrations` (
  `id` int(10) UNSIGNED NOT NULL,
  `migration` varchar(255) COLLATE utf8mb4_unicode_ci NOT NULL,
  `batch` int(11) NOT NULL
) ENGINE=InnoDB DEFAULT CHARSET=utf8mb4 COLLATE=utf8mb4_unicode_ci;

--
-- Dumping data for table `migrations`
--

INSERT INTO `migrations` (`id`, `migration`, `batch`) VALUES
(1, '2014_10_12_000000_create_users_table', 1),
(2, '2016_01_01_000000_add_voyager_user_fields', 1),
(3, '2016_01_01_000000_create_data_types_table', 1),
(4, '2016_05_19_173453_create_menu_table', 1),
(5, '2016_10_21_190000_create_roles_table', 1),
(6, '2016_10_21_190000_create_settings_table', 1),
(7, '2016_11_30_135954_create_permission_table', 1),
(8, '2016_11_30_141208_create_permission_role_table', 1),
(9, '2016_12_26_201236_data_types__add__server_side', 1),
(10, '2017_01_13_000000_add_route_to_menu_items_table', 1),
(11, '2017_01_14_005015_create_translations_table', 1),
(12, '2017_01_15_000000_make_table_name_nullable_in_permissions_table', 1),
(13, '2017_03_06_000000_add_controller_to_data_types_table', 1),
(14, '2017_04_21_000000_add_order_to_data_rows_table', 1),
(15, '2017_07_05_210000_add_policyname_to_data_types_table', 1),
(16, '2017_08_05_000000_add_group_to_settings_table', 1),
(17, '2017_11_26_013050_add_user_role_relationship', 1),
(18, '2017_11_26_015000_create_user_roles_table', 1),
(19, '2018_03_11_000000_add_user_settings', 1),
(20, '2018_03_14_000000_add_details_to_data_types_table', 1),
(21, '2018_03_16_000000_make_settings_value_nullable', 1),
(22, '2019_08_19_000000_create_failed_jobs_table', 1),
(23, '2016_01_01_000000_create_pages_table', 2),
(24, '2016_01_01_000000_create_posts_table', 2),
(25, '2016_02_15_204651_create_categories_table', 2),
(26, '2017_04_11_000000_alter_post_nullable_fields_table', 2),
(27, '2020_07_28_013452_create_song_singers_table', 3),
(28, '2020_07_28_020217_create_song_singer_table', 4),
(29, '2020_07_29_020620_create_songs_table', 5),
(30, '2020_07_29_021149_create_song_singer_table', 5),
(31, '2014_10_12_100000_create_password_resets_table', 6),
(32, '2020_07_29_081147_create_song_singer_table', 6),
(33, '2020_07_29_083430_create_albums_table', 7),
(34, '2020_07_29_085336_create_album_song_table', 7),
(35, '2020_07_29_091257_create_album_song_table', 8),
(36, '2020_07_29_091833_create_detailsongs_table', 9),
(37, '2020_07_29_093022_create_detailalbums_table', 10),
(38, '2020_07_29_093906_create_detailalbums_table', 11),
(39, '2020_07_29_095906_create_albums_table', 12),
(40, '2020_07_29_095925_create_detailalbums_table', 12),
(41, '2020_07_29_101406_create_playlists_table', 13),
(42, '2020_07_29_101426_create_detailplaylists_table', 13),
(43, '2020_07_29_102934_create_views_table', 14),
(44, '2020_07_30_010613_create_comments_table', 15),
(45, '2020_08_03_004445_create_subscribers_table', 16),
(46, '2020_08_31_012246_create_likedsongs_table', 17),
(47, '2020_08_31_071101_create_views_table', 18);

-- --------------------------------------------------------

--
-- Table structure for table `musicians`
--

CREATE TABLE `musicians` (
  `id` int(10) UNSIGNED NOT NULL,
  `name` varchar(255) COLLATE utf8mb4_unicode_ci DEFAULT NULL,
  `description` varchar(15000) COLLATE utf8mb4_unicode_ci DEFAULT NULL,
  `image` varchar(250) COLLATE utf8mb4_unicode_ci DEFAULT NULL,
  `created_at` timestamp NULL DEFAULT NULL,
  `updated_at` timestamp NULL DEFAULT NULL
) ENGINE=InnoDB DEFAULT CHARSET=utf8mb4 COLLATE=utf8mb4_unicode_ci;

--
-- Dumping data for table `musicians`
--

INSERT INTO `musicians` (`id`, `name`, `description`, `image`, `created_at`, `updated_at`) VALUES
(11, 'Jack', '<p style=\"margin: 0.5em 0px; color: #202122; font-family: sans-serif;\"><strong>Trịnh Trần Phương Tuấn</strong>&nbsp;(sinh ng&agrave;y&nbsp;<a style=\"text-decoration-line: none; color: #0b0080; background: none;\" title=\"12 th&aacute;ng 4\" href=\"https://vi.wikipedia.org/wiki/12_th%C3%A1ng_4\">12 th&aacute;ng 4</a>&nbsp;năm&nbsp;<a style=\"text-decoration-line: none; color: #0b0080; background: none;\" title=\"1997\" href=\"https://vi.wikipedia.org/wiki/1997\">1997</a>), thường được biết đến với nghệ danh&nbsp;<strong>Jack</strong>&nbsp;hay&nbsp;<strong>J97</strong>, l&agrave; một nam&nbsp;<a style=\"text-decoration-line: none; color: #0b0080; background: none;\" title=\"Ca sĩ\" href=\"https://vi.wikipedia.org/wiki/Ca_s%C4%A9\">ca sĩ</a>,&nbsp;<a style=\"text-decoration-line: none; color: #0b0080; background: none;\" title=\"Nhạc sĩ\" href=\"https://vi.wikipedia.org/wiki/Nh%E1%BA%A1c_s%C4%A9\">nhạc sĩ</a>,&nbsp;<a class=\"mw-redirect\" style=\"text-decoration-line: none; color: #0b0080; background: none;\" title=\"Rapper\" href=\"https://vi.wikipedia.org/wiki/Rapper\">rapper</a>&nbsp;<a class=\"mw-redirect mw-disambig\" style=\"text-decoration-line: none; color: #0b0080; background: none;\" title=\"Người Việt Nam\" href=\"https://vi.wikipedia.org/wiki/Ng%C6%B0%E1%BB%9Di_Vi%E1%BB%87t_Nam\">người Việt Nam</a>.</p>\r\n<p style=\"margin: 0.5em 0px; color: #202122; font-family: sans-serif;\">Jack bắt đầu nổi tiếng khi hoạt động trong nh&oacute;m G5R v&agrave; ph&aacute;t h&agrave;nh b&agrave;i h&aacute;t \"Hồng nhan\". Trong suốt sự nghiệp của m&igrave;nh, anh đ&atilde; nhận được ba giải thưởng tại giải&nbsp;<a style=\"text-decoration-line: none; color: #0b0080; background: none;\" title=\"L&agrave;n S&oacute;ng Xanh\" href=\"https://vi.wikipedia.org/wiki/L%C3%A0n_S%C3%B3ng_Xanh\">L&agrave;n S&oacute;ng Xanh</a>&nbsp;v&agrave; hai giải thưởng tại&nbsp;<a style=\"text-decoration-line: none; color: #0b0080; background: none;\" title=\"Zing Music Awards\" href=\"https://vi.wikipedia.org/wiki/Zing_Music_Awards\">Zing Music Awards</a>. Ngo&agrave;i ra, anh c&ograve;n được trao giải thưởng&nbsp;<em>Nghệ sĩ Ch&acirc;u &Aacute; mới xuất sắc tại Việt Nam</em>&nbsp;ở lễ trao giải&nbsp;<a class=\"mw-redirect\" style=\"text-decoration-line: none; color: #0b0080; background: none;\" title=\"Mnet Asian Music Awards\" href=\"https://vi.wikipedia.org/wiki/Mnet_Asian_Music_Awards\">Mnet Asian Music Awards</a>&nbsp;2019.</p>', 'musicians\\August2020\\24MuFlKCBcVLzbKffWV6.jpg', '2020-08-11 18:50:00', '2020-08-11 20:07:11'),
(12, 'Trịnh Thăng Bình', '<p><strong style=\"color: #202122; font-family: sans-serif;\">Trịnh Thăng B&igrave;nh</strong><span style=\"color: #202122; font-family: sans-serif;\">&nbsp;(sinh ng&agrave;y&nbsp;</span><a style=\"text-decoration-line: none; color: #0b0080; background-image: none; background-position: initial; background-size: initial; background-repeat: initial; background-attachment: initial; background-origin: initial; background-clip: initial; font-family: sans-serif;\" title=\"\" href=\"https://vi.wikipedia.org/wiki/30_th%C3%A1ng_4\">30 th&aacute;ng 4</a><span style=\"color: #202122; font-family: sans-serif;\">&nbsp;năm&nbsp;</span><a style=\"text-decoration-line: none; color: #0b0080; background-image: none; background-position: initial; background-size: initial; background-repeat: initial; background-attachment: initial; background-origin: initial; background-clip: initial; font-family: sans-serif;\" title=\"1988\" href=\"https://vi.wikipedia.org/wiki/1988\">1988</a><span style=\"color: #202122; font-family: sans-serif;\">&nbsp;tại&nbsp;</span><a style=\"text-decoration-line: none; color: #0b0080; background-image: none; background-position: initial; background-size: initial; background-repeat: initial; background-attachment: initial; background-origin: initial; background-clip: initial; font-family: sans-serif;\" title=\"Th&agrave;nh phố Hồ Ch&iacute; Minh\" href=\"https://vi.wikipedia.org/wiki/Th%C3%A0nh_ph%E1%BB%91_H%E1%BB%93_Ch%C3%AD_Minh\">Th&agrave;nh phố Hồ Ch&iacute; Minh</a><span style=\"color: #202122; font-family: sans-serif;\">) l&agrave; một&nbsp;</span><a style=\"text-decoration-line: none; color: #0b0080; background-image: none; background-position: initial; background-size: initial; background-repeat: initial; background-attachment: initial; background-origin: initial; background-clip: initial; font-family: sans-serif;\" title=\"Ca sĩ\" href=\"https://vi.wikipedia.org/wiki/Ca_s%C4%A9\">ca sĩ</a><span style=\"color: #202122; font-family: sans-serif;\">,&nbsp;</span><a style=\"text-decoration-line: none; color: #0b0080; background-image: none; background-position: initial; background-size: initial; background-repeat: initial; background-attachment: initial; background-origin: initial; background-clip: initial; font-family: sans-serif;\" title=\"Nhạc sĩ\" href=\"https://vi.wikipedia.org/wiki/Nh%E1%BA%A1c_s%C4%A9\">nhạc sĩ</a><span style=\"color: #202122; font-family: sans-serif;\">,&nbsp;</span><a style=\"text-decoration-line: none; color: #0b0080; background-image: none; background-position: initial; background-size: initial; background-repeat: initial; background-attachment: initial; background-origin: initial; background-clip: initial; font-family: sans-serif;\" title=\"Diễn vi&ecirc;n\" href=\"https://vi.wikipedia.org/wiki/Di%E1%BB%85n_vi%C3%AAn\">diễn vi&ecirc;n</a><span style=\"color: #202122; font-family: sans-serif;\">&nbsp;v&agrave;&nbsp;</span><a class=\"mw-redirect\" style=\"text-decoration-line: none; color: #0b0080; background-image: none; background-position: initial; background-size: initial; background-repeat: initial; background-attachment: initial; background-origin: initial; background-clip: initial; font-family: sans-serif;\" title=\"Nh&agrave; sản xuất &acirc;m nhạc\" href=\"https://vi.wikipedia.org/wiki/Nh%C3%A0_s%E1%BA%A3n_xu%E1%BA%A5t_%C3%A2m_nh%E1%BA%A1c\">nh&agrave; sản xuất &acirc;m nhạc</a><span style=\"color: #202122; font-family: sans-serif;\">&nbsp;người&nbsp;</span><a style=\"text-decoration-line: none; color: #0b0080; background-image: none; background-position: initial; background-size: initial; background-repeat: initial; background-attachment: initial; background-origin: initial; background-clip: initial; font-family: sans-serif;\" title=\"Việt Nam\" href=\"https://vi.wikipedia.org/wiki/Vi%E1%BB%87t_Nam\">Việt Nam</a><span style=\"color: #202122; font-family: sans-serif;\">.</span></p>', 'musicians\\August2020\\IIMhcWXEvT4krUPsu2qu.jpg', '2020-08-11 18:51:34', '2020-08-11 18:51:34'),
(13, 'Mr. Siro', '<p><strong style=\"color: #202122; font-family: sans-serif;\">Mr. Siro</strong><span style=\"color: #202122; font-family: sans-serif;\">, t&ecirc;n thật l&agrave; Vương Quốc Tu&acirc;n, sinh ng&agrave;y 18 th&aacute;ng 11 năm 1982 tại&nbsp;</span><a style=\"text-decoration-line: none; color: #0b0080; background-image: none; background-position: initial; background-size: initial; background-repeat: initial; background-attachment: initial; background-origin: initial; background-clip: initial; font-family: sans-serif;\" title=\"Th&agrave;nh phố Hồ Ch&iacute; Minh\" href=\"https://vi.wikipedia.org/wiki/Th%C3%A0nh_ph%E1%BB%91_H%E1%BB%93_Ch%C3%AD_Minh\">Th&agrave;nh phố Hồ Ch&iacute; Minh</a><span style=\"color: #202122; font-family: sans-serif;\">,</span><sup id=\"cite_ref-1\" class=\"reference\" style=\"line-height: 1em; font-size: 11.2px; white-space: nowrap; unicode-bidi: isolate; color: #202122; font-family: sans-serif;\"></sup><span style=\"color: #202122; font-family: sans-serif;\">&nbsp;Mr.Siro l&agrave; 1 nghệ sĩ kh&aacute;c biệt trong l&agrave;ng nhạc Việt, anh c&oacute; thể vừa thể hiện th&agrave;nh c&ocirc;ng những ca kh&uacute;c của m&igrave;nh vừa s&aacute;ng t&aacute;c những t&aacute;c phẩm th&agrave;nh c&ocirc;ng cho nhiều ca sỹ kh&aacute;c. Chưa hết, với những bản h&iacute;t l&agrave; những bản t&igrave;nh ca s&acirc;u lắng buồn được thể hiện với chất giọng v&ocirc; c&ugrave;ng ấp &aacute;p v&agrave; cảm x&uacute;c chạm đến tim đ&atilde; khiến những t&aacute;c phẩm của Mr.Siro chạm đến tận tr&aacute;i tim những người y&ecirc;u &acirc;m nhạc. Cũng ch&iacute;nh v&igrave; thế nam nhạc sĩ, ca sĩ Mr.Siro đ&atilde; c&oacute; được 1 fan h&acirc;m mộ (FC Mr. Siro hay c&ograve;n gọi l&agrave; SIROCON) v&ocirc; c&ugrave;ng đ&ocirc;ng đảo.</span></p>', 'musicians\\August2020\\aJPQhCu7uCzg97dFxPyN.jpg', '2020-08-11 18:53:55', '2020-08-11 18:53:55'),
(14, 'Trịnh Công Sơn', '<p><strong style=\"color: #202122; font-family: sans-serif;\">Trịnh C&ocirc;ng Sơn</strong><span style=\"color: #202122; font-family: sans-serif;\">&nbsp;(</span><a style=\"text-decoration-line: none; color: #0b0080; background-image: none; background-position: initial; background-size: initial; background-repeat: initial; background-attachment: initial; background-origin: initial; background-clip: initial; font-family: sans-serif;\" title=\"28 th&aacute;ng 2\" href=\"https://vi.wikipedia.org/wiki/28_th%C3%A1ng_2\">28 th&aacute;ng 2</a><span style=\"color: #202122; font-family: sans-serif;\">&nbsp;năm&nbsp;</span><a style=\"text-decoration-line: none; color: #0b0080; background-image: none; background-position: initial; background-size: initial; background-repeat: initial; background-attachment: initial; background-origin: initial; background-clip: initial; font-family: sans-serif;\" title=\"1939\" href=\"https://vi.wikipedia.org/wiki/1939\">1939</a><span style=\"color: #202122; font-family: sans-serif;\">&nbsp;&ndash;&nbsp;</span><a style=\"text-decoration-line: none; color: #0b0080; background-image: none; background-position: initial; background-size: initial; background-repeat: initial; background-attachment: initial; background-origin: initial; background-clip: initial; font-family: sans-serif;\" title=\"1 th&aacute;ng 4\" href=\"https://vi.wikipedia.org/wiki/1_th%C3%A1ng_4\">1 th&aacute;ng 4</a><span style=\"color: #202122; font-family: sans-serif;\">&nbsp;năm&nbsp;</span><a style=\"text-decoration-line: none; color: #0b0080; background-image: none; background-position: initial; background-size: initial; background-repeat: initial; background-attachment: initial; background-origin: initial; background-clip: initial; font-family: sans-serif;\" title=\"2001\" href=\"https://vi.wikipedia.org/wiki/2001\">2001</a><span style=\"color: #202122; font-family: sans-serif;\">) l&agrave; một nhạc sĩ người Việt Nam. &Ocirc;ng được coi l&agrave; một trong những&nbsp;</span><a style=\"text-decoration-line: none; color: #0b0080; background-image: none; background-position: initial; background-size: initial; background-repeat: initial; background-attachment: initial; background-origin: initial; background-clip: initial; font-family: sans-serif;\" title=\"Nhạc sĩ\" href=\"https://vi.wikipedia.org/wiki/Nh%E1%BA%A1c_s%C4%A9\">nhạc sĩ</a><span style=\"color: #202122; font-family: sans-serif;\">&nbsp;lớn của &acirc;m nhạc đại ch&uacute;ng,&nbsp;</span><a style=\"text-decoration-line: none; color: #0b0080; background-image: none; background-position: initial; background-size: initial; background-repeat: initial; background-attachment: initial; background-origin: initial; background-clip: initial; font-family: sans-serif;\" title=\"T&acirc;n nhạc Việt Nam\" href=\"https://vi.wikipedia.org/wiki/T%C3%A2n_nh%E1%BA%A1c_Vi%E1%BB%87t_Nam\">T&acirc;n nhạc Việt Nam</a><span style=\"color: #202122; font-family: sans-serif;\">&nbsp;với nhiều t&aacute;c phẩm rất phổ biến. Hiện nay chưa c&oacute; thống k&ecirc; ch&iacute;nh x&aacute;c về số t&aacute;c phẩm để lại của &ocirc;ng (ước đo&aacute;n con số kh&ocirc;ng dưới 600 ca kh&uacute;c).</span><sup id=\"cite_ref-bm116_2-0\" class=\"reference\" style=\"line-height: 1em; font-size: 11.2px; white-space: nowrap; unicode-bidi: isolate; color: #202122; font-family: sans-serif;\"><a style=\"text-decoration-line: none; color: #0b0080; background: none;\" href=\"https://vi.wikipedia.org/wiki/Tr%E1%BB%8Bnh_C%C3%B4ng_S%C6%A1n#cite_note-bm116-2\">[2]</a></sup><span style=\"color: #202122; font-family: sans-serif;\">&nbsp;Tuy nhi&ecirc;n số ca kh&uacute;c của &ocirc;ng được biết đến rộng r&atilde;i l&agrave; 236 ca kh&uacute;c (cả lời v&agrave; nhạc). Nhạc của Trịnh C&ocirc;ng Sơn được nhiều ca sĩ thể hiện, nhưng th&agrave;nh c&ocirc;ng hơn cả l&agrave;&nbsp;</span><a style=\"text-decoration-line: none; color: #0b0080; background-image: none; background-position: initial; background-size: initial; background-repeat: initial; background-attachment: initial; background-origin: initial; background-clip: initial; font-family: sans-serif;\" title=\"Kh&aacute;nh Ly\" href=\"https://vi.wikipedia.org/wiki/Kh%C3%A1nh_Ly\">Kh&aacute;nh Ly</a><span style=\"color: #202122; font-family: sans-serif;\">&nbsp;v&agrave;&nbsp;</span><a style=\"text-decoration-line: none; color: #0b0080; background-image: none; background-position: initial; background-size: initial; background-repeat: initial; background-attachment: initial; background-origin: initial; background-clip: initial; font-family: sans-serif;\" title=\"Hồng Nhung\" href=\"https://vi.wikipedia.org/wiki/H%E1%BB%93ng_Nhung\">Hồng Nhung</a><span style=\"color: #202122; font-family: sans-serif;\">. Ngo&agrave;i ra, &ocirc;ng c&ograve;n được xem l&agrave; một&nbsp;</span><a style=\"text-decoration-line: none; color: #0b0080; background-image: none; background-position: initial; background-size: initial; background-repeat: initial; background-attachment: initial; background-origin: initial; background-clip: initial; font-family: sans-serif;\" title=\"Nh&agrave; thơ\" href=\"https://vi.wikipedia.org/wiki/Nh%C3%A0_th%C6%A1\">nh&agrave; thơ</a><span style=\"color: #202122; font-family: sans-serif;\">, một&nbsp;</span><a style=\"text-decoration-line: none; color: #0b0080; background-image: none; background-position: initial; background-size: initial; background-repeat: initial; background-attachment: initial; background-origin: initial; background-clip: initial; font-family: sans-serif;\" title=\"Họa sĩ\" href=\"https://vi.wikipedia.org/wiki/H%E1%BB%8Da_s%C4%A9\">họa sĩ</a><span style=\"color: #202122; font-family: sans-serif;\">, một&nbsp;</span><a style=\"text-decoration-line: none; color: #0b0080; background-image: none; background-position: initial; background-size: initial; background-repeat: initial; background-attachment: initial; background-origin: initial; background-clip: initial; font-family: sans-serif;\" title=\"Ca sĩ\" href=\"https://vi.wikipedia.org/wiki/Ca_s%C4%A9\">ca sĩ</a><span style=\"color: #202122; font-family: sans-serif;\">&nbsp;v&agrave; một&nbsp;</span><a style=\"text-decoration-line: none; color: #0b0080; background-image: none; background-position: initial; background-size: initial; background-repeat: initial; background-attachment: initial; background-origin: initial; background-clip: initial; font-family: sans-serif;\" title=\"Diễn vi&ecirc;n\" href=\"https://vi.wikipedia.org/wiki/Di%E1%BB%85n_vi%C3%AAn\">diễn vi&ecirc;n</a><span style=\"color: #202122; font-family: sans-serif;\">&nbsp;kh&ocirc;ng chuy&ecirc;n.</span></p>', 'musicians\\August2020\\IA7Zy5oGlBbi3VREnE4I.jpg', '2020-08-11 18:57:29', '2020-08-11 18:57:29'),
(15, 'Sơn Tùng M-TP', '<p><strong style=\"color: #202122; font-family: sans-serif;\">Nguyễn Thanh T&ugrave;ng</strong><span style=\"color: #202122; font-family: sans-serif;\">&nbsp;(sinh ng&agrave;y 5 th&aacute;ng 7 năm 1994), thường được biết đến với&nbsp;</span><a style=\"text-decoration-line: none; color: #0b0080; background-image: none; background-position: initial; background-size: initial; background-repeat: initial; background-attachment: initial; background-origin: initial; background-clip: initial; font-family: sans-serif;\" title=\"Nghệ danh\" href=\"https://vi.wikipedia.org/wiki/Ngh%E1%BB%87_danh\">nghệ danh</a><span style=\"color: #202122; font-family: sans-serif;\">&nbsp;</span><strong style=\"color: #202122; font-family: sans-serif;\">Sơn T&ugrave;ng M-TP</strong><span style=\"color: #202122; font-family: sans-serif;\">, l&agrave; một nam&nbsp;</span><a style=\"text-decoration-line: none; color: #0b0080; background-image: none; background-position: initial; background-size: initial; background-repeat: initial; background-attachment: initial; background-origin: initial; background-clip: initial; font-family: sans-serif;\" title=\"Ca sĩ\" href=\"https://vi.wikipedia.org/wiki/Ca_s%C4%A9\">ca sĩ</a><span style=\"color: #202122; font-family: sans-serif;\">,&nbsp;</span><a style=\"text-decoration-line: none; color: #0b0080; background-image: none; background-position: initial; background-size: initial; background-repeat: initial; background-attachment: initial; background-origin: initial; background-clip: initial; font-family: sans-serif;\" title=\"Nhạc sĩ\" href=\"https://vi.wikipedia.org/wiki/Nh%E1%BA%A1c_s%C4%A9\">nhạc sĩ</a><span style=\"color: #202122; font-family: sans-serif;\">&nbsp;v&agrave;&nbsp;</span><a style=\"text-decoration-line: none; color: #0b0080; background-image: none; background-position: initial; background-size: initial; background-repeat: initial; background-attachment: initial; background-origin: initial; background-clip: initial; font-family: sans-serif;\" title=\"Diễn vi&ecirc;n\" href=\"https://vi.wikipedia.org/wiki/Di%E1%BB%85n_vi%C3%AAn\">diễn vi&ecirc;n</a><span style=\"color: #202122; font-family: sans-serif;\">&nbsp;người&nbsp;</span><a style=\"text-decoration-line: none; color: #0b0080; background-image: none; background-position: initial; background-size: initial; background-repeat: initial; background-attachment: initial; background-origin: initial; background-clip: initial; font-family: sans-serif;\" title=\"Việt Nam\" href=\"https://vi.wikipedia.org/wiki/Vi%E1%BB%87t_Nam\">Việt Nam</a><span style=\"color: #202122; font-family: sans-serif;\">.</span></p>', 'musicians\\August2020\\GGMpfa4jMZDezimsr84q.jpg', '2020-08-11 19:00:35', '2020-08-11 19:00:35'),
(16, 'Khắc Hưng', '<p><strong style=\"color: #202122; font-family: sans-serif;\">Khắc Hưng</strong><span style=\"color: #202122; font-family: sans-serif;\">&nbsp;t&ecirc;n đầy đủ l&agrave;&nbsp;</span><strong style=\"color: #202122; font-family: sans-serif;\">Nguyễn Khắc Hưng</strong><span style=\"color: #202122; font-family: sans-serif;\">, c&ograve;n c&oacute; nghệ danh&nbsp;</span><strong style=\"color: #202122; font-family: sans-serif;\">KH&Ugrave;NG</strong><span style=\"color: #202122; font-family: sans-serif;\">&nbsp;(sinh ng&agrave;y&nbsp;</span><a style=\"text-decoration-line: none; color: #0b0080; background-image: none; background-position: initial; background-size: initial; background-repeat: initial; background-attachment: initial; background-origin: initial; background-clip: initial; font-family: sans-serif;\" title=\"12 th&aacute;ng 12\" href=\"https://vi.wikipedia.org/wiki/12_th%C3%A1ng_12\">12 th&aacute;ng 12</a><span style=\"color: #202122; font-family: sans-serif;\">&nbsp;năm&nbsp;</span><a style=\"text-decoration-line: none; color: #0b0080; background-image: none; background-position: initial; background-size: initial; background-repeat: initial; background-attachment: initial; background-origin: initial; background-clip: initial; font-family: sans-serif;\" title=\"1992\" href=\"https://vi.wikipedia.org/wiki/1992\">1992</a><span style=\"color: #202122; font-family: sans-serif;\">&nbsp;tại&nbsp;</span><a style=\"text-decoration-line: none; color: #0b0080; background-image: none; background-position: initial; background-size: initial; background-repeat: initial; background-attachment: initial; background-origin: initial; background-clip: initial; font-family: sans-serif;\" title=\"Y&ecirc;n B&aacute;i\" href=\"https://vi.wikipedia.org/wiki/Y%C3%AAn_B%C3%A1i\">Y&ecirc;n B&aacute;i</a><span style=\"color: #202122; font-family: sans-serif;\">) l&agrave; một&nbsp;</span><a class=\"mw-redirect\" style=\"text-decoration-line: none; color: #0b0080; background-image: none; background-position: initial; background-size: initial; background-repeat: initial; background-attachment: initial; background-origin: initial; background-clip: initial; font-family: sans-serif;\" title=\"Nh&agrave; sản xuất &acirc;m nhạc\" href=\"https://vi.wikipedia.org/wiki/Nh%C3%A0_s%E1%BA%A3n_xu%E1%BA%A5t_%C3%A2m_nh%E1%BA%A1c\">nh&agrave; sản xuất &acirc;m nhạc</a><span style=\"color: #202122; font-family: sans-serif;\">,&nbsp;</span><a style=\"text-decoration-line: none; color: #0b0080; background-image: none; background-position: initial; background-size: initial; background-repeat: initial; background-attachment: initial; background-origin: initial; background-clip: initial; font-family: sans-serif;\" title=\"Nhạc sĩ\" href=\"https://vi.wikipedia.org/wiki/Nh%E1%BA%A1c_s%C4%A9\">nhạc sĩ</a><span style=\"color: #202122; font-family: sans-serif;\">,&nbsp;</span><a style=\"text-decoration-line: none; color: #0b0080; background-image: none; background-position: initial; background-size: initial; background-repeat: initial; background-attachment: initial; background-origin: initial; background-clip: initial; font-family: sans-serif;\" title=\"Ca sĩ\" href=\"https://vi.wikipedia.org/wiki/Ca_s%C4%A9\">ca sĩ</a><span style=\"color: #202122; font-family: sans-serif;\">&nbsp;người&nbsp;</span><a style=\"text-decoration-line: none; color: #0b0080; background-image: none; background-position: initial; background-size: initial; background-repeat: initial; background-attachment: initial; background-origin: initial; background-clip: initial; font-family: sans-serif;\" title=\"Việt Nam\" href=\"https://vi.wikipedia.org/wiki/Vi%E1%BB%87t_Nam\">Việt Nam</a><span style=\"color: #202122; font-family: sans-serif;\">. Ngo&agrave;i ra, anh c&ograve;n l&agrave; nghệ sĩ đ&atilde; gi&agrave;nh được 5 đề cử v&agrave; 2&nbsp;</span><a style=\"text-decoration-line: none; color: #0b0080; background-image: none; background-position: initial; background-size: initial; background-repeat: initial; background-attachment: initial; background-origin: initial; background-clip: initial; font-family: sans-serif;\" title=\"Giải thưởng &Acirc;m nhạc Cống hiến\" href=\"https://vi.wikipedia.org/wiki/Gi%E1%BA%A3i_th%C6%B0%E1%BB%9Fng_%C3%82m_nh%E1%BA%A1c_C%E1%BB%91ng_hi%E1%BA%BFn\">giải Cống hiến</a><span style=\"color: #202122; font-family: sans-serif;\">.</span></p>\r\n<div id=\"gtx-trans\" style=\"position: absolute; left: -3px; top: 32px;\">\r\n<div class=\"gtx-trans-icon\">&nbsp;</div>\r\n</div>', 'musicians\\August2020\\23Cz6Z6CqTvKpsAUdbF7.jpg', '2020-08-11 19:02:22', '2020-08-11 19:02:22'),
(17, 'Nguyễn Đình Vũ', '<p style=\"box-sizing: border-box; margin-top: 0px; margin-bottom: 1rem; color: #212529; font-family: -apple-system, BlinkMacSystemFont, \'Segoe UI\', Roboto, \'Helvetica Neue\', Arial, \'Noto Sans\', sans-serif, \'Apple Color Emoji\', \'Segoe UI Emoji\', \'Segoe UI Symbol\', \'Noto Color Emoji\'; font-size: 19.2px;\">Nguyễn Đ&igrave;nh Vũ sinh ng&agrave;y 17-3-1991 tại Th&agrave;nh phố Hồ Ch&iacute; Minh, nước Việt Nam. Nguyễn Đ&igrave;nh Vũ l&agrave; một ca sĩ h&aacute;t nhạc trẻ rất th&agrave;nh c&ocirc;ng của Việt Nam được nhiều kh&aacute;n giả biết đến v&agrave; y&ecirc;u mến.</p>\r\n<p><span style=\"color: #212529; font-family: -apple-system, BlinkMacSystemFont, \'Segoe UI\', Roboto, \'Helvetica Neue\', Arial, \'Noto Sans\', sans-serif, \'Apple Color Emoji\', \'Segoe UI Emoji\', \'Segoe UI Symbol\', \'Noto Color Emoji\'; font-size: 19.2px;\">Nguyễn Đ&igrave;nh Vũ sở hữu giọng h&aacute;t truyền cảm, nội lực v&agrave; đặc biệt với c&aacute; t&iacute;nh kh&ocirc;ng thể lẫn v&agrave;o đ&acirc;u. Bắt đầu từ thời điểm n&agrave;y, Đ&igrave;nh Vũ được người h&acirc;m mộ gọi l&agrave; &ldquo;Th&aacute;nh live&rdquo; khi h&agrave;ng loạt c&aacute;c clip h&aacute;t live của anh đều được y&ecirc;u th&iacute;ch, chia sẻ với tốc độ&rdquo; ch&oacute;ng mặt&rdquo;.</span></p>', 'musicians\\August2020\\uFDaP0xEQijHCiXTdLEi.jpg', '2020-08-11 19:03:57', '2020-08-11 19:03:57'),
(18, 'Đạt G', '<p><span style=\"color: #2e3338; font-family: Whitney, \'Helvetica Neue\', Helvetica, Arial, sans-serif; font-size: 16px; white-space: break-spaces;\"><strong>Đạt G</strong> l&agrave; một ca sĩ, rapper m&ecirc; nhạc c&oacute; khả năng s&aacute;ng t&aacute;c v&agrave; h&aacute;t live. Hiện Đạt đang l&agrave; th&agrave;nh vi&ecirc;n của Vietcover Squad team. Anh nổi l&ecirc;n nhờ hit Điều kh&aacute;c lạ (ft Haleyy) được Masew remix. D&ograve;ng nhạc <strong>Đạt G</strong> theo đuổi l&agrave; RnB/ Pop / EDM v&agrave; Hip-hop rap.Anh c&ugrave;ng rapper Bray v&agrave; nh&agrave; sản xuất &acirc;m nhạc Masew th&agrave;nh lập nh&oacute;m nhạc ba chấm v&agrave;o cuối năm 2017 sau khi cả ba c&ugrave;ng tr&atilde;i qua nhiều chuyện phiền phức d&iacute;nh đến ch&iacute;nh quyền sau show Điện tử thẻ v&agrave; truyện tranh của B Ray.</span></p>', 'musicians\\August2020\\0mupndI39C3UQSiztqT0.jpg', '2020-08-11 19:07:55', '2020-08-11 19:07:55'),
(19, 'Binz', '<p><span style=\"color: #2e3338; font-family: Whitney, \'Helvetica Neue\', Helvetica, Arial, sans-serif; font-size: 16px; white-space: break-spaces; background-color: rgba(6, 6, 7, 0.02);\"><strong>Binz</strong> t&ecirc;n thật L&ecirc; Nguyễn Trung Đan (sinh ng&agrave;y 24 th&aacute;ng 5 năm 1988 tại Tỉnh Gia Lai, Việt Nam). Anh sống v&agrave; l&agrave;m việc chủ yếu ở Th&agrave;nh phố Abilene, bang Texas- Hoa Kỳ. Anh sinh thuộc cung Song Tử, cầm tinh con (gi&aacute;p) rồng (Mậu Th&igrave;n 1988). Binz xếp hạng nổi tiếng thứ 560 tr&ecirc;n thế giới v&agrave; thứ 118 trong danh s&aacute;ch ca sĩ nổi tiếng.</span></p>', 'musicians\\August2020\\zQchQ3OqMLBNk89Ox5zQ.jpg', '2020-08-11 19:08:54', '2020-08-11 19:08:54'),
(20, 'Phan Mạnh Quỳnh', '<p><strong style=\"color: #202122; font-family: sans-serif;\">Phan Mạnh Quỳnh</strong><span style=\"color: #202122; font-family: sans-serif;\">&nbsp;(sinh ng&agrave;y&nbsp;</span><a style=\"text-decoration-line: none; color: #0b0080; background-image: none; background-position: initial; background-size: initial; background-repeat: initial; background-attachment: initial; background-origin: initial; background-clip: initial; font-family: sans-serif;\" title=\"10 th&aacute;ng 1\" href=\"https://vi.wikipedia.org/wiki/10_th%C3%A1ng_1\">10 th&aacute;ng 1</a><span style=\"color: #202122; font-family: sans-serif;\">&nbsp;năm&nbsp;</span><a style=\"text-decoration-line: none; color: #0b0080; background-image: none; background-position: initial; background-size: initial; background-repeat: initial; background-attachment: initial; background-origin: initial; background-clip: initial; font-family: sans-serif;\" title=\"1990\" href=\"https://vi.wikipedia.org/wiki/1990\">1990</a><span style=\"color: #202122; font-family: sans-serif;\">) l&agrave; một&nbsp;</span><a style=\"text-decoration-line: none; color: #0b0080; background-image: none; background-position: initial; background-size: initial; background-repeat: initial; background-attachment: initial; background-origin: initial; background-clip: initial; font-family: sans-serif;\" title=\"Ca sĩ ki&ecirc;m s&aacute;ng t&aacute;c nhạc\" href=\"https://vi.wikipedia.org/wiki/Ca_s%C4%A9_ki%C3%AAm_s%C3%A1ng_t%C3%A1c_nh%E1%BA%A1c\">ca sĩ ki&ecirc;m nhạc sĩ</a><span style=\"color: #202122; font-family: sans-serif;\">&nbsp;của Việt Nam.</span><sup id=\"cite_ref-1\" class=\"reference\" style=\"line-height: 1em; font-size: 11.2px; white-space: nowrap; unicode-bidi: isolate; color: #202122; font-family: sans-serif;\"></sup><span style=\"color: #202122; font-family: sans-serif;\">&nbsp;Anh gi&agrave;nh được một đề cử&nbsp;</span><a style=\"text-decoration-line: none; color: #0b0080; background-image: none; background-position: initial; background-size: initial; background-repeat: initial; background-attachment: initial; background-origin: initial; background-clip: initial; font-family: sans-serif;\" title=\"Giải thưởng &Acirc;m nhạc Cống hiến\" href=\"https://vi.wikipedia.org/wiki/Gi%E1%BA%A3i_th%C6%B0%E1%BB%9Fng_%C3%82m_nh%E1%BA%A1c_C%E1%BB%91ng_hi%E1%BA%BFn\">Cống hiến</a><span style=\"color: #202122; font-family: sans-serif;\">&nbsp;cho b&agrave;i \"Huyền thoại\" năm 2019.</span><sup id=\"cite_ref-tintucvietnam.vn_2-0\" class=\"reference\" style=\"line-height: 1em; font-size: 11.2px; white-space: nowrap; unicode-bidi: isolate; color: #202122; font-family: sans-serif;\"></sup><span style=\"color: #202122; font-family: sans-serif;\">&nbsp;V&agrave;o đầu năm&nbsp;</span><a style=\"text-decoration-line: none; color: #0b0080; background-image: none; background-position: initial; background-size: initial; background-repeat: initial; background-attachment: initial; background-origin: initial; background-clip: initial; font-family: sans-serif;\" title=\"2020\" href=\"https://vi.wikipedia.org/wiki/2020\">2020</a><span style=\"color: #202122; font-family: sans-serif;\">, anh nhận được 2 giải thưởng&nbsp;</span><a style=\"text-decoration-line: none; color: #0b0080; background-image: none; background-position: initial; background-size: initial; background-repeat: initial; background-attachment: initial; background-origin: initial; background-clip: initial; font-family: sans-serif;\" title=\"\" href=\"https://vi.wikipedia.org/wiki/L%C3%A0n_S%C3%B3ng_Xanh\">L&agrave;n S&oacute;ng Xanh</a><span style=\"color: #202122; font-family: sans-serif;\">&nbsp;</span><a style=\"text-decoration-line: none; color: #0b0080; background-image: none; background-position: initial; background-size: initial; background-repeat: initial; background-attachment: initial; background-origin: initial; background-clip: initial; font-family: sans-serif;\" title=\"2019\" href=\"https://vi.wikipedia.org/wiki/2019\">2019</a><span style=\"color: #202122; font-family: sans-serif;\">&nbsp;tại c&aacute;c hạng mục \"Ca kh&uacute;c Nhạc phim được y&ecirc;u th&iacute;ch nhất\" v&agrave; \"Top 10 Ca kh&uacute;c được y&ecirc;u th&iacute;ch nhất\" với s&aacute;ng t&aacute;c \"C&oacute; ch&agrave;ng trai viết l&ecirc;n c&acirc;y\". Th&aacute;ng 3 năm&nbsp;</span><a style=\"text-decoration-line: none; color: #0b0080; background-image: none; background-position: initial; background-size: initial; background-repeat: initial; background-attachment: initial; background-origin: initial; background-clip: initial; font-family: sans-serif;\" title=\"2020\" href=\"https://vi.wikipedia.org/wiki/2020\">2020</a><span style=\"color: #202122; font-family: sans-serif;\">, anh nhận được giải thưởng&nbsp;</span><a style=\"text-decoration-line: none; color: #0b0080; background-image: none; background-position: initial; background-size: initial; background-repeat: initial; background-attachment: initial; background-origin: initial; background-clip: initial; font-family: sans-serif;\" title=\"Giải thưởng &Acirc;m nhạc Cống hiến\" href=\"https://vi.wikipedia.org/wiki/Gi%E1%BA%A3i_th%C6%B0%E1%BB%9Fng_%C3%82m_nh%E1%BA%A1c_C%E1%BB%91ng_hi%E1%BA%BFn\">Cống hiến</a><span style=\"color: #202122; font-family: sans-serif;\">&nbsp;với hạng mục Nhạc sĩ của năm.</span></p>', 'musicians\\August2020\\bDJqJsKjZZkyqqNllwD9.jpg', '2020-08-11 19:10:14', '2020-08-11 19:10:14'),
(21, 'Nguyễn Minh Cường', '<p><span style=\"color: #2e3338; font-family: Whitney, \'Helvetica Neue\', Helvetica, Arial, sans-serif; font-size: 16px; white-space: break-spaces;\"><strong>Nguyễn Minh Cường</strong> l&agrave; nhạc sĩ ti&ecirc;n phong của Việt Nam về d&ograve;ng nhạc Mouth Music, đ&atilde; từng hợp t&aacute;c với những ca sĩ trẻ triển vọng như Ho&agrave; Minzy, Ho&agrave;ng Yến Chibi, Bảo Kun, Ch&acirc;u Đăng Khoa, Khắc Minh ... đồng thời <strong>Nguyễn Minh Cường</strong> cũng l&agrave; th&agrave;nh vi&ecirc;n của nh&oacute;m b&egrave; Cadillac nổi tiếng.</span></p>', 'musicians\\August2020\\7HLTqq0wAiY9owXqGrbh.jpg', '2020-08-11 19:13:02', '2020-08-11 19:13:02'),
(22, 'Jaykii', '<p><span style=\"color: #2e3338; font-family: Whitney, \'Helvetica Neue\', Helvetica, Arial, sans-serif; font-size: 16px; white-space: break-spaces;\"><strong>Jaykii</strong> (t&ecirc;n thật l&agrave; Trần Anh Qu&acirc;n, sinh ng&agrave;y 21/09/1993 tại H&agrave; Nội), l&agrave; nam ca sĩ trẻ người Việt Nam. <strong>Jaykii</strong> được biết đến khi tham gia chương tr&igrave;nh Việt Nam Idol m&ugrave;a 5 (2013-2014). Jaykii xuất sắc c&oacute; mặt ở đ&ecirc;m Gala Top 9 của cuộc thi nhưng đ&aacute;ng tiếc l&agrave; kh&ocirc;ng thể tiến s&acirc;u hơn.</span></p>\r\n<div id=\"gtx-trans\" style=\"position: absolute; left: 12px; top: 68px;\">\r\n<div class=\"gtx-trans-icon\">&nbsp;</div>\r\n</div>', 'musicians\\August2020\\F46hYNQyxpVoCO63hwhr.jpg', '2020-08-11 19:14:00', '2020-08-11 20:08:49'),
(23, 'Andiez', '<p><span style=\"color: #32323d; font-family: Roboto, sans-serif; background-color: rgba(255, 255, 255, 0.75);\">Đam m&ecirc; &acirc;m nhạc từ b&eacute;, bắt đầu h&aacute;t v&agrave; s&aacute;ng t&aacute;c từ năm lớp 10. Năm 2017, Andiez s&aacute;ng t&aacute;c v&agrave; tr&igrave;nh b&agrave;y ca kh&uacute;c \"Một Ph&uacute;t\", ca kh&uacute;c trở th&agrave;nh hiện tượng tr&ecirc;n mạng x&atilde; hội.</span><br style=\"text-rendering: optimizelegibility; -webkit-font-smoothing: antialiased; box-sizing: border-box; color: #32323d; font-family: Roboto, sans-serif; background-color: rgba(255, 255, 255, 0.75);\" /><span style=\"color: #32323d; font-family: Roboto, sans-serif; background-color: rgba(255, 255, 255, 0.75);\">Năm 2018 Andiez tham gia Sing My Song v&agrave; gi&agrave;nh được vị tr&iacute; &Aacute; Qu&acirc;n.</span><br style=\"text-rendering: optimizelegibility; -webkit-font-smoothing: antialiased; box-sizing: border-box; color: #32323d; font-family: Roboto, sans-serif; background-color: rgba(255, 255, 255, 0.75);\" /><span style=\"color: #32323d; font-family: Roboto, sans-serif; background-color: rgba(255, 255, 255, 0.75);\">Sau cuộc thi, Andiez s&aacute;ng t&aacute;c nhiều b&agrave;i h&aacute;t trở th&agrave;nh hit của c&aacute;c ca sĩ nổi tiếng như \"Anh Đang Ở Đ&acirc;u Đấy Anh\" v&agrave;\" Em Đ&atilde; Thấy Anh C&ugrave;ng Người Ấy\" của Hương Giang, \"Đ&oacute;a Hoa Hồng\" của Chi Pu hay \"Tận C&ugrave;ng Nỗi Nhớ\" của Will song ca c&ugrave;ng Han Sara... C&aacute;c s&aacute;ng t&aacute;c của Andiez đa dạng về thể loại, nhưng nổi bật nhất l&agrave; Pop ballad.</span><br style=\"text-rendering: optimizelegibility; -webkit-font-smoothing: antialiased; box-sizing: border-box; color: #32323d; font-family: Roboto, sans-serif; background-color: rgba(255, 255, 255, 0.75);\" /><span style=\"color: #32323d; font-family: Roboto, sans-serif; background-color: rgba(255, 255, 255, 0.75);\">Anh cũng l&agrave;m tốt vai tr&ograve; ca sĩ với c&aacute;c bản hit \"Một Ph&uacute;t\", \"Về Với Anh Đi\", \"Thật Tuyệt Vời Khi Ở B&ecirc;n Em\"...</span></p>', 'musicians\\August2020\\cxDNzA7xDDwZmKTKe87F.jpg', '2020-08-11 19:17:12', '2020-08-11 19:17:12'),
(24, 'DA LAB', '<p><span style=\"color: #32323d; font-family: Roboto, sans-serif; background-color: rgba(255, 255, 255, 0.75);\">Năm 2007, Da LAB được th&agrave;nh lập với V&otilde; Việt Phương, Nguyễn Trọng Đức v&agrave; Trần Minh Phương, đến năm 2018 th&igrave; th&ecirc;m Nguyễn Ho&agrave;ng Long để tạo n&ecirc;n đội h&igrave;nh 4 th&agrave;nh vi&ecirc;n như b&acirc;y giờ.</span><br style=\"text-rendering: optimizelegibility; -webkit-font-smoothing: antialiased; box-sizing: border-box; color: #32323d; font-family: Roboto, sans-serif; background-color: rgba(255, 255, 255, 0.75);\" /><span style=\"color: #32323d; font-family: Roboto, sans-serif; background-color: rgba(255, 255, 255, 0.75);\">Thời gian đầu, Da LAB cover theo phong c&aacute;ch rap, hiphop từ c&aacute;c bản rap của Eminem, 50 Cent, G-Unit&hellip; sau đ&oacute; chuyển sang s&aacute;ng t&aacute;c v&agrave; tr&igrave;nh b&agrave;y c&aacute;c ca kh&uacute;c của m&igrave;nh. Đ&acirc;y cũng l&agrave; thời điểm Da LAB bắt đầu được biết đến, khởi đầu với b&agrave;i h&aacute;t \"H&agrave; Nội Giờ Tan Tầm\" v&agrave; tham gia chương tr&igrave;nh B&agrave;i h&aacute;t Việt 2013.</span><br style=\"text-rendering: optimizelegibility; -webkit-font-smoothing: antialiased; box-sizing: border-box; color: #32323d; font-family: Roboto, sans-serif; background-color: rgba(255, 255, 255, 0.75);\" /><span style=\"color: #32323d; font-family: Roboto, sans-serif; background-color: rgba(255, 255, 255, 0.75);\">Sự ra đời của \"Một Nh&agrave;\" năm 2015 được xem l&agrave; cột mốc đ&aacute;nh dấu sự th&agrave;nh c&ocirc;ng của nh&oacute;m.</span><br style=\"text-rendering: optimizelegibility; -webkit-font-smoothing: antialiased; box-sizing: border-box; color: #32323d; font-family: Roboto, sans-serif; background-color: rgba(255, 255, 255, 0.75);\" /><span style=\"color: #32323d; font-family: Roboto, sans-serif; background-color: rgba(255, 255, 255, 0.75);\">Sau đ&oacute;, c&aacute;c sản phẩm mới của Da LAB đều được đ&oacute;n nhận, như \"Thanh Xu&acirc;n\", \"Từ Ng&agrave;y Em Đến\" hay \"Nước Mắt Em Lau Bằng T&igrave;nh Y&ecirc;u Mới\" kết hợp c&ugrave;ng T&oacute;c Ti&ecirc;n...</span></p>\r\n<div id=\"gtx-trans\" style=\"position: absolute; left: 492px; top: 32px;\">\r\n<div class=\"gtx-trans-icon\">&nbsp;</div>\r\n</div>', 'musicians\\August2020\\cM910Tk8NY4h8IsfiJbf.jpg', '2020-08-11 19:18:03', '2020-08-11 19:18:03'),
(25, 'Giao Tiên', '<p><span style=\"text-rendering: optimizelegibility; -webkit-font-smoothing: antialiased; box-sizing: border-box; color: #32323d; font-family: Roboto, sans-serif; background-color: rgba(255, 255, 255, 0.75);\">Nhạc sĩ <strong>Giao Ti&ecirc;n</strong> nổi tiếng từ trước 1975 với những ca kh&uacute;c trữ t&igrave;nh</span><br style=\"text-rendering: optimizelegibility; -webkit-font-smoothing: antialiased; box-sizing: border-box; color: #32323d; font-family: Roboto, sans-serif; background-color: rgba(255, 255, 255, 0.75);\" /><span style=\"text-rendering: optimizelegibility; -webkit-font-smoothing: antialiased; box-sizing: border-box; color: #32323d; font-family: Roboto, sans-serif; background-color: rgba(255, 255, 255, 0.75);\">như Mất Nhau Rồi, C&ocirc; Thắm Về L&agrave;ng, V&oacute; Ngựa Tr&ecirc;n Đồi Cỏ Non, Về Qu&ecirc;..</span></p>', 'musicians\\August2020\\uCO6PcXDIz9oContj85v.jpg', '2020-08-11 19:31:00', '2020-08-11 19:40:24'),
(26, 'Khôi Nguyên', '<p><span style=\"color: #32323d; font-family: Roboto, sans-serif; background-color: rgba(255, 255, 255, 0.75);\">KH&Ocirc;I NGUY&Ecirc;N (người đổ đầu trong 1 k&igrave; thi ng&agrave;y xưa, được người ch&uacute; của anh l&agrave; nhạc sĩ Thanh Sơn - t&aacute;c giả NỖI BUỒN HOA PHƯỢNG đặt cho). Kh&ocirc;i Nguy&ecirc;n l&agrave; ch&aacute;u nhạc sĩ Thanh Sơn v&agrave; l&agrave; em trai của nữ diễn vi&ecirc;n Hiền Trang. Qu&ecirc;: Tr&agrave; Vinh. D&ograve;ng nhạc trữ t&igrave;nh qu&ecirc; hương. Với ngoại h&igrave;nh hiền l&agrave;nh, thư sinh v&agrave; giọng h&aacute;t luyến l&aacute;y ngọt ng&agrave;o, Kh&ocirc;i Nguy&ecirc;n được kh&aacute;n giả thương mến qua những ca kh&uacute;c về tuổi học tr&ograve;, đặc biệt l&agrave; những s&aacute;ng t&aacute;c của ns Thanh Sơn: Ni&ecirc;n Học Sau C&ugrave;ng, T&igrave;m Về Nắng Hạ, M&agrave;u &Aacute;o Hoa Phượng, Ve Sầu M&ugrave;a Phượng, Chiều Qua Phố Cũ, Họp Mặt Lần Cuối, Lưu B&uacute;t Học Tr&ograve;... Ngo&agrave;i ra, Kh&ocirc;i Nguy&ecirc;n c&ograve;n c&oacute; khả năng ca vọng cổ hơi d&agrave;i. Tốt nghiệp thanh nhạc tại CDVHNT v&agrave; cao học Ngữ văn SP. C&aacute;c album đ&atilde; ph&aacute;t h&agrave;nh: CD Người H&aacute;t D&acirc;n Ca (Song ca Phương Mỹ Chi), CD Ni&ecirc;n Học Sau C&ugrave;ng (Song ca Phương Mỹ Chi, Thanh Th&uacute;y), DVD Mini show Giao Linh - Kh&ocirc;i Nguy&ecirc;n, DVD T&igrave;m Về Nắng Hạ (Song ca c&ugrave;ng Hiền Trang), CD Thương Mối T&igrave;nh Đầu (song ca Giao Linh), CD Lưu B&uacute;t Học Tr&ograve; (Kh&ocirc;i Nguy&ecirc;n, Giao Linh), Thương Ca Lan v&agrave; Điệp (Lan V&agrave; Điệp 6)...</span><br style=\"text-rendering: optimizelegibility; -webkit-font-smoothing: antialiased; box-sizing: border-box; color: #32323d; font-family: Roboto, sans-serif; background-color: rgba(255, 255, 255, 0.75);\" /><span style=\"color: #32323d; font-family: Roboto, sans-serif; background-color: rgba(255, 255, 255, 0.75);\">C&aacute;c ca kh&uacute;c đ&atilde; tr&igrave;nh b&agrave;y: Bằng L&ograve;ng Đi Em (song ca Minh B&eacute;o), Ng&agrave;n Năm T&igrave;nh Vẫn Đẹp, Những Chuyến Xe Trong Cuộc Đời, Rồi 20 Năm Sau, Trả T&ocirc;i Về, Buồn T&igrave;nh H&aacute;t L&yacute; M&ugrave; U, T&igrave;nh Thắm Duy&ecirc;n Qu&ecirc;... Gần đ&acirc;y nhất, Kh&ocirc;i Nguy&ecirc;n c&ugrave;ng Hiền Trang - nữ ch&iacute;nh của phim Cổng Mặt Trời</span></p>', 'musicians\\August2020\\DwkQw8WO2huj920CkiwC.jpg', '2020-08-11 19:33:17', '2020-08-11 19:33:17'),
(27, 'Hoài Lâm', '<p><span style=\"color: #32323d; font-family: Roboto, sans-serif; background-color: rgba(255, 255, 255, 0.75);\">Ho&agrave;i L&acirc;m t&ecirc;n thật l&agrave; Nguyễn Tuấn Lộc, sinh năm 1995 tại Vĩnh Long trong một gia đ&igrave;nh c&oacute; truyền thống nghệ thuật. V&igrave; đam m&ecirc; ca h&aacute;t n&ecirc;n năm 13 tuổi Ho&agrave;i L&acirc;m đ&atilde; một m&igrave;nh l&ecirc;n S&agrave;i G&ograve;n để theo đuổi niềm đam m&ecirc; ca h&aacute;t của m&igrave;nh. Cũng v&agrave;o thời điểm n&agrave;y, anh may mắn được nghệ sĩ Ho&agrave;i Linh y&ecirc;u qu&yacute; v&agrave; nhận l&agrave;m con nu&ocirc;i để chỉ bảo, dẫn dắt trong cuộc sống h&agrave;ng ng&agrave;y cũng như trong nghệ thuật.</span><br style=\"text-rendering: optimizelegibility; -webkit-font-smoothing: antialiased; box-sizing: border-box; color: #32323d; font-family: Roboto, sans-serif; background-color: rgba(255, 255, 255, 0.75);\" /><span style=\"color: #32323d; font-family: Roboto, sans-serif; background-color: rgba(255, 255, 255, 0.75);\">Bằng tất cả sự nỗ lực r&egrave;n luyện của bản th&acirc;n v&agrave; sự chỉ bảo của đ&agrave;n anh, đ&agrave;n chị trong nghề Ho&agrave;i L&acirc;m đ&atilde; dần c&oacute; một vị tr&iacute; trong l&ograve;ng kh&aacute;n giả, đặc biệt l&agrave; d&ograve;ng nhạc qu&ecirc; hương, trữ t&igrave;nh m&agrave; anh đang theo đuổi. Năm 2014 Ho&agrave;i L&acirc;m đoạt qu&aacute;n qu&acirc;n chương tr&igrave;nh truyền h&igrave;nh &ldquo;Gương Mặt Th&acirc;n Quen&rdquo; đầy thuyết phục.</span><br style=\"text-rendering: optimizelegibility; -webkit-font-smoothing: antialiased; box-sizing: border-box; color: #32323d; font-family: Roboto, sans-serif; background-color: rgba(255, 255, 255, 0.75);\" /><br style=\"text-rendering: optimizelegibility; -webkit-font-smoothing: antialiased; box-sizing: border-box; color: #32323d; font-family: Roboto, sans-serif; background-color: rgba(255, 255, 255, 0.75);\" /><span style=\"color: #32323d; font-family: Roboto, sans-serif; background-color: rgba(255, 255, 255, 0.75);\">Ng&agrave;y 05/8/2014, Ho&agrave;i L&acirc;m ch&iacute;nh thức ph&aacute;t h&agrave;nh tr&ecirc;n trang mạng nghe nhạc trực tuyến Zing! MP3 single nhạc trẻ đầu ti&ecirc;n c&oacute; t&ecirc;n: \"Như những ph&uacute;t ban đầu\" do nhạc sĩ Tiến Minh s&aacute;ng t&aacute;c. Single n&agrave;y đ&atilde; thu h&uacute;t được 1 triệu lượt nghe tr&ecirc;n trang Zing! MP3 sau 67 giờ ph&aacute;t h&agrave;nh.</span><br style=\"text-rendering: optimizelegibility; -webkit-font-smoothing: antialiased; box-sizing: border-box; color: #32323d; font-family: Roboto, sans-serif; background-color: rgba(255, 255, 255, 0.75);\" /><span style=\"color: #32323d; font-family: Roboto, sans-serif; background-color: rgba(255, 255, 255, 0.75);\">Ng&agrave;y 20/11/2014, Ho&agrave;i L&acirc;m ph&aacute;t h&agrave;nh single thứ hai đồng thời l&agrave; s&aacute;ng t&aacute;c đầu tay c&oacute; t&ecirc;n: \"C&oacute; khi\". Ca kh&uacute;c n&agrave;y đ&atilde; nhận được 1 triệu lượt nghe tr&ecirc;n Zing sau 28 giờ ph&aacute;t h&agrave;nh.</span><br style=\"text-rendering: optimizelegibility; -webkit-font-smoothing: antialiased; box-sizing: border-box; color: #32323d; font-family: Roboto, sans-serif; background-color: rgba(255, 255, 255, 0.75);\" /><span style=\"color: #32323d; font-family: Roboto, sans-serif; background-color: rgba(255, 255, 255, 0.75);\">Ho&agrave;i L&acirc;m đ&atilde; tham gia phim h&agrave;i Tết Qu&yacute; tử bất đắc dĩ c&ugrave;ng với c&aacute;c diễn vi&ecirc;n gạo cội v&agrave; bố Ho&agrave;i Linh v&agrave; được c&ocirc;ng chiếu v&agrave;o 12/2/2015 ở rạp khắp to&agrave;n quốc v&agrave; nhận được rất nhiều phản hồi th&iacute;ch cực từ kh&aacute;n giả.</span></p>', 'musicians\\August2020\\gB2rYjs5AZcnEwYrR3jE.jpg', '2020-08-11 19:34:14', '2020-08-11 19:34:14'),
(28, 'Đào Ngọc Sang', '<p><span style=\"color: #32323d; font-family: Roboto, sans-serif; background-color: rgba(255, 255, 255, 0.75);\">Trong khi c&aacute;c bạn c&ugrave;ng thời đều đ&atilde; ra mắt c&aacute;c sản phẩm &acirc;m nhạc v&agrave; &iacute;t nhiều tạo được những dấu ấn trong l&ograve;ng c&ocirc;ng ch&uacute;ng th&igrave; <strong>Đ&agrave;o Ngọc Sang</strong> lại mất hơn một năm sau, đến thời điểm hiện tại mới ch&iacute;nh thức tr&igrave;nh l&agrave;ng sản phẩm &acirc;m nhạc đầu tay của m&igrave;nh với t&ecirc;n gọi: Will U Marry Me</span><br style=\"text-rendering: optimizelegibility; -webkit-font-smoothing: antialiased; box-sizing: border-box; color: #32323d; font-family: Roboto, sans-serif; background-color: rgba(255, 255, 255, 0.75);\" /><br style=\"text-rendering: optimizelegibility; -webkit-font-smoothing: antialiased; box-sizing: border-box; color: #32323d; font-family: Roboto, sans-serif; background-color: rgba(255, 255, 255, 0.75);\" /><span style=\"color: #32323d; font-family: Roboto, sans-serif; background-color: rgba(255, 255, 255, 0.75);\">Hiện tại <strong>Sang</strong> chuyển hẳn v&agrave;o S&agrave;i G&ograve;n để hoạt động &acirc;m nhạc nhưng cũng kh&ocirc;ng qu&ecirc;n việc học tập khi <strong>Sang</strong> đang l&agrave; sinh vi&ecirc;n của trường đại học HUTECH TP.HCM. Mọi người biết đấy, những t&acirc;n binh như <strong>Sang</strong> phải tự lực c&aacute;nh sinh mọi thứ, bản th&acirc;n lại chưa c&oacute; nhiều kinh nghiệm trong showbiz n&ecirc;n mọi đường đi nước bước dường như m&igrave;nh phải đi l&ecirc;n từ con số 0. V&igrave; vậy m&agrave; phải đến thời điểm n&agrave;y Sang mới cảm thấy tự tin để gửi đến kh&aacute;n giả sản phẩm &acirc;m nhạc đầu tay của m&igrave;nh, cũng rất hồi hộp kh&ocirc;ng biết phản ứng của mọi người thế n&agrave;o, mong l&agrave; được truyền th&ocirc;ng v&agrave; c&ocirc;ng ch&uacute;ng đ&oacute;n nhận v&agrave; g&oacute;p &yacute;&rdquo;.</span></p>', 'musicians\\August2020\\EixtI5ebGAe7LTzAGB2Y.jpg', '2020-08-11 19:36:00', '2020-08-11 19:36:29'),
(29, 'Trịnh Hưng', '<p><span style=\"color: #32323d; font-family: Roboto, sans-serif; background-color: rgba(255, 255, 255, 0.75);\">Nhạc sĩ <strong>Trịnh Hưng</strong> đ&atilde; vĩnh viễn ra đi ng&agrave;y 10 Th&aacute;ng 5, 2008 tại Paris, Ph&aacute;p Quốc. Theo t&agrave;i liệu, Nhạc sĩ <strong>Trịnh Hưng</strong> sinh năm 1930, qu&ecirc; qu&aacute;n ở Bắc Ninh. Năm 1945 tới 1953 &ocirc;ng theo kh&aacute;ng chiến chống Ph&aacute;p,&nbsp; l&agrave;m đội ph&oacute; văn c&ocirc;ng Trung Đo&agrave;n Thăng Long. Năm 1954 &ocirc;ng hồi cư về H&agrave; Nội sau đ&oacute; v&agrave;o Nam. &Ocirc;ng bắt đầu s&aacute;ng t&aacute;c nhạc năm 1950 nhưng m&atilde;i sau&nbsp; 1956 nhiều nhạc phẩm của &ocirc;ng mới được nồng nhiệt đ&oacute;n nhận.</span><br style=\"text-rendering: optimizelegibility; -webkit-font-smoothing: antialiased; box-sizing: border-box; color: #32323d; font-family: Roboto, sans-serif; background-color: rgba(255, 255, 255, 0.75);\" /><span style=\"color: #32323d; font-family: Roboto, sans-serif; background-color: rgba(255, 255, 255, 0.75);\">&Ocirc;ng thuật lại&nbsp; trước năm 1954 &ocirc;ng l&agrave; văn c&ocirc;ng ở ngo&agrave;i Bắc, l&uacute;c đ&oacute; ở ngo&agrave;i Bắc c&oacute; đấu tố nhiều qu&aacute;, những người tr&iacute; thức đ&atilde; bỏ về hết n&ecirc;n &ocirc;ng theo người di cư v&agrave;o Nam. V&agrave;o Nam &ocirc;ng&nbsp; mở lớp dạy d&agrave;n, s&aacute;ng t&aacute;c v&agrave; luyện giọng tại đường Cao Thắng, Saigon .</span></p>\r\n<div id=\"gtx-trans\" style=\"position: absolute; left: 725px; top: -13px;\">\r\n<div class=\"gtx-trans-icon\">&nbsp;</div>\r\n</div>', 'musicians\\August2020\\LaXXYJPwf0045Y6OwG37.jpg', '2020-08-11 19:37:32', '2020-08-11 19:37:32');
INSERT INTO `musicians` (`id`, `name`, `description`, `image`, `created_at`, `updated_at`) VALUES
(30, 'Đức Trí', '<p><span style=\"color: #32323d; font-family: Roboto, sans-serif; background-color: rgba(255, 255, 255, 0.75);\">Nhạc sĩ Đức Tr&iacute; từ l&acirc;u đ&atilde; c&oacute; chỗ đứng trong l&ograve;ng c&ocirc;ng ch&uacute;ng, anh l&agrave; một nhạc sĩ được học tập nghi&ecirc;m t&uacute;c v&agrave; đ&atilde; tu nghiệp ở Mỹ.</span><br style=\"text-rendering: optimizelegibility; -webkit-font-smoothing: antialiased; box-sizing: border-box; color: #32323d; font-family: Roboto, sans-serif; background-color: rgba(255, 255, 255, 0.75);\" /><span style=\"color: #32323d; font-family: Roboto, sans-serif; background-color: rgba(255, 255, 255, 0.75);\">Anh đến với &acirc;m nhạc kh&aacute; trễ. Năm học lớp 10 mới thực sự </span><span style=\"color: #32323d; font-family: Roboto, sans-serif; background-color: rgba(255, 255, 255, 0.75);\">c&oacute; được bộ trống, nhạc cụ đầu ti&ecirc;n trong đời - m&oacute;n qu&agrave; mơ ước m&agrave; c&oacute; n&oacute; </span><span style=\"color: #32323d; font-family: Roboto, sans-serif; background-color: rgba(255, 255, 255, 0.75);\">gia đ&igrave;nh anh phải d&agrave;nh dụm kh&aacute; l&acirc;u. Qua lời mẹ anh kể, cậu b&eacute; Tr&iacute; c&oacute; </span><span style=\"color: #32323d; font-family: Roboto, sans-serif; background-color: rgba(255, 255, 255, 0.75);\">năng khiếu từ thuở l&ecirc;n ba: h&aacute;t đ&uacute;ng nốt, kh&ocirc;ng sai cao độ, c&oacute; đ&ocirc;i tai </span><span style=\"color: #32323d; font-family: Roboto, sans-serif; background-color: rgba(255, 255, 255, 0.75);\">nhạy b&eacute;n với &acirc;m nhạc. Song, chẳng ai t&iacute;nh đến chuyện sẽ cho Tr&iacute; đi theo </span><span style=\"color: #32323d; font-family: Roboto, sans-serif; background-color: rgba(255, 255, 255, 0.75);\">con đường &acirc;m nhạc bởi thời đ&oacute; &acirc;m nhạc chưa được coi l&agrave; một nghề m&agrave; chỉ </span><span style=\"color: #32323d; font-family: Roboto, sans-serif; background-color: rgba(255, 255, 255, 0.75);\">như th&uacute; chơi hơi... xa xỉ.</span><br style=\"text-rendering: optimizelegibility; -webkit-font-smoothing: antialiased; box-sizing: border-box; color: #32323d; font-family: Roboto, sans-serif; background-color: rgba(255, 255, 255, 0.75);\" /><span style=\"color: #32323d; font-family: Roboto, sans-serif; background-color: rgba(255, 255, 255, 0.75);\">Học đ&agrave;n bầu từ nhỏ, rời bỏ n&oacute; c&ugrave;ng c&aacute;c nhạc cụ d&acirc;n tộc </span><span style=\"color: #32323d; font-family: Roboto, sans-serif; background-color: rgba(255, 255, 255, 0.75);\">kh&aacute;c năm 13 tuổi v&igrave; một cơn \"phẫn ch&iacute;\", 16 tuổi anh tập t&agrave;nh l&agrave;m nhạc </span><span style=\"color: #32323d; font-family: Roboto, sans-serif; background-color: rgba(255, 255, 255, 0.75);\">trong ph&ograve;ng thu, từ đấy nghi&ecirc;n cứu, học hỏi kh&ocirc;ng ngừng trong nghề </span><span style=\"color: #32323d; font-family: Roboto, sans-serif; background-color: rgba(255, 255, 255, 0.75);\">nghiệp: tự học keyboard, nghe hết mọi thể loại nhạc, viết ca kh&uacute;c m&agrave;y </span><span style=\"color: #32323d; font-family: Roboto, sans-serif; background-color: rgba(255, 255, 255, 0.75);\">m&ograve; h&ograve;a &acirc;m.</span></p>', 'musicians\\August2020\\I1pd6WvaY47uqvAzQPhM.jpg', '2020-08-11 19:39:23', '2020-08-11 19:39:23'),
(31, 'Lê Cát Trọng Lý', '<p><span style=\"color: #32323d; font-family: Roboto, sans-serif; background-color: rgba(255, 255, 255, 0.75);\">L&ecirc; C&aacute;t Trọng L&yacute; sinh ra v&agrave; lớn l&ecirc;n ở Đ&agrave; Nẵng, trong một gia đ&igrave;nh c&oacute; bố l&agrave; ca sĩ, mẹ l&agrave; gi&aacute;o vi&ecirc;n dạy văn. L&agrave; một ca sĩ, nhạc sĩ. Hiện c&ocirc; l&agrave; ca sĩ tự do. L&ecirc; C&aacute;t Trọng L&yacute; c&ograve;n l&agrave; nghệ sĩ gi&agrave;nh được 1 giải Cống hiến v&agrave; 5 lần đề cử.</span><br style=\"text-rendering: optimizelegibility; -webkit-font-smoothing: antialiased; box-sizing: border-box; color: #32323d; font-family: Roboto, sans-serif; background-color: rgba(255, 255, 255, 0.75);\" /><br style=\"text-rendering: optimizelegibility; -webkit-font-smoothing: antialiased; box-sizing: border-box; color: #32323d; font-family: Roboto, sans-serif; background-color: rgba(255, 255, 255, 0.75);\" /><span style=\"color: #32323d; font-family: Roboto, sans-serif; background-color: rgba(255, 255, 255, 0.75);\">Năm 2005, c&ocirc; tốt nghiệp THPT Phan Chu Trinh, Đ&agrave; Nẵng v&agrave; thi đậu v&agrave;o khoa tiếng Nga của Đại học Đ&agrave; Nẵng. Năm 2006, đang l&agrave; sinh vi&ecirc;n, L&yacute; bỏ ngang, rời Đ&agrave; Nẵng v&agrave;o Th&agrave;nh phố Hồ Ch&iacute; Minh. L&yacute; thi đậu v&agrave;o Nhạc viện Th&agrave;nh phố Hồ Ch&iacute; Minh, học viola ở khoa violon v&agrave; bắt đầu s&aacute;ng t&aacute;c ca kh&uacute;c.</span></p>', 'musicians\\August2020\\e6q4fzA1kH5hYw7FrmXx.jpg', '2020-08-11 19:41:20', '2020-08-11 19:41:20'),
(32, 'Hải Sâm', '<p><span style=\"color: #32323d; font-family: Roboto, sans-serif; background-color: rgba(255, 255, 255, 0.75);\">Hải S&acirc;m l&agrave; một người viết b&agrave;i h&aacute;t sinh ra ở Quảng Ninh, nhưng lớn l&ecirc;n ở H&agrave; Nội. Những s&aacute;ng t&aacute;c ban đầu đến với Hải S&acirc;m theo một c&aacute;ch đơn giản, trước khi anh kịp hiểu những quy luật phức tạp của n&oacute; l&agrave; g&igrave;. Hải S&acirc;m h&aacute;t kh&ocirc;ng hay, nhưng c&oacute; chất ri&ecirc;ng.</span><br style=\"text-rendering: optimizelegibility; -webkit-font-smoothing: antialiased; box-sizing: border-box; color: #32323d; font-family: Roboto, sans-serif; background-color: rgba(255, 255, 255, 0.75);\" /><br style=\"text-rendering: optimizelegibility; -webkit-font-smoothing: antialiased; box-sizing: border-box; color: #32323d; font-family: Roboto, sans-serif; background-color: rgba(255, 255, 255, 0.75);\" /><span style=\"color: #32323d; font-family: Roboto, sans-serif; background-color: rgba(255, 255, 255, 0.75);\">\"Nhạc sầu, nhạc nẫu, nhạc trẻ tr&acirc;u, nhạc của Hải S&acirc;m.\" l&agrave; c&aacute;ch m&agrave; anh thường d&ugrave;ng để giới thiệu về &acirc;m nhạc của m&igrave;nh.</span></p>', 'musicians\\August2020\\Gl2HlAtXuFrUEMN4Ab9p.jpg', '2020-08-11 19:42:10', '2020-08-11 19:42:10'),
(33, 'Đen', '<p><span style=\"color: #32323d; font-family: Roboto, sans-serif; background-color: rgba(255, 255, 255, 0.75);\">Năm 2014, anh ra mắt \"Đưa Nhau Đi Trốn\" c&ugrave;ng Linh C&aacute;o. B&agrave;i h&aacute;t nhanh ch&oacute;ng trở th&agrave;nh hit. Tiếp nối th&agrave;nh c&ocirc;ng, cả hai tiếp tục kết hợp trong \"Ta cứ Đi C&ugrave;ng Nhau\".</span><br style=\"text-rendering: optimizelegibility; -webkit-font-smoothing: antialiased; box-sizing: border-box; color: #32323d; font-family: Roboto, sans-serif; background-color: rgba(255, 255, 255, 0.75);\" /><span style=\"color: #32323d; font-family: Roboto, sans-serif; background-color: rgba(255, 255, 255, 0.75);\">Năm 2018, Đen li&ecirc;n tiếp ra mắt c&aacute;c sản phẩm mới nhưng đến \"Anh Đếch Cần G&igrave; Nhiều Ngo&agrave;i Em\" th&igrave; Đen trở th&agrave;nh hiện tượng x&atilde; hội.</span><br style=\"text-rendering: optimizelegibility; -webkit-font-smoothing: antialiased; box-sizing: border-box; color: #32323d; font-family: Roboto, sans-serif; background-color: rgba(255, 255, 255, 0.75);\" /><span style=\"color: #32323d; font-family: Roboto, sans-serif; background-color: rgba(255, 255, 255, 0.75);\">Năm 2019 l&agrave; một năm th&agrave;nh c&ocirc;ng c&ugrave;a Đen với những bản hit nổi tiếng như \"Mười Năm\" (c&ugrave;ng Ngọc Linh) kỷ niệm h&agrave;nh tr&igrave;nh 10 năm theo rap, \"B&agrave;i N&agrave;y Chill Phết\" c&ugrave;ng Min, \"Hai Triệu Năm\" (c&ugrave;ng Bi&ecirc;n), \"Lối Nhỏ\" (c&ugrave;ng Phương Anh Đ&agrave;o) v&agrave; \"Cảm Ơn\" (c&ugrave;ng Bi&ecirc;n). Liveshow đầu ti&ecirc;n của mang t&ecirc;n \"Show của Đen\" được tổ chức v&agrave;o th&aacute;ng 11.</span><br style=\"text-rendering: optimizelegibility; -webkit-font-smoothing: antialiased; box-sizing: border-box; color: #32323d; font-family: Roboto, sans-serif; background-color: rgba(255, 255, 255, 0.75);\" /><span style=\"color: #32323d; font-family: Roboto, sans-serif; background-color: rgba(255, 255, 255, 0.75);\">Đầu năm 2020, Đen V&acirc;u ra mắt \"Một Triệu Like\" kết hợp với Th&agrave;nh Đồng.</span></p>', 'musicians\\August2020\\ieoOjRR0YEKk9fz8NByq.jpg', '2020-08-11 19:45:39', '2020-08-11 19:45:39'),
(34, 'OSAD', '<p><span style=\"color: #32323d; font-family: Roboto, sans-serif; background-color: #fcfcfc;\"><strong>OSAD</strong> đem đến th&ecirc;m một ca kh&uacute;c với chất nhạc dịu nhẹ nhưng lại rất cuốn h&uacute;t mang t&ecirc;n V&igrave; Em Đến. C&ugrave;ng nghe v&agrave; cảm nhận nh&eacute;!</span></p>', 'musicians\\August2020\\ktO0t8XCUsdaj8pLKtEf.jpg', '2020-08-11 19:46:38', '2020-08-11 19:46:38'),
(35, 'Kay Trần', '<p><span style=\"color: #32323d; font-family: Roboto, sans-serif; background-color: rgba(255, 255, 255, 0.75);\">Năm 2013, Kay Trần hợp t&aacute;c với Tronie (cựu th&agrave;nh vi&ecirc;n nh&oacute;m 365) trong \"Thanh ni&ecirc;n nghi&ecirc;m t&uacute;c\".</span><br style=\"text-rendering: optimizelegibility; -webkit-font-smoothing: antialiased; box-sizing: border-box; color: #32323d; font-family: Roboto, sans-serif; background-color: rgba(255, 255, 255, 0.75);\" /><span style=\"color: #32323d; font-family: Roboto, sans-serif; background-color: rgba(255, 255, 255, 0.75);\">Năm 2014, anh tham gia chương tr&igrave;nh Ng&ocirc;i Sai Việt, g&acirc;y ấn tượng với khả năng h&aacute;t hay, nhảy giỏi nhưng đột ngột dừng cuộc chơi khiến người h&acirc;m mộ tiếc nuối.</span><br style=\"text-rendering: optimizelegibility; -webkit-font-smoothing: antialiased; box-sizing: border-box; color: #32323d; font-family: Roboto, sans-serif; background-color: rgba(255, 255, 255, 0.75);\" /><span style=\"color: #32323d; font-family: Roboto, sans-serif; background-color: rgba(255, 255, 255, 0.75);\">Năm 2015, anh kết hợp c&ugrave;ng Binz trong \"Ph&iacute;a Sau Em\".</span><br style=\"text-rendering: optimizelegibility; -webkit-font-smoothing: antialiased; box-sizing: border-box; color: #32323d; font-family: Roboto, sans-serif; background-color: rgba(255, 255, 255, 0.75);\" /><span style=\"color: #32323d; font-family: Roboto, sans-serif; background-color: rgba(255, 255, 255, 0.75);\">Năm 2018, anh trở lại Vpop với một loạt hit như \"&Yacute; Em Sao\" v&agrave; \"V&ocirc; Ra Ra V&ocirc;\" (với Koo)... Đặc biệt ca kh&uacute;c \"&Yacute; Em Sao\" theo phong c&aacute;ch retro rất được y&ecirc;u th&iacute;ch v&agrave; mang lại cho anh giải thưởng lớn.</span><br style=\"text-rendering: optimizelegibility; -webkit-font-smoothing: antialiased; box-sizing: border-box; color: #32323d; font-family: Roboto, sans-serif; background-color: rgba(255, 255, 255, 0.75);\" /><span style=\"color: #32323d; font-family: Roboto, sans-serif; background-color: rgba(255, 255, 255, 0.75);\">Tiếp nối th&agrave;nh c&ocirc;ng, năm 2019 anh ra mắt \"Chuyện T&igrave;nh T&ocirc;i\" (c&ugrave;ng Khoa v&agrave; Kass) được coi l&agrave; phần tiếp theo của \"&Yacute; Em Sao\", \"Tết Đong Đầy\" (với Khoa)... ngo&agrave;i ra anh cũng g&oacute;p giọng trong ca kh&uacute;c \"Đếm Cừu\" của Han Sara.</span></p>', 'musicians\\August2020\\DA99kOrqMiZ4SxpcLC2a.jpg', '2020-08-11 19:59:05', '2020-08-11 19:59:05'),
(36, 'Minh Vy', '<p><span style=\"color: #2e3338; font-family: Whitney, \'Helvetica Neue\', Helvetica, Arial, sans-serif; font-size: 16px; white-space: break-spaces; background-color: rgba(6, 6, 7, 0.02);\">T&ecirc;n thật l&agrave; <strong>Đo&agrave;n Hữu Minh</strong>. Vốn l&agrave; tay keyboard trong ban nhạc của trường v&agrave; của nh&oacute;m ca kh&uacute;c thuộc Nh&agrave; Văn h&oacute;a Thanh ni&ecirc;n. <strong>Hữu Minh</strong> gom g&oacute;p để d&agrave;nh tiền mua thiết bị với &yacute; định thu &acirc;m lại những bản nhạc của nh&oacute;m chơi l&agrave;m kỷ niệm. C&ugrave;ng với sự gi&uacute;p đỡ của người cha, Hữu Minh đ&atilde; dần d&agrave; l&agrave;m n&ecirc;n một ph&ograve;ng thu. </span></p>\r\n<p><span style=\"color: #2e3338; font-family: Whitney, \'Helvetica Neue\', Helvetica, Arial, sans-serif; font-size: 16px; white-space: break-spaces; background-color: rgba(6, 6, 7, 0.02);\">Đến khi được H&atilde;ng phim Trẻ mời hợp t&aacute;c c&ugrave;ng x&acirc;y dựng n&ecirc;n Trung t&acirc;m Băng nhạc Trẻ, ph&ograve;ng thu Kim Lợi bắt đầu được giới chuy&ecirc;n m&ocirc;n v&agrave; c&ocirc;ng ch&uacute;ng biết đến. <strong>Hữu Minh</strong> từ một cậu học tr&ograve; chỉ biết y&ecirc;u th&iacute;ch &acirc;m nhạc, đ&atilde; vươn l&ecirc;n trở th&agrave;nh một người quản l&yacute;, kh&ocirc;ng chỉ am hiểu về nghệ thuật m&agrave; c&ograve;n sử dụng th&agrave;nh thạo v&agrave; &ldquo;đọc&rdquo; r&otilde; c&aacute;c thiết bị m&aacute;y m&oacute;c trong ph&ograve;ng thu của m&igrave;nh.</span></p>\r\n<div id=\"gtx-trans\" style=\"position: absolute; left: 1231px; top: 36px;\">\r\n<div class=\"gtx-trans-icon\">&nbsp;</div>\r\n</div>', 'musicians\\August2020\\BdjCmDg3vGwJXE0dUjts.jpg', '2020-08-11 20:03:48', '2020-08-11 20:03:48'),
(37, 'Phạm Tuyên', '<p><strong style=\"color: #202122; font-family: sans-serif;\">Phạm Tuy&ecirc;n</strong><span style=\"color: #202122; font-family: sans-serif;\">&nbsp;(sinh ng&agrave;y&nbsp;</span><a style=\"text-decoration-line: none; color: #0b0080; background-image: none; background-position: initial; background-size: initial; background-repeat: initial; background-attachment: initial; background-origin: initial; background-clip: initial; font-family: sans-serif;\" title=\"12 th&aacute;ng 1\" href=\"https://vi.wikipedia.org/wiki/12_th%C3%A1ng_1\">12 th&aacute;ng 1</a><span style=\"color: #202122; font-family: sans-serif;\">&nbsp;năm 1930) l&agrave; một nhạc sĩ nổi tiếng người&nbsp;</span><a style=\"text-decoration-line: none; color: #0b0080; background-image: none; background-position: initial; background-size: initial; background-repeat: initial; background-attachment: initial; background-origin: initial; background-clip: initial; font-family: sans-serif;\" title=\"Việt Nam\" href=\"https://vi.wikipedia.org/wiki/Vi%E1%BB%87t_Nam\">Việt Nam</a><span style=\"color: #202122; font-family: sans-serif;\">, cựu Chủ tịch Hội &Acirc;m nhạc H&agrave; Nội,</span><sup id=\"cite_ref-1\" class=\"reference\" style=\"line-height: 1em; font-size: 11.2px; white-space: nowrap; unicode-bidi: isolate; color: #202122; font-family: sans-serif;\"></sup><span style=\"color: #202122; font-family: sans-serif;\">&nbsp;t&aacute;c giả của b&agrave;i h&aacute;t \"</span><a style=\"text-decoration-line: none; color: #0b0080; background-image: none; background-position: initial; background-size: initial; background-repeat: initial; background-attachment: initial; background-origin: initial; background-clip: initial; font-family: sans-serif;\" title=\"Như c&oacute; B&aacute;c trong ng&agrave;y đại thắng\" href=\"https://vi.wikipedia.org/wiki/Nh%C6%B0_c%C3%B3_B%C3%A1c_trong_ng%C3%A0y_%C4%91%E1%BA%A1i_th%E1%BA%AFng\">Như c&oacute; B&aacute;c trong ng&agrave;y đại thắng</a><span style=\"color: #202122; font-family: sans-serif;\">\".</span></p>', 'musicians\\August2020\\0fa3CO6i3AKrKAAz6vRS.jpg', '2020-08-11 20:05:19', '2020-08-11 20:05:19'),
(38, 'Thanh Sơn', '<p><strong style=\"color: #222222; font-family: arial, sans-serif; font-size: 16px;\">Thanh Sơn</strong><span style=\"color: #222222; font-family: arial, sans-serif; font-size: 16px;\">&nbsp;(1 th&aacute;ng 5 năm 1938 &ndash; 4 th&aacute;ng 4 năm 2012)&nbsp;</span><strong style=\"color: #222222; font-family: arial, sans-serif; font-size: 16px;\">l&agrave;</strong><span style=\"color: #222222; font-family: arial, sans-serif; font-size: 16px;\">&nbsp;một nhạc sĩ Việt Nam. &Ocirc;ng được biết đến từ thập ni&ecirc;n 1960 với những ca kh&uacute;c trữ t&igrave;nh n&oacute;i về tuổi học tr&ograve;. Khoảng thời gian sau, &ocirc;ng nổi tiếng với c&aacute;c ca kh&uacute;c chủ đề miền T&acirc;y Nam Bộ mang &acirc;m hưởng d&acirc;n ca Nam bộ.</span></p>', 'musicians\\August2020\\rI6ePU4gFKWYWP8Obx3o.jpg', '2020-08-11 23:34:01', '2020-08-11 23:34:01'),
(39, 'Minh Kỳ', '<p><span style=\"color: #4d5156; font-family: arial, sans-serif;\"><strong>Minh Kỳ</strong> l&agrave; nhạc sĩ trước năm 1975 nổi tiếng với ca kh&uacute;c Xu&acirc;n đ&atilde; về. &Ocirc;ng l&agrave; một trong ba th&agrave;nh vi&ecirc;n của nh&oacute;m L&ecirc; Minh Bằng.</span></p>\r\n<div id=\"gtx-trans\" style=\"position: absolute; left: -65px; top: 32px;\">\r\n<div class=\"gtx-trans-icon\">&nbsp;</div>\r\n</div>', 'musicians\\August2020\\0Zei06HGHDMJWen4YyE6.png', '2020-08-11 23:40:38', '2020-08-11 23:40:38'),
(40, 'Song Ngọc', '<p><span style=\"color: #4d5156; font-family: arial, sans-serif;\"><strong>Song Ngọc</strong> t&ecirc;n thật Nguyễn Ngọc Thương, l&agrave; một nhạc sĩ, ca sĩ người Mỹ gốc Việt. &Ocirc;ng được biết đến từ cuối thập ni&ecirc;n 1960 tại Miền Nam Việt Nam với những ca kh&uacute;c viết về t&igrave;nh y&ecirc;u.</span></p>', 'musicians\\August2020\\cQIzZvmbVJw2HQWbMNb0.jpg', '2020-08-11 23:45:02', '2020-08-11 23:45:02'),
(41, '(G)I-DLE', '<p><strong style=\"color: #4d5156; font-family: arial, sans-serif;\">(G)I-DLE</strong><span style=\"color: #4d5156; font-family: arial, sans-serif;\">&nbsp;l&agrave; một nh&oacute;m nhạc nữ đa quốc tịch hoạt động tại H&agrave;n Quốc được th&agrave;nh lập v&agrave; quản l&yacute; bởi c&ocirc;ng ty Cube Entertainment. Nh&oacute;m gồm 6 th&agrave;nh vi&ecirc;n: Miyeon, Minnie, Soojin, Soyeon, Yuqi, Shuhua. Nh&oacute;m ch&iacute;nh thức ra mắt ng&agrave;y 2 th&aacute;ng 5 năm 2018 với mini-album đầu tay I am v&agrave; đĩa đơn \"Latata\".</span></p>', 'musicians\\August2020\\h7ws5tKYfKl3kXD5bckL.jpg', '2020-08-12 00:32:23', '2020-08-12 00:32:23'),
(42, 'ONEUS', '<p><strong style=\"color: #4d5156; font-family: arial, sans-serif;\">Oneus</strong><span style=\"color: #4d5156; font-family: arial, sans-serif;\">&nbsp;l&agrave; một nh&oacute;m nhạc nam H&agrave;n Quốc được th&agrave;nh lập v&agrave; quản l&yacute; bởi c&ocirc;ng ty RBW. Nh&oacute;m gồm 6 th&agrave;nh vi&ecirc;n: Ravn, Seoho, Leedo, Keonhee, Hwanwoong v&agrave; Xion. Nh&oacute;m ch&iacute;nh thức ra mắt v&agrave;o ng&agrave;y 9 th&aacute;ng 1 năm 2019 với mini album \"Light Us\".</span></p>', 'musicians\\August2020\\8ElL2mKiYpataMf5AmN5.jpg', '2020-08-12 00:34:49', '2020-08-12 00:34:49'),
(43, 'X1', '<p><span style=\"color: #4d5156; font-family: arial, sans-serif;\">X1 l&agrave; một nh&oacute;m nhạc nam H&agrave;n Quốc được th&agrave;nh lập v&agrave;o ng&agrave;y 19 th&aacute;ng 7 năm 2019 bởi c&ocirc;ng ty CJ E&amp;M v&agrave; quản l&yacute; bởi c&ocirc;ng ty Swing Entertainment th&ocirc;ng qua chương tr&igrave;nh thực tế sống c&ograve;n Produce X 101 của k&ecirc;nh truyền h&igrave;nh Mnet.</span></p>', 'musicians\\August2020\\HmyPg092jZhr1SLiUype.jpg', '2020-08-12 00:36:59', '2020-08-12 00:36:59'),
(44, 'NCT Dream', '<p><span style=\"color: #4d5156; font-family: arial, sans-serif;\">NCT Dream l&agrave; nh&oacute;m nhỏ thứ ba của NCT, hoạt động tại H&agrave;n Quốc do SM Entertainment th&agrave;nh lập v&agrave; quản l&yacute;. Nh&oacute;m hoạt động như hệ thống của nh&oacute;m NCT U.</span></p>', 'musicians\\August2020\\YE1X2YMNOAs5LYbY7OPT.jpg', '2020-08-12 00:38:27', '2020-08-12 00:38:27'),
(45, 'Hwa Sa', '<p><strong style=\"color: #4d5156; font-family: arial, sans-serif;\">Ahn Hye-jin</strong><span style=\"color: #4d5156; font-family: arial, sans-serif;\">, được biết đến với nghệ danh&nbsp;</span><strong style=\"color: #4d5156; font-family: arial, sans-serif;\">Hwasa</strong><span style=\"color: #4d5156; font-family: arial, sans-serif;\">, l&agrave; 1 nữ ca sĩ, rapper người H&agrave;n Quốc. C&ocirc; l&agrave; th&agrave;nh vi&ecirc;n của nh&oacute;m nhạc nữ Mamamoo do c&ocirc;ng ty RBW th&agrave;nh lập v&agrave; quản l&yacute;.</span></p>', 'musicians\\August2020\\eDRoPbyT8KXCVZHN3mtp.jpg', '2020-08-12 00:40:51', '2020-08-12 00:40:51'),
(46, 'Nguyễn Đức Cường', '<p>Nguyễn Đức Cường l&agrave; một nhạc sĩ ki&ecirc;m ca sĩ,nh&agrave; sản xuất thu &acirc;m thể loại nhạc trẻ của Việt Nam. Anh l&agrave; cựu th&agrave;nh vi&ecirc;n của nh&oacute;m N&eacute;t nhạc mới. Nguyễn Đức Cường được xem l&agrave; một nhạc sĩ kh&aacute; th&agrave;nh c&ocirc;ng với những ca kh&uacute;c trở th&agrave;nh hit v&agrave; gi&agrave;nh được nhiều giải thưởng.</p>', 'musicians\\August2020\\T8oKBS6LyqRXOu1Adxnl.jpg', '2020-08-12 00:44:56', '2020-08-12 00:44:56'),
(47, 'SAINt JHN', '<p><span style=\"color: #4d5156; font-family: arial, sans-serif;\">Được dịch từ tiếng Anh<span class=\"tlSSbb\" style=\"margin-left: 4px; margin-right: 4px;\">-</span></span><span style=\"color: #4d5156; font-family: arial, sans-serif;\">Carlos St. John Phillips, được biết đến với nghệ danh Saint Jhn, l&agrave; một rapper, ca sĩ, nhạc sĩ v&agrave; nh&agrave; sản xuất thu &acirc;m người Mỹ. Anh đ&atilde; ph&aacute;t h&agrave;nh album đầu ti&ecirc;n của m&igrave;nh với biệt danh Saint Jhn, Collection One, v&agrave;o th&aacute;ng 3 năm 2018. Anh được biết đến với đĩa đơn \"Roses\", được ph&aacute;t h&agrave;nh lần đầu v&agrave;o năm 2016.</span></p>', 'musicians\\August2020\\dr6z9AyY69gm58XDNGWg.jpg', '2020-08-12 00:52:20', '2020-08-12 00:52:20'),
(48, 'Megan Jovon Ruth Pete', '<p><strong>Megan Jovon Ruth Pete</strong> (sinh ng&agrave;y 15 th&aacute;ng 2 năm 1995, nghệ danh: Megan Thee Stallion[1][2][3][4]) l&agrave; nữ rapper, ca sĩ, nhạc sĩ người Mỹ. Sinh ra ở Bexar, Texas v&agrave; lớn l&ecirc;n ở South Park, Houston, Megan Thee Stallion bắt đầu s&aacute;ng t&aacute;c v&agrave; tr&igrave;nh diễn c&aacute;c ca kh&uacute;c nhạc rap của m&igrave;nh từ tuổi thiếu ni&ecirc;n. C&ocirc; lần đầu được biết tới qua c&aacute;c video h&aacute;t rap tự do đăng tr&ecirc;n mạng x&atilde; hội.</p>\r\n<div id=\"gtx-trans\" style=\"position: absolute; left: -73px; top: 32px;\">\r\n<div class=\"gtx-trans-icon\">&nbsp;</div>\r\n</div>', 'musicians\\August2020\\OPHBPc5paI8YnFbZZPWU.jpg', '2020-08-12 00:56:18', '2020-08-12 00:56:18'),
(49, 'Finneas', '<p><span style=\"color: #4d5156; font-family: arial, sans-serif;\">Finneas O\'Connell, c&ograve;n được gọi l&agrave; FINNEAS, l&agrave; một ca sĩ, nhạc sĩ, nh&agrave; sản xuất thu &acirc;m v&agrave; diễn vi&ecirc;n người Mỹ. Anh đ&atilde; ph&aacute;t h&agrave;nh một số đĩa đơn v&agrave; đ&atilde; viết nhạc cho c&aacute;c nghệ sĩ kh&aacute;c, bao gồm cả em g&aacute;i anh, Billie Eilish, L&agrave; một diễn vi&ecirc;n, O\'Connell đ&oacute;ng vai Shane trong bộ phim Life Inside Out.</span></p>', 'musicians\\August2020\\6x5As2V5eXtIRyprtLuq.jpg', '2020-08-12 00:58:28', '2020-08-12 00:58:28'),
(50, 'Jam Jr', '<p><span style=\"color: #222222; font-family: arial, sans-serif; font-size: 16px;\">In partnership with Columbia Records, a division of Sony Music Entertainment,&nbsp;</span><strong style=\"color: #222222; font-family: arial, sans-serif; font-size: 16px;\">Jam Jr</strong><span style=\"color: #222222; font-family: arial, sans-serif; font-size: 16px;\">. recently fast-tracked production to become the world\'s first social influencer-driven, family-friendly music series. ...&nbsp;</span><strong style=\"color: #222222; font-family: arial, sans-serif; font-size: 16px;\">Jam Jr</strong><span style=\"color: #222222; font-family: arial, sans-serif; font-size: 16px;\">. is a free, parent-approved weekly showcase of young pop artists targeted at youth ages 7-14-years-old.</span></p>', 'musicians\\August2020\\AladYlkBu3UqBOg1tzA6.jpg', '2020-08-12 01:00:08', '2020-08-12 01:00:08'),
(51, 'Lauv', '<p><strong style=\"color: #222222; font-family: Roboto, Arial, sans-serif; font-size: 16px;\">Lauv</strong><span style=\"color: #222222; font-family: Roboto, Arial, sans-serif; font-size: 16px;\">&nbsp;c&oacute; t&ecirc;n thật&nbsp;</span><strong style=\"color: #222222; font-family: Roboto, Arial, sans-serif; font-size: 16px;\">l&agrave;</strong><span style=\"color: #222222; font-family: Roboto, Arial, sans-serif; font-size: 16px;\">&nbsp;Ari Leff sinh ra ở San Franisco, được kh&aacute;n giả biết đến bằng c&aacute;c ca kh&uacute;c h&aacute;t về những cuộc chia tay. Anh say m&ecirc; với những bản nhạc n&oacute;i về vết thương l&ograve;ng ngay cả khi m&igrave;nh c&ograve;n chưa biết đến t&igrave;nh y&ecirc;u. &ldquo;B&agrave;i h&aacute;t đầu ti&ecirc;n t&ocirc;i viết năm 13 tuổi t&ecirc;n&nbsp;</span><strong style=\"color: #222222; font-family: Roboto, Arial, sans-serif; font-size: 16px;\">l&agrave;</strong><span style=\"color: #222222; font-family: Roboto, Arial, sans-serif; font-size: 16px;\"> &ldquo;Parting Ways&rdquo;.</span></p>', 'musicians\\August2020\\H8Q09RIlYDiyTObTv5Z8.jpg', '2020-08-12 01:07:13', '2020-08-12 01:07:13'),
(52, 'Alan Walker', '<p><strong style=\"color: #202122; font-family: sans-serif;\">Alan Olav Walker</strong><span style=\"color: #202122; font-family: sans-serif;\">&nbsp;(sinh ng&agrave;y&nbsp;</span><a style=\"text-decoration-line: none; color: #0b0080; background-image: none; background-position: initial; background-size: initial; background-repeat: initial; background-attachment: initial; background-origin: initial; background-clip: initial; font-family: sans-serif;\" title=\"24 th&aacute;ng 8\" href=\"https://vi.wikipedia.org/wiki/24_th%C3%A1ng_8\">24 th&aacute;ng 8</a><span style=\"color: #202122; font-family: sans-serif;\">&nbsp;năm&nbsp;</span><a style=\"text-decoration-line: none; color: #0b0080; background-image: none; background-position: initial; background-size: initial; background-repeat: initial; background-attachment: initial; background-origin: initial; background-clip: initial; font-family: sans-serif;\" title=\"1997\" href=\"https://vi.wikipedia.org/wiki/1997\">1997</a><span style=\"color: #202122; font-family: sans-serif;\">), thường được biết đến với nghệ danh&nbsp;</span><strong style=\"color: #202122; font-family: sans-serif;\">Alan Walker</strong><span style=\"color: #202122; font-family: sans-serif;\">&nbsp;l&agrave; một nam&nbsp;</span><a style=\"text-decoration-line: none; color: #0b0080; background-image: none; background-position: initial; background-size: initial; background-repeat: initial; background-attachment: initial; background-origin: initial; background-clip: initial; font-family: sans-serif;\" title=\"DJ\" href=\"https://vi.wikipedia.org/wiki/DJ\">DJ</a><span style=\"color: #202122; font-family: sans-serif;\">&nbsp;v&agrave;&nbsp;</span><a class=\"mw-redirect\" style=\"text-decoration-line: none; color: #0b0080; background-image: none; background-position: initial; background-size: initial; background-repeat: initial; background-attachment: initial; background-origin: initial; background-clip: initial; font-family: sans-serif;\" title=\"Nh&agrave; sản xuất thu &acirc;m\" href=\"https://vi.wikipedia.org/wiki/Nh%C3%A0_s%E1%BA%A3n_xu%E1%BA%A5t_thu_%C3%A2m\">nh&agrave; sản xuất thu &acirc;m</a><span style=\"color: #202122; font-family: sans-serif;\">&nbsp;người&nbsp;</span><a style=\"text-decoration-line: none; color: #0b0080; background-image: none; background-position: initial; background-size: initial; background-repeat: initial; background-attachment: initial; background-origin: initial; background-clip: initial; font-family: sans-serif;\" title=\"Na Uy\" href=\"https://vi.wikipedia.org/wiki/Na_Uy\">Na Uy</a><span style=\"color: #202122; font-family: sans-serif;\">&nbsp;gốc&nbsp;</span><a style=\"text-decoration-line: none; color: #0b0080; background-image: none; background-position: initial; background-size: initial; background-repeat: initial; background-attachment: initial; background-origin: initial; background-clip: initial; font-family: sans-serif;\" title=\"Anh\" href=\"https://vi.wikipedia.org/wiki/Anh\">Anh</a><span style=\"color: #202122; font-family: sans-serif;\">. V&agrave;o năm 2015, Walker bắt đầu trở n&ecirc;n nổi tiếng tr&ecirc;n phạm vi quốc tế sau khi ph&aacute;t h&agrave;nh đĩa đơn \"</span><a style=\"text-decoration-line: none; color: #0b0080; background-image: none; background-position: initial; background-size: initial; background-repeat: initial; background-attachment: initial; background-origin: initial; background-clip: initial; font-family: sans-serif;\" title=\"Faded (b&agrave;i h&aacute;t của Alan Walker)\" href=\"https://vi.wikipedia.org/wiki/Faded_(b%C3%A0i_h%C3%A1t_c%E1%BB%A7a_Alan_Walker)\">Faded</a><span style=\"color: #202122; font-family: sans-serif;\">\" v&agrave; nhận được chứng nhận bạch kim tại 14 quốc gia.</span></p>', 'musicians\\August2020\\4vvNFHIdPSyRy1p0Qwz7.jpg', '2020-08-12 01:21:58', '2020-08-12 01:21:58'),
(53, 'Đinh Tùng Huy', '<p><strong>ĐINH T&Ugrave;NG HUY</strong>: sinh ra ở TH&Aacute;I B&Igrave;NH. Sau khi tốt nghiệp phổ th&ocirc;ng, anh đ&atilde; theo đuổi đam m&ecirc; va theo học tại trường cao đẳng văn hoa, nghệ thuật tại s&agrave;i gon... Được sự ủng hộ nhiệt t&igrave;nh từ ph&iacute;a gia đ&igrave;nh anh đ&atilde; tham gia rất nhiều cuộc thi &acirc;m nhạc. Năm 2012 anh đ&atilde; tham gia cuộc thi y&ecirc;u ca h&aacute;t, anh đ&atilde; đạt giải nhất trong cuộc thi...từ đ&oacute; anh đ&atilde; định hướng được sỡ trường v&agrave; d&ograve;ng nhạc minh theo đuổi... B&ecirc;n cạnh đ&oacute; a c&ograve;n l&agrave; nhạc sĩ trẻ, anh đ&atilde; s&aacute;ng t&aacute;c rất nhiều ca kh&uacute;c cho c&aacute;c ca sĩ nổi tiếng như: kenvil kh&aacute;nh, anh qu&acirc;n idol, chu bin, kh&aacute;nh phuong.... V&agrave; một số ca si trẻ kh&aacute;c</p>', 'musicians\\August2020\\dE0XFkBbuaYYmOND5IBt.jpg', '2020-08-12 01:28:19', '2020-08-12 01:28:19');

-- --------------------------------------------------------

--
-- Table structure for table `nations`
--

CREATE TABLE `nations` (
  `id` int(10) UNSIGNED NOT NULL,
  `name` varchar(255) COLLATE utf8mb4_unicode_ci DEFAULT NULL,
  `created_at` timestamp NULL DEFAULT NULL,
  `updated_at` timestamp NULL DEFAULT NULL
) ENGINE=InnoDB DEFAULT CHARSET=utf8mb4 COLLATE=utf8mb4_unicode_ci;

--
-- Dumping data for table `nations`
--

INSERT INTO `nations` (`id`, `name`, `created_at`, `updated_at`) VALUES
(6, 'Vietnam', '2020-08-11 18:19:00', '2020-08-31 21:24:17'),
(7, 'US-UK', '2020-08-11 18:19:00', '2020-08-31 21:24:11'),
(8, 'Korean', '2020-08-11 18:20:00', '2020-08-31 21:24:01');

-- --------------------------------------------------------

--
-- Table structure for table `password_resets`
--

CREATE TABLE `password_resets` (
  `email` varchar(255) COLLATE utf8mb4_unicode_ci NOT NULL,
  `token` varchar(255) COLLATE utf8mb4_unicode_ci NOT NULL,
  `created_at` timestamp NULL DEFAULT NULL
) ENGINE=InnoDB DEFAULT CHARSET=utf8mb4 COLLATE=utf8mb4_unicode_ci;

--
-- Dumping data for table `password_resets`
--

INSERT INTO `password_resets` (`email`, `token`, `created_at`) VALUES
('quang@mail.com', '$2y$10$AswYQH83b5F3zw0iYKKxlufRFNwB1eCdQSue8.tq/cPfRImFgsnRe', '2020-07-29 01:29:26');

-- --------------------------------------------------------

--
-- Table structure for table `permissions`
--

CREATE TABLE `permissions` (
  `id` bigint(20) UNSIGNED NOT NULL,
  `key` varchar(255) COLLATE utf8mb4_unicode_ci NOT NULL,
  `table_name` varchar(255) COLLATE utf8mb4_unicode_ci DEFAULT NULL,
  `created_at` timestamp NULL DEFAULT NULL,
  `updated_at` timestamp NULL DEFAULT NULL
) ENGINE=InnoDB DEFAULT CHARSET=utf8mb4 COLLATE=utf8mb4_unicode_ci;

--
-- Dumping data for table `permissions`
--

INSERT INTO `permissions` (`id`, `key`, `table_name`, `created_at`, `updated_at`) VALUES
(1, 'browse_admin', NULL, '2020-07-23 19:21:54', '2020-07-23 19:21:54'),
(2, 'browse_bread', NULL, '2020-07-23 19:21:54', '2020-07-23 19:21:54'),
(3, 'browse_database', NULL, '2020-07-23 19:21:54', '2020-07-23 19:21:54'),
(4, 'browse_media', NULL, '2020-07-23 19:21:54', '2020-07-23 19:21:54'),
(5, 'browse_compass', NULL, '2020-07-23 19:21:54', '2020-07-23 19:21:54'),
(6, 'browse_menus', 'menus', '2020-07-23 19:21:54', '2020-07-23 19:21:54'),
(7, 'read_menus', 'menus', '2020-07-23 19:21:54', '2020-07-23 19:21:54'),
(8, 'edit_menus', 'menus', '2020-07-23 19:21:54', '2020-07-23 19:21:54'),
(9, 'add_menus', 'menus', '2020-07-23 19:21:54', '2020-07-23 19:21:54'),
(10, 'delete_menus', 'menus', '2020-07-23 19:21:54', '2020-07-23 19:21:54'),
(11, 'browse_roles', 'roles', '2020-07-23 19:21:54', '2020-07-23 19:21:54'),
(12, 'read_roles', 'roles', '2020-07-23 19:21:54', '2020-07-23 19:21:54'),
(13, 'edit_roles', 'roles', '2020-07-23 19:21:54', '2020-07-23 19:21:54'),
(14, 'add_roles', 'roles', '2020-07-23 19:21:54', '2020-07-23 19:21:54'),
(15, 'delete_roles', 'roles', '2020-07-23 19:21:54', '2020-07-23 19:21:54'),
(16, 'browse_users', 'users', '2020-07-23 19:21:54', '2020-07-23 19:21:54'),
(17, 'read_users', 'users', '2020-07-23 19:21:54', '2020-07-23 19:21:54'),
(18, 'edit_users', 'users', '2020-07-23 19:21:54', '2020-07-23 19:21:54'),
(19, 'add_users', 'users', '2020-07-23 19:21:54', '2020-07-23 19:21:54'),
(20, 'delete_users', 'users', '2020-07-23 19:21:54', '2020-07-23 19:21:54'),
(21, 'browse_settings', 'settings', '2020-07-23 19:21:54', '2020-07-23 19:21:54'),
(22, 'read_settings', 'settings', '2020-07-23 19:21:54', '2020-07-23 19:21:54'),
(23, 'edit_settings', 'settings', '2020-07-23 19:21:54', '2020-07-23 19:21:54'),
(24, 'add_settings', 'settings', '2020-07-23 19:21:54', '2020-07-23 19:21:54'),
(25, 'delete_settings', 'settings', '2020-07-23 19:21:54', '2020-07-23 19:21:54'),
(41, 'browse_hooks', NULL, '2020-07-23 19:21:54', '2020-07-23 19:21:54'),
(52, 'browse_musicians', 'musicians', '2020-07-24 18:24:36', '2020-07-24 18:24:36'),
(53, 'read_musicians', 'musicians', '2020-07-24 18:24:36', '2020-07-24 18:24:36'),
(54, 'edit_musicians', 'musicians', '2020-07-24 18:24:36', '2020-07-24 18:24:36'),
(55, 'add_musicians', 'musicians', '2020-07-24 18:24:36', '2020-07-24 18:24:36'),
(56, 'delete_musicians', 'musicians', '2020-07-24 18:24:36', '2020-07-24 18:24:36'),
(67, 'browse_nations', 'nations', '2020-07-24 19:44:52', '2020-07-24 19:44:52'),
(68, 'read_nations', 'nations', '2020-07-24 19:44:52', '2020-07-24 19:44:52'),
(69, 'edit_nations', 'nations', '2020-07-24 19:44:52', '2020-07-24 19:44:52'),
(70, 'add_nations', 'nations', '2020-07-24 19:44:52', '2020-07-24 19:44:52'),
(71, 'delete_nations', 'nations', '2020-07-24 19:44:52', '2020-07-24 19:44:52'),
(77, 'browse_singers', 'singers', '2020-07-24 20:54:22', '2020-07-24 20:54:22'),
(78, 'read_singers', 'singers', '2020-07-24 20:54:22', '2020-07-24 20:54:22'),
(79, 'edit_singers', 'singers', '2020-07-24 20:54:22', '2020-07-24 20:54:22'),
(80, 'add_singers', 'singers', '2020-07-24 20:54:22', '2020-07-24 20:54:22'),
(81, 'delete_singers', 'singers', '2020-07-24 20:54:22', '2020-07-24 20:54:22'),
(167, 'browse_albums', 'albums', '2020-07-29 03:00:15', '2020-07-29 03:00:15'),
(168, 'read_albums', 'albums', '2020-07-29 03:00:15', '2020-07-29 03:00:15'),
(169, 'edit_albums', 'albums', '2020-07-29 03:00:15', '2020-07-29 03:00:15'),
(170, 'add_albums', 'albums', '2020-07-29 03:00:15', '2020-07-29 03:00:15'),
(171, 'delete_albums', 'albums', '2020-07-29 03:00:15', '2020-07-29 03:00:15'),
(177, 'browse_playlists', 'playlists', '2020-07-29 03:22:08', '2020-07-29 03:22:08'),
(178, 'read_playlists', 'playlists', '2020-07-29 03:22:08', '2020-07-29 03:22:08'),
(179, 'edit_playlists', 'playlists', '2020-07-29 03:22:08', '2020-07-29 03:22:08'),
(180, 'add_playlists', 'playlists', '2020-07-29 03:22:08', '2020-07-29 03:22:08'),
(181, 'delete_playlists', 'playlists', '2020-07-29 03:22:08', '2020-07-29 03:22:08'),
(182, 'browse_detailplaylists', 'detailplaylists', '2020-07-29 03:24:25', '2020-07-29 03:24:25'),
(183, 'read_detailplaylists', 'detailplaylists', '2020-07-29 03:24:25', '2020-07-29 03:24:25'),
(184, 'edit_detailplaylists', 'detailplaylists', '2020-07-29 03:24:25', '2020-07-29 03:24:25'),
(185, 'add_detailplaylists', 'detailplaylists', '2020-07-29 03:24:25', '2020-07-29 03:24:25'),
(186, 'delete_detailplaylists', 'detailplaylists', '2020-07-29 03:24:25', '2020-07-29 03:24:25'),
(192, 'browse_comments', 'comments', '2020-07-29 18:08:39', '2020-07-29 18:08:39'),
(193, 'read_comments', 'comments', '2020-07-29 18:08:39', '2020-07-29 18:08:39'),
(194, 'edit_comments', 'comments', '2020-07-29 18:08:39', '2020-07-29 18:08:39'),
(195, 'add_comments', 'comments', '2020-07-29 18:08:39', '2020-07-29 18:08:39'),
(196, 'delete_comments', 'comments', '2020-07-29 18:08:39', '2020-07-29 18:08:39'),
(202, 'browse_detailsongs', 'detailsongs', '2020-08-11 17:27:41', '2020-08-11 17:27:41'),
(203, 'read_detailsongs', 'detailsongs', '2020-08-11 17:27:41', '2020-08-11 17:27:41'),
(204, 'edit_detailsongs', 'detailsongs', '2020-08-11 17:27:41', '2020-08-11 17:27:41'),
(205, 'add_detailsongs', 'detailsongs', '2020-08-11 17:27:41', '2020-08-11 17:27:41'),
(206, 'delete_detailsongs', 'detailsongs', '2020-08-11 17:27:41', '2020-08-11 17:27:41'),
(207, 'browse_songs', 'songs', '2020-08-11 17:33:10', '2020-08-11 17:33:10'),
(208, 'read_songs', 'songs', '2020-08-11 17:33:10', '2020-08-11 17:33:10'),
(209, 'edit_songs', 'songs', '2020-08-11 17:33:10', '2020-08-11 17:33:10'),
(210, 'add_songs', 'songs', '2020-08-11 17:33:10', '2020-08-11 17:33:10'),
(211, 'delete_songs', 'songs', '2020-08-11 17:33:10', '2020-08-11 17:33:10'),
(212, 'browse_categories', 'categories', '2020-08-11 18:11:28', '2020-08-11 18:11:28'),
(213, 'read_categories', 'categories', '2020-08-11 18:11:28', '2020-08-11 18:11:28'),
(214, 'edit_categories', 'categories', '2020-08-11 18:11:28', '2020-08-11 18:11:28'),
(215, 'add_categories', 'categories', '2020-08-11 18:11:28', '2020-08-11 18:11:28'),
(216, 'delete_categories', 'categories', '2020-08-11 18:11:28', '2020-08-11 18:11:28'),
(217, 'browse_detailalbums', 'detailalbums', '2020-08-17 00:50:12', '2020-08-17 00:50:12'),
(218, 'read_detailalbums', 'detailalbums', '2020-08-17 00:50:12', '2020-08-17 00:50:12'),
(219, 'edit_detailalbums', 'detailalbums', '2020-08-17 00:50:12', '2020-08-17 00:50:12'),
(220, 'add_detailalbums', 'detailalbums', '2020-08-17 00:50:12', '2020-08-17 00:50:12'),
(221, 'delete_detailalbums', 'detailalbums', '2020-08-17 00:50:12', '2020-08-17 00:50:12');

-- --------------------------------------------------------

--
-- Table structure for table `permission_role`
--

CREATE TABLE `permission_role` (
  `permission_id` bigint(20) UNSIGNED NOT NULL,
  `role_id` bigint(20) UNSIGNED NOT NULL
) ENGINE=InnoDB DEFAULT CHARSET=utf8mb4 COLLATE=utf8mb4_unicode_ci;

--
-- Dumping data for table `permission_role`
--

INSERT INTO `permission_role` (`permission_id`, `role_id`) VALUES
(1, 1),
(11, 1),
(12, 1),
(13, 1),
(14, 1),
(16, 1),
(17, 1),
(18, 1),
(19, 1),
(21, 1),
(22, 1),
(23, 1),
(24, 1),
(25, 1),
(52, 1),
(53, 1),
(54, 1),
(55, 1),
(56, 1),
(67, 1),
(69, 1),
(70, 1),
(71, 1),
(77, 1),
(78, 1),
(79, 1),
(80, 1),
(81, 1),
(167, 1),
(168, 1),
(169, 1),
(170, 1),
(171, 1),
(207, 1),
(208, 1),
(209, 1),
(210, 1),
(211, 1),
(212, 1),
(214, 1),
(215, 1),
(216, 1);

-- --------------------------------------------------------

--
-- Table structure for table `playlists`
--

CREATE TABLE `playlists` (
  `id` int(10) UNSIGNED NOT NULL,
  `user_id` bigint(20) UNSIGNED NOT NULL,
  `name` varchar(255) COLLATE utf8mb4_unicode_ci NOT NULL,
  `created_at` timestamp NULL DEFAULT NULL,
  `updated_at` timestamp NULL DEFAULT NULL
) ENGINE=InnoDB DEFAULT CHARSET=utf8mb4 COLLATE=utf8mb4_unicode_ci;

-- --------------------------------------------------------

--
-- Table structure for table `roles`
--

CREATE TABLE `roles` (
  `id` bigint(20) UNSIGNED NOT NULL,
  `name` varchar(255) COLLATE utf8mb4_unicode_ci NOT NULL,
  `display_name` varchar(255) COLLATE utf8mb4_unicode_ci NOT NULL,
  `created_at` timestamp NULL DEFAULT NULL,
  `updated_at` timestamp NULL DEFAULT NULL
) ENGINE=InnoDB DEFAULT CHARSET=utf8mb4 COLLATE=utf8mb4_unicode_ci;

--
-- Dumping data for table `roles`
--

INSERT INTO `roles` (`id`, `name`, `display_name`, `created_at`, `updated_at`) VALUES
(1, 'admin', 'Administrator', '2020-07-23 19:21:54', '2020-07-23 19:21:54'),
(2, 'user', 'Normal User', '2020-07-23 19:21:54', '2020-07-23 19:21:54');

-- --------------------------------------------------------

--
-- Table structure for table `settings`
--

CREATE TABLE `settings` (
  `id` int(10) UNSIGNED NOT NULL,
  `key` varchar(255) COLLATE utf8mb4_unicode_ci NOT NULL,
  `display_name` varchar(255) COLLATE utf8mb4_unicode_ci NOT NULL,
  `value` text COLLATE utf8mb4_unicode_ci DEFAULT NULL,
  `details` text COLLATE utf8mb4_unicode_ci DEFAULT NULL,
  `type` varchar(255) COLLATE utf8mb4_unicode_ci NOT NULL,
  `order` int(11) NOT NULL DEFAULT 1,
  `group` varchar(255) COLLATE utf8mb4_unicode_ci DEFAULT NULL
) ENGINE=InnoDB DEFAULT CHARSET=utf8mb4 COLLATE=utf8mb4_unicode_ci;

--
-- Dumping data for table `settings`
--

INSERT INTO `settings` (`id`, `key`, `display_name`, `value`, `details`, `type`, `order`, `group`) VALUES
(5, 'admin.bg_image', 'Admin Background Image', 'settings\\July2020\\njKzI9AEQf8ZlCnuwo9f.jpg', '', 'image', 5, 'Admin'),
(6, 'admin.title', 'Admin Title', 'Voyager', '', 'text', 1, 'Admin'),
(7, 'admin.description', 'Admin Description', 'Welcome to Voyager. The Missing Admin for Laravel', '', 'text', 2, 'Admin'),
(10, 'admin.google_analytics_client_id', 'Google Analytics Client ID (used for admin dashboard)', '203739812066-buovbkmjrei592fg7sfe7uctqe367otd.apps.googleusercontent.com', '', 'text', 1, 'Admin'),
(16, 'site.Logo', 'Logo', 'settings\\August2020\\BKhLOcZBmUf7QzOT9e96.png', NULL, 'image', 6, 'Site'),
(18, 'site.user-logo', 'User Logo', 'settings\\August2020\\B1ANdQdgnhxUJoClYjks.png', NULL, 'image', 7, 'Site'),
(19, 'site.footer1', 'Footer1', 'settings\\September2020\\0cPbfa55s5RrrJ6hZR3z.png', NULL, 'image', 8, 'Site'),
(20, 'site.footer2', 'Footer2', 'settings\\September2020\\dBo0LhJe4rRRoe01bEkB.png', NULL, 'image', 9, 'Site'),
(21, 'site.footer3', 'Footer3', 'settings\\September2020\\pJT6f36YHuygt9YiJyDP.png', NULL, 'image', 10, 'Site'),
(22, 'site.Aboutus2', 'Aboutus-2', 'settings\\September2020\\J0X6yfqJluD7kT3y0NKl.jpg', NULL, 'image', 11, 'Site'),
(23, 'site.Aboutus1', 'Aboutus-1', 'settings\\September2020\\sVHcwBRJfjf17V7xm2tW.JPG', NULL, 'image', 12, 'Site'),
(24, 'site.Aboutus3', 'Aboutus-3', 'settings\\September2020\\52zPseUPpFqo3raIoNJT.jpg', NULL, 'image', 13, 'Site');

-- --------------------------------------------------------

--
-- Table structure for table `singers`
--

CREATE TABLE `singers` (
  `id` int(10) UNSIGNED NOT NULL,
  `name` varchar(255) COLLATE utf8mb4_unicode_ci DEFAULT NULL,
  `description` varchar(15000) COLLATE utf8mb4_unicode_ci DEFAULT NULL,
  `image` varchar(250) COLLATE utf8mb4_unicode_ci DEFAULT NULL,
  `created_at` timestamp NULL DEFAULT NULL,
  `updated_at` timestamp NULL DEFAULT NULL
) ENGINE=InnoDB DEFAULT CHARSET=utf8mb4 COLLATE=utf8mb4_unicode_ci;

--
-- Dumping data for table `singers`
--

INSERT INTO `singers` (`id`, `name`, `description`, `image`, `created_at`, `updated_at`) VALUES
(4, 'Jack', '<p style=\"margin: 0.5em 0px; color: #202122; font-family: sans-serif;\"><strong>Trịnh Trần Phương Tuấn</strong>&nbsp;(sinh ng&agrave;y&nbsp;<a style=\"text-decoration-line: none; color: #0b0080; background: none;\" title=\"12 th&aacute;ng 4\" href=\"https://vi.wikipedia.org/wiki/12_th%C3%A1ng_4\">12 th&aacute;ng 4</a>&nbsp;năm&nbsp;<a style=\"text-decoration-line: none; color: #0b0080; background: none;\" title=\"1997\" href=\"https://vi.wikipedia.org/wiki/1997\">1997</a>), thường được biết đến với nghệ danh&nbsp;<strong>Jack</strong>&nbsp;hay&nbsp;<strong>J97</strong>, l&agrave; một nam&nbsp;<a style=\"text-decoration-line: none; color: #0b0080; background: none;\" title=\"Ca sĩ\" href=\"https://vi.wikipedia.org/wiki/Ca_s%C4%A9\">ca sĩ</a>,&nbsp;<a style=\"text-decoration-line: none; color: #0b0080; background: none;\" title=\"Nhạc sĩ\" href=\"https://vi.wikipedia.org/wiki/Nh%E1%BA%A1c_s%C4%A9\">nhạc sĩ</a>,&nbsp;<a class=\"mw-redirect\" style=\"text-decoration-line: none; color: #0b0080; background: none;\" title=\"Rapper\" href=\"https://vi.wikipedia.org/wiki/Rapper\">rapper</a>&nbsp;<a class=\"mw-redirect mw-disambig\" style=\"text-decoration-line: none; color: #0b0080; background: none;\" title=\"Người Việt Nam\" href=\"https://vi.wikipedia.org/wiki/Ng%C6%B0%E1%BB%9Di_Vi%E1%BB%87t_Nam\">người Việt Nam</a>.</p>\r\n<p style=\"margin: 0.5em 0px; color: #202122; font-family: sans-serif;\">Jack bắt đầu nổi tiếng khi hoạt động trong nh&oacute;m G5R v&agrave; ph&aacute;t h&agrave;nh b&agrave;i h&aacute;t \"Hồng nhan\". Trong suốt sự nghiệp của m&igrave;nh, anh đ&atilde; nhận được ba giải thưởng tại giải&nbsp;<a style=\"text-decoration-line: none; color: #0b0080; background: none;\" title=\"L&agrave;n S&oacute;ng Xanh\" href=\"https://vi.wikipedia.org/wiki/L%C3%A0n_S%C3%B3ng_Xanh\">L&agrave;n S&oacute;ng Xanh</a>&nbsp;v&agrave; hai giải thưởng tại&nbsp;<a style=\"text-decoration-line: none; color: #0b0080; background: none;\" title=\"Zing Music Awards\" href=\"https://vi.wikipedia.org/wiki/Zing_Music_Awards\">Zing Music Awards</a>. Ngo&agrave;i ra, anh c&ograve;n được trao giải thưởng&nbsp;<em>Nghệ sĩ Ch&acirc;u &Aacute; mới xuất sắc tại Việt Nam</em>&nbsp;ở lễ trao giải&nbsp;<a class=\"mw-redirect\" style=\"text-decoration-line: none; color: #0b0080; background: none;\" title=\"Mnet Asian Music Awards\" href=\"https://vi.wikipedia.org/wiki/Mnet_Asian_Music_Awards\">Mnet Asian Music Awards</a> 2019.</p>', 'singers\\August2020\\Ns333UpaN2bBK2tor8Qz.jpg', '2020-08-11 20:07:06', '2020-08-11 20:07:06'),
(5, 'Hoài Lâm', '<p><span style=\"color: #32323d; font-family: Roboto, sans-serif; background-color: rgba(255, 255, 255, 0.75);\">Ho&agrave;i L&acirc;m t&ecirc;n thật l&agrave; Nguyễn Tuấn Lộc, sinh năm 1995 tại Vĩnh Long trong một gia đ&igrave;nh c&oacute; truyền thống nghệ thuật. V&igrave; đam m&ecirc; ca h&aacute;t n&ecirc;n năm 13 tuổi Ho&agrave;i L&acirc;m đ&atilde; một m&igrave;nh l&ecirc;n S&agrave;i G&ograve;n để theo đuổi niềm đam m&ecirc; ca h&aacute;t của m&igrave;nh. Cũng v&agrave;o thời điểm n&agrave;y, anh may mắn được nghệ sĩ Ho&agrave;i Linh y&ecirc;u qu&yacute; v&agrave; nhận l&agrave;m con nu&ocirc;i để chỉ bảo, dẫn dắt trong cuộc sống h&agrave;ng ng&agrave;y cũng như trong nghệ thuật.</span><br style=\"text-rendering: optimizelegibility; -webkit-font-smoothing: antialiased; box-sizing: border-box; color: #32323d; font-family: Roboto, sans-serif; background-color: rgba(255, 255, 255, 0.75);\" /><span style=\"color: #32323d; font-family: Roboto, sans-serif; background-color: rgba(255, 255, 255, 0.75);\">Bằng tất cả sự nỗ lực r&egrave;n luyện của bản th&acirc;n v&agrave; sự chỉ bảo của đ&agrave;n anh, đ&agrave;n chị trong nghề Ho&agrave;i L&acirc;m đ&atilde; dần c&oacute; một vị tr&iacute; trong l&ograve;ng kh&aacute;n giả, đặc biệt l&agrave; d&ograve;ng nhạc qu&ecirc; hương, trữ t&igrave;nh m&agrave; anh đang theo đuổi. Năm 2014 Ho&agrave;i L&acirc;m đoạt qu&aacute;n qu&acirc;n chương tr&igrave;nh truyền h&igrave;nh &ldquo;Gương Mặt Th&acirc;n Quen&rdquo; đầy thuyết phục.</span><br style=\"text-rendering: optimizelegibility; -webkit-font-smoothing: antialiased; box-sizing: border-box; color: #32323d; font-family: Roboto, sans-serif; background-color: rgba(255, 255, 255, 0.75);\" /><br style=\"text-rendering: optimizelegibility; -webkit-font-smoothing: antialiased; box-sizing: border-box; color: #32323d; font-family: Roboto, sans-serif; background-color: rgba(255, 255, 255, 0.75);\" /><span style=\"color: #32323d; font-family: Roboto, sans-serif; background-color: rgba(255, 255, 255, 0.75);\">Ng&agrave;y 05/8/2014, Ho&agrave;i L&acirc;m ch&iacute;nh thức ph&aacute;t h&agrave;nh tr&ecirc;n trang mạng nghe nhạc trực tuyến Zing! MP3 single nhạc trẻ đầu ti&ecirc;n c&oacute; t&ecirc;n: \"Như những ph&uacute;t ban đầu\" do nhạc sĩ Tiến Minh s&aacute;ng t&aacute;c. Single n&agrave;y đ&atilde; thu h&uacute;t được 1 triệu lượt nghe tr&ecirc;n trang Zing! MP3 sau 67 giờ ph&aacute;t h&agrave;nh.</span><br style=\"text-rendering: optimizelegibility; -webkit-font-smoothing: antialiased; box-sizing: border-box; color: #32323d; font-family: Roboto, sans-serif; background-color: rgba(255, 255, 255, 0.75);\" /><span style=\"color: #32323d; font-family: Roboto, sans-serif; background-color: rgba(255, 255, 255, 0.75);\">Ng&agrave;y 20/11/2014, Ho&agrave;i L&acirc;m ph&aacute;t h&agrave;nh single thứ hai đồng thời l&agrave; s&aacute;ng t&aacute;c đầu tay c&oacute; t&ecirc;n: \"C&oacute; khi\". Ca kh&uacute;c n&agrave;y đ&atilde; nhận được 1 triệu lượt nghe tr&ecirc;n Zing sau 28 giờ ph&aacute;t h&agrave;nh.</span><br style=\"text-rendering: optimizelegibility; -webkit-font-smoothing: antialiased; box-sizing: border-box; color: #32323d; font-family: Roboto, sans-serif; background-color: rgba(255, 255, 255, 0.75);\" /><span style=\"color: #32323d; font-family: Roboto, sans-serif; background-color: rgba(255, 255, 255, 0.75);\">Ho&agrave;i L&acirc;m đ&atilde; tham gia phim h&agrave;i Tết Qu&yacute; tử bất đắc dĩ c&ugrave;ng với c&aacute;c diễn vi&ecirc;n gạo cội v&agrave; bố Ho&agrave;i Linh v&agrave; được c&ocirc;ng chiếu v&agrave;o 12/2/2015 ở rạp khắp to&agrave;n quốc v&agrave; nhận được rất nhiều phản hồi th&iacute;ch cực từ kh&aacute;n giả.</span></p>', 'singers\\August2020\\5ImPdL89RlgAI5cHWBLY.jpg', '2020-08-11 20:07:35', '2020-08-11 20:07:35'),
(6, 'Sơn Tùng M-TP', '<p><strong style=\"color: #202122; font-family: sans-serif;\">Nguyễn Thanh T&ugrave;ng</strong><span style=\"color: #202122; font-family: sans-serif;\">&nbsp;(sinh ng&agrave;y 5 th&aacute;ng 7 năm 1994), thường được biết đến với&nbsp;</span><a style=\"text-decoration-line: none; color: #0b0080; background-image: none; background-position: initial; background-size: initial; background-repeat: initial; background-attachment: initial; background-origin: initial; background-clip: initial; font-family: sans-serif;\" title=\"Nghệ danh\" href=\"https://vi.wikipedia.org/wiki/Ngh%E1%BB%87_danh\">nghệ danh</a><span style=\"color: #202122; font-family: sans-serif;\">&nbsp;</span><strong style=\"color: #202122; font-family: sans-serif;\">Sơn T&ugrave;ng M-TP</strong><span style=\"color: #202122; font-family: sans-serif;\">, l&agrave; một nam&nbsp;</span><a style=\"text-decoration-line: none; color: #0b0080; background-image: none; background-position: initial; background-size: initial; background-repeat: initial; background-attachment: initial; background-origin: initial; background-clip: initial; font-family: sans-serif;\" title=\"Ca sĩ\" href=\"https://vi.wikipedia.org/wiki/Ca_s%C4%A9\">ca sĩ</a><span style=\"color: #202122; font-family: sans-serif;\">,&nbsp;</span><a style=\"text-decoration-line: none; color: #0b0080; background-image: none; background-position: initial; background-size: initial; background-repeat: initial; background-attachment: initial; background-origin: initial; background-clip: initial; font-family: sans-serif;\" title=\"Nhạc sĩ\" href=\"https://vi.wikipedia.org/wiki/Nh%E1%BA%A1c_s%C4%A9\">nhạc sĩ</a><span style=\"color: #202122; font-family: sans-serif;\">&nbsp;v&agrave;&nbsp;</span><a style=\"text-decoration-line: none; color: #0b0080; background-image: none; background-position: initial; background-size: initial; background-repeat: initial; background-attachment: initial; background-origin: initial; background-clip: initial; font-family: sans-serif;\" title=\"Diễn vi&ecirc;n\" href=\"https://vi.wikipedia.org/wiki/Di%E1%BB%85n_vi%C3%AAn\">diễn vi&ecirc;n</a><span style=\"color: #202122; font-family: sans-serif;\">&nbsp;người&nbsp;</span><a style=\"text-decoration-line: none; color: #0b0080; background-image: none; background-position: initial; background-size: initial; background-repeat: initial; background-attachment: initial; background-origin: initial; background-clip: initial; font-family: sans-serif;\" title=\"Việt Nam\" href=\"https://vi.wikipedia.org/wiki/Vi%E1%BB%87t_Nam\">Việt Nam</a><span style=\"color: #202122; font-family: sans-serif;\">.</span></p>', 'singers\\August2020\\PzK7RhLaSNBGQ4t2lEKF.jpg', '2020-08-11 20:08:14', '2020-08-11 20:08:14'),
(7, 'Jaykii', '<p><strong style=\"color: #2e3338; font-family: Whitney, \'Helvetica Neue\', Helvetica, Arial, sans-serif; font-size: 16px; white-space: break-spaces;\">Jaykii</strong><span style=\"color: #2e3338; font-family: Whitney, \'Helvetica Neue\', Helvetica, Arial, sans-serif; font-size: 16px; white-space: break-spaces;\"> (t&ecirc;n thật l&agrave; Trần Anh Qu&acirc;n, sinh ng&agrave;y 21/09/1993 tại H&agrave; Nội), l&agrave; nam ca sĩ trẻ người Việt Nam. </span><strong style=\"color: #2e3338; font-family: Whitney, \'Helvetica Neue\', Helvetica, Arial, sans-serif; font-size: 16px; white-space: break-spaces;\">Jaykii</strong><span style=\"color: #2e3338; font-family: Whitney, \'Helvetica Neue\', Helvetica, Arial, sans-serif; font-size: 16px; white-space: break-spaces;\"> được biết đến khi tham gia chương tr&igrave;nh Việt Nam Idol m&ugrave;a 5 (2013-2014). Jaykii xuất sắc c&oacute; mặt ở đ&ecirc;m Gala Top 9 của cuộc thi nhưng đ&aacute;ng tiếc l&agrave; kh&ocirc;ng thể tiến s&acirc;u hơn.</span></p>', 'singers\\August2020\\F0mL4RZpT05466ApKy4z.jpg', '2020-08-11 20:09:12', '2020-08-11 20:09:12'),
(8, 'Andiez', '<p><span style=\"color: #32323d; font-family: Roboto, sans-serif; background-color: rgba(255, 255, 255, 0.75);\">Đam m&ecirc; &acirc;m nhạc từ b&eacute;, bắt đầu h&aacute;t v&agrave; s&aacute;ng t&aacute;c từ năm lớp 10. Năm 2017, Andiez s&aacute;ng t&aacute;c v&agrave; tr&igrave;nh b&agrave;y ca kh&uacute;c \"Một Ph&uacute;t\", ca kh&uacute;c trở th&agrave;nh hiện tượng tr&ecirc;n mạng x&atilde; hội.</span><br style=\"text-rendering: optimizelegibility; -webkit-font-smoothing: antialiased; box-sizing: border-box; color: #32323d; font-family: Roboto, sans-serif; background-color: rgba(255, 255, 255, 0.75);\" /><span style=\"color: #32323d; font-family: Roboto, sans-serif; background-color: rgba(255, 255, 255, 0.75);\">Năm 2018 Andiez tham gia Sing My Song v&agrave; gi&agrave;nh được vị tr&iacute; &Aacute; Qu&acirc;n.</span><br style=\"text-rendering: optimizelegibility; -webkit-font-smoothing: antialiased; box-sizing: border-box; color: #32323d; font-family: Roboto, sans-serif; background-color: rgba(255, 255, 255, 0.75);\" /><span style=\"color: #32323d; font-family: Roboto, sans-serif; background-color: rgba(255, 255, 255, 0.75);\">Sau cuộc thi, Andiez s&aacute;ng t&aacute;c nhiều b&agrave;i h&aacute;t trở th&agrave;nh hit của c&aacute;c ca sĩ nổi tiếng như \"Anh Đang Ở Đ&acirc;u Đấy Anh\" v&agrave;\" Em Đ&atilde; Thấy Anh C&ugrave;ng Người Ấy\" của Hương Giang, \"Đ&oacute;a Hoa Hồng\" của Chi Pu hay \"Tận C&ugrave;ng Nỗi Nhớ\" của Will song ca c&ugrave;ng Han Sara... C&aacute;c s&aacute;ng t&aacute;c của Andiez đa dạng về thể loại, nhưng nổi bật nhất l&agrave; Pop ballad.</span><br style=\"text-rendering: optimizelegibility; -webkit-font-smoothing: antialiased; box-sizing: border-box; color: #32323d; font-family: Roboto, sans-serif; background-color: rgba(255, 255, 255, 0.75);\" /><span style=\"color: #32323d; font-family: Roboto, sans-serif; background-color: rgba(255, 255, 255, 0.75);\">Anh cũng l&agrave;m tốt vai tr&ograve; ca sĩ với c&aacute;c bản hit \"Một Ph&uacute;t\", \"Về Với Anh Đi\", \"Thật Tuyệt Vời Khi Ở B&ecirc;n Em\"...</span></p>', 'singers\\August2020\\xeapYdQk3Es6ah58BuKh.jpg', '2020-08-11 20:09:38', '2020-08-11 20:09:38'),
(9, 'DA LAB', '<p><span style=\"color: #32323d; font-family: Roboto, sans-serif; background-color: rgba(255, 255, 255, 0.75);\">Năm 2007, Da LAB được th&agrave;nh lập với V&otilde; Việt Phương, Nguyễn Trọng Đức v&agrave; Trần Minh Phương, đến năm 2018 th&igrave; th&ecirc;m Nguyễn Ho&agrave;ng Long để tạo n&ecirc;n đội h&igrave;nh 4 th&agrave;nh vi&ecirc;n như b&acirc;y giờ.</span><br style=\"text-rendering: optimizelegibility; -webkit-font-smoothing: antialiased; box-sizing: border-box; color: #32323d; font-family: Roboto, sans-serif; background-color: rgba(255, 255, 255, 0.75);\" /><span style=\"color: #32323d; font-family: Roboto, sans-serif; background-color: rgba(255, 255, 255, 0.75);\">Thời gian đầu, Da LAB cover theo phong c&aacute;ch rap, hiphop từ c&aacute;c bản rap của Eminem, 50 Cent, G-Unit&hellip; sau đ&oacute; chuyển sang s&aacute;ng t&aacute;c v&agrave; tr&igrave;nh b&agrave;y c&aacute;c ca kh&uacute;c của m&igrave;nh. Đ&acirc;y cũng l&agrave; thời điểm Da LAB bắt đầu được biết đến, khởi đầu với b&agrave;i h&aacute;t \"H&agrave; Nội Giờ Tan Tầm\" v&agrave; tham gia chương tr&igrave;nh B&agrave;i h&aacute;t Việt 2013.</span><br style=\"text-rendering: optimizelegibility; -webkit-font-smoothing: antialiased; box-sizing: border-box; color: #32323d; font-family: Roboto, sans-serif; background-color: rgba(255, 255, 255, 0.75);\" /><span style=\"color: #32323d; font-family: Roboto, sans-serif; background-color: rgba(255, 255, 255, 0.75);\">Sự ra đời của \"Một Nh&agrave;\" năm 2015 được xem l&agrave; cột mốc đ&aacute;nh dấu sự th&agrave;nh c&ocirc;ng của nh&oacute;m.</span><br style=\"text-rendering: optimizelegibility; -webkit-font-smoothing: antialiased; box-sizing: border-box; color: #32323d; font-family: Roboto, sans-serif; background-color: rgba(255, 255, 255, 0.75);\" /><span style=\"color: #32323d; font-family: Roboto, sans-serif; background-color: rgba(255, 255, 255, 0.75);\">Sau đ&oacute;, c&aacute;c sản phẩm mới của Da LAB đều được đ&oacute;n nhận, như \"Thanh Xu&acirc;n\", \"Từ Ng&agrave;y Em Đến\" hay \"Nước Mắt Em Lau Bằng T&igrave;nh Y&ecirc;u Mới\" kết hợp c&ugrave;ng T&oacute;c Ti&ecirc;n...</span></p>', 'singers\\August2020\\NtHT1M7PcBVwK5bA0aFs.jpg', '2020-08-11 20:10:05', '2020-08-11 20:10:05'),
(10, 'Lưu Ánh Loan', '<p><span style=\"color: #212529; font-family: -apple-system, BlinkMacSystemFont, \'Segoe UI\', Roboto, \'Helvetica Neue\', Arial, \'Noto Sans\', sans-serif, \'Apple Color Emoji\', \'Segoe UI Emoji\', \'Segoe UI Symbol\', \'Noto Color Emoji\'; font-size: 19.2px;\">Ca sĩ <strong>Lưu &Aacute;nh Loan</strong> sinh ng&agrave;y 9-9-1977 tại Tỉnh Ki&ecirc;n Giang, l&agrave; một nữ ca sĩ người Việt Nam. C&ocirc; đ&atilde; hoạt động trong l&agrave;ng &acirc;m nhạc từ kh&aacute; l&acirc;u nhưng chưa được nhiều người biết tới. Cho tới khi li&ecirc;n kh&uacute;c \"T&igrave;nh ngh&egrave;o c&oacute; nhau v&agrave; Sầu t&iacute;m thiệp hồng\" của c&ocirc; được đăng tải tr&ecirc;n Youtube v&agrave; thu h&uacute;t được h&agrave;ng triệu lượt xem, th&igrave; c&aacute;i t&ecirc;n Lưu &Aacute;nh Loan đ&atilde; được t&igrave;m kiếm nhiều hơn v&agrave; được nhiều người biết đến.</span></p>', 'singers\\August2020\\ydJ3VMBW1YeLmdkYUyZA.jpg', '2020-08-11 20:11:19', '2020-08-11 20:11:19'),
(11, 'Phương Mỹ Chi', '<p><span style=\"color: #32323d; font-family: Roboto, sans-serif; background-color: rgba(255, 255, 255, 0.75);\">Phương Mỹ Chi được xem l&agrave; một \"hiện tượng\" của Giọng h&aacute;t Việt Nh&iacute; khi xuất hiện ở v&ograve;ng thi Giấu mặt với ca kh&uacute;c Qu&ecirc; em m&ugrave;a nước lũ. Với giọng h&aacute;t ngọt ng&agrave;o, đầy cảm x&uacute;c Phương Mỹ Chi đ&atilde; khiến HLV Hiền Thục v&agrave; nhiều kh&aacute;n giả rơi nước mắt trước phần tr&igrave;nh diễn n&agrave;y.</span><br style=\"text-rendering: optimizelegibility; -webkit-font-smoothing: antialiased; box-sizing: border-box; color: #32323d; font-family: Roboto, sans-serif; background-color: rgba(255, 255, 255, 0.75);\" /><br style=\"text-rendering: optimizelegibility; -webkit-font-smoothing: antialiased; box-sizing: border-box; color: #32323d; font-family: Roboto, sans-serif; background-color: rgba(255, 255, 255, 0.75);\" /><span style=\"color: #32323d; font-family: Roboto, sans-serif; background-color: rgba(255, 255, 255, 0.75);\">Phương Mỹ Chi sinh ra trong một đại gia đ&igrave;nh, rất đ&ocirc;ng người. Cả gia đ&igrave;nh em gồm ba mẹ v&agrave; hai chị em chen ch&uacute;c nhau trong một căn ph&ograve;ng nhỏ chỉ để vừa chiếc nệm v&agrave; tủ quần &aacute;o. Ch&iacute;nh v&igrave; thế m&agrave; mỗi khi hỏi đến ước mơ sau n&agrave;y, Phương Mỹ Chi dứt kho&aacute;t trả lời: đi h&aacute;t để mua nh&agrave; cho ba mẹ.</span></p>', 'singers\\August2020\\pgPigMADpkT3ILVOlpEF.jpg', '2020-08-11 20:11:52', '2020-08-11 20:11:52'),
(12, 'Hoàng Châu', '<p><strong style=\"color: #222222; font-family: arial, sans-serif; font-size: 16px;\">Ho&agrave;ng Ch&acirc;u</strong><span style=\"color: #222222; font-family: arial, sans-serif; font-size: 16px;\">&nbsp;(sinh năm 26 th&aacute;ng 9 năm 1971) l&agrave; một nữ ca sĩ người Việt Nam. C&ocirc; được biết đến với vai tr&ograve; l&agrave; một nữ ca sĩ chủ yếu h&aacute;t theo d&ograve;ng nhạc trẻ Việt Nam. Khởi đầu th&agrave;nh c&ocirc;ng với thể loại nhạc d&acirc;n ca, c&ocirc; từng được mệnh danh l&agrave; \"diva\" hay \"nữ&nbsp;</span><strong style=\"color: #222222; font-family: arial, sans-serif; font-size: 16px;\">ho&agrave;ng</strong><span style=\"color: #222222; font-family: arial, sans-serif; font-size: 16px;\">&nbsp;nhạc sến miền T&acirc;y\".</span></p>', 'singers\\August2020\\KCMUThrJcK3jBEmw8U30.jpg', '2020-08-11 20:12:44', '2020-08-11 20:12:44'),
(13, 'Bằng Kiều', '<p><span style=\"color: #32323d; font-family: Roboto, sans-serif; background-color: rgba(255, 255, 255, 0.75);\">Năm 1989 Bằng Kiều đỗ v&agrave; theo học k&egrave;n Basson tại Nhạc Viện H&agrave; Nội. Trong thời gian học tập tại đ&acirc;y, anh th&agrave;nh lập ban nhạc Ch&igrave;a Kh&oacute;a V&agrave;ng. Sau đ&oacute; anh tham gia ban nhạc Hoa Sữa từ năm 1990 đến 1996. Năm 1998. anh c&ugrave;ng th&agrave;nh lập nh&oacute;m nhạc Quả Dưa Hấu với c&aacute;c th&agrave;nh vi&ecirc;n kh&aacute;c gồm Anh T&uacute;, Tuấn Hưng v&agrave; Tường Văn. Sau khi nh&oacute;m Quả Dưa Hấu tan r&atilde; v&agrave;o năm 2000, Bằng Kiều tiếp tục sự nghiệp ca sĩ đơn ca v&agrave; gặt h&aacute;i được nhiều th&agrave;nh c&ocirc;ng.</span><br style=\"text-rendering: optimizelegibility; -webkit-font-smoothing: antialiased; box-sizing: border-box; color: #32323d; font-family: Roboto, sans-serif; background-color: rgba(255, 255, 255, 0.75);\" /><span style=\"color: #32323d; font-family: Roboto, sans-serif; background-color: rgba(255, 255, 255, 0.75);\">Năm 2002, anh đi định cư ở Mỹ v&agrave; hiện l&agrave; ca sĩ độc quyền của trung t&acirc;m Th&uacute;y Nga.</span><br style=\"text-rendering: optimizelegibility; -webkit-font-smoothing: antialiased; box-sizing: border-box; color: #32323d; font-family: Roboto, sans-serif; background-color: rgba(255, 255, 255, 0.75);\" /><span style=\"color: #32323d; font-family: Roboto, sans-serif; background-color: rgba(255, 255, 255, 0.75);\">Giọng ca của Bằng Kiều được xếp v&agrave;o giọng nam cao (tenor), được đ&aacute;nh gi&aacute; l&agrave; trong v&agrave; gi&agrave;u t&igrave;nh cảm. Anh thuộc lớp ca sĩ c&ugrave;ng thời với Lam Trường, Minh Thuận, Phương Thanh, Mỹ Linh, Dương Ch&iacute; Linh, Quang Linh.</span></p>', 'singers\\August2020\\YsySAxuRtAimUiwK676v.jpg', '2020-08-11 20:13:11', '2020-08-11 20:13:11'),
(14, 'Dương Hồng Loan', '<p><strong style=\"color: #222222; font-family: arial, sans-serif; font-size: 16px;\">Dương Hồng Loan</strong><span style=\"color: #222222; font-family: arial, sans-serif; font-size: 16px;\">&nbsp;sinh ng&agrave;y 24-2-1980 tại Tỉnh Đồng Th&aacute;p.&nbsp;</span><strong style=\"color: #222222; font-family: arial, sans-serif; font-size: 16px;\">Dương Hồng Loan</strong><span style=\"color: #222222; font-family: arial, sans-serif; font-size: 16px;\">&nbsp;l&agrave; một ca sĩ với d&ograve;ng nhạc trữ t&igrave;nh đằm thắm được đ&ocirc;ng đảo c&aacute;c bạn biết đến v&agrave; y&ecirc;u mến. Sở hữu một chất giọng thật ngọt ng&agrave;o truyền cảm, rất hợp để h&aacute;t những bản nhạc trữ t&igrave;nh, những l&agrave;n điệu d&acirc;n ca hay những b&agrave;i h&aacute;t mang &acirc;m hưởng d&acirc;n ca.</span></p>', 'singers\\August2020\\c4FCkCvaJ5ehtllju8AG.jpg', '2020-08-11 20:13:55', '2020-08-11 20:13:55'),
(15, 'Nguyễn Hồng Nhung', '<p><strong style=\"color: #202122; font-family: sans-serif;\">Nguyễn Hồng Nhung</strong><span style=\"color: #202122; font-family: sans-serif;\">&nbsp;(sinh&nbsp;</span><a style=\"text-decoration-line: none; color: #0b0080; background-image: none; background-position: initial; background-size: initial; background-repeat: initial; background-attachment: initial; background-origin: initial; background-clip: initial; font-family: sans-serif;\" title=\"1981\" href=\"https://vi.wikipedia.org/wiki/1981\">1981</a><span style=\"color: #202122; font-family: sans-serif;\">)&nbsp;</span><sup id=\"cite_ref-1\" class=\"reference\" style=\"line-height: 1em; font-size: 11.2px; white-space: nowrap; unicode-bidi: isolate; color: #202122; font-family: sans-serif;\"></sup><span style=\"color: #202122; font-family: sans-serif;\">&nbsp;l&agrave; một&nbsp;</span><a style=\"text-decoration-line: none; color: #0b0080; background-image: none; background-position: initial; background-size: initial; background-repeat: initial; background-attachment: initial; background-origin: initial; background-clip: initial; font-family: sans-serif;\" title=\"Ca sĩ\" href=\"https://vi.wikipedia.org/wiki/Ca_s%C4%A9\">ca sĩ</a><span style=\"color: #202122; font-family: sans-serif;\">&nbsp;</span><a style=\"text-decoration-line: none; color: #0b0080; background-image: none; background-position: initial; background-size: initial; background-repeat: initial; background-attachment: initial; background-origin: initial; background-clip: initial; font-family: sans-serif;\" title=\"Việt Nam\" href=\"https://vi.wikipedia.org/wiki/Vi%E1%BB%87t_Nam\">Việt Nam</a><span style=\"color: #202122; font-family: sans-serif;\">, dự thi chương tr&igrave;nh&nbsp;</span><a style=\"text-decoration-line: none; color: #0b0080; background-image: none; background-position: initial; background-size: initial; background-repeat: initial; background-attachment: initial; background-origin: initial; background-clip: initial; font-family: sans-serif;\" title=\"Sao Mai điểm hẹn\" href=\"https://vi.wikipedia.org/wiki/Sao_Mai_%C4%91i%E1%BB%83m_h%E1%BA%B9n\">Sao Mai điểm hẹn</a><span style=\"color: #202122; font-family: sans-serif;\">&nbsp;năm&nbsp;</span><a style=\"text-decoration-line: none; color: #0b0080; background-image: none; background-position: initial; background-size: initial; background-repeat: initial; background-attachment: initial; background-origin: initial; background-clip: initial; font-family: sans-serif;\" title=\"2004\" href=\"https://vi.wikipedia.org/wiki/2004\">2004</a><span style=\"color: #202122; font-family: sans-serif;\">. Hiện tại, Nguyễn Hồng Nhung đang đinh cư tại Mỹ v&agrave; đang cộng t&aacute;c cho nhiều trung t&acirc;m băng nhạc hải ngoại.</span></p>', 'singers\\August2020\\lW9UOm0r8SNQYBakQSHz.jpg', '2020-08-11 20:15:40', '2020-08-11 20:15:40'),
(16, 'Lê Cát Trọng Lý', '<p><span style=\"color: #32323d; font-family: Roboto, sans-serif; background-color: rgba(255, 255, 255, 0.75);\">L&ecirc; C&aacute;t Trọng L&yacute; sinh ra v&agrave; lớn l&ecirc;n ở Đ&agrave; Nẵng, trong một gia đ&igrave;nh c&oacute; bố l&agrave; ca sĩ, mẹ l&agrave; gi&aacute;o vi&ecirc;n dạy văn. L&agrave; một ca sĩ, nhạc sĩ. Hiện c&ocirc; l&agrave; ca sĩ tự do. L&ecirc; C&aacute;t Trọng L&yacute; c&ograve;n l&agrave; nghệ sĩ gi&agrave;nh được 1 giải Cống hiến v&agrave; 5 lần đề cử.</span><br style=\"text-rendering: optimizelegibility; -webkit-font-smoothing: antialiased; box-sizing: border-box; color: #32323d; font-family: Roboto, sans-serif; background-color: rgba(255, 255, 255, 0.75);\" /><br style=\"text-rendering: optimizelegibility; -webkit-font-smoothing: antialiased; box-sizing: border-box; color: #32323d; font-family: Roboto, sans-serif; background-color: rgba(255, 255, 255, 0.75);\" /><span style=\"color: #32323d; font-family: Roboto, sans-serif; background-color: rgba(255, 255, 255, 0.75);\">Năm 2005, c&ocirc; tốt nghiệp THPT Phan Chu Trinh, Đ&agrave; Nẵng v&agrave; thi đậu v&agrave;o khoa tiếng Nga của Đại học Đ&agrave; Nẵng. Năm 2006, đang l&agrave; sinh vi&ecirc;n, L&yacute; bỏ ngang, rời Đ&agrave; Nẵng v&agrave;o Th&agrave;nh phố Hồ Ch&iacute; Minh. L&yacute; thi đậu v&agrave;o Nhạc viện Th&agrave;nh phố Hồ Ch&iacute; Minh, học viola ở khoa violon v&agrave; bắt đầu s&aacute;ng t&aacute;c ca kh&uacute;c.</span></p>', 'singers\\August2020\\mJFWpGR9bDtJWFLFRofB.jpg', '2020-08-11 20:16:08', '2020-08-11 20:16:08'),
(17, 'Hải Sâm', '<p><span style=\"color: #32323d; font-family: Roboto, sans-serif; background-color: rgba(255, 255, 255, 0.75);\">Hải S&acirc;m l&agrave; một người viết b&agrave;i h&aacute;t sinh ra ở Quảng Ninh, nhưng lớn l&ecirc;n ở H&agrave; Nội. Những s&aacute;ng t&aacute;c ban đầu đến với Hải S&acirc;m theo một c&aacute;ch đơn giản, trước khi anh kịp hiểu những quy luật phức tạp của n&oacute; l&agrave; g&igrave;. Hải S&acirc;m h&aacute;t kh&ocirc;ng hay, nhưng c&oacute; chất ri&ecirc;ng.</span><br style=\"text-rendering: optimizelegibility; -webkit-font-smoothing: antialiased; box-sizing: border-box; color: #32323d; font-family: Roboto, sans-serif; background-color: rgba(255, 255, 255, 0.75);\" /><br style=\"text-rendering: optimizelegibility; -webkit-font-smoothing: antialiased; box-sizing: border-box; color: #32323d; font-family: Roboto, sans-serif; background-color: rgba(255, 255, 255, 0.75);\" /><span style=\"color: #32323d; font-family: Roboto, sans-serif; background-color: rgba(255, 255, 255, 0.75);\">\"Nhạc sầu, nhạc nẫu, nhạc trẻ tr&acirc;u, nhạc của Hải S&acirc;m.\" l&agrave; c&aacute;ch m&agrave; anh thường d&ugrave;ng để giới thiệu về &acirc;m nhạc của m&igrave;nh.</span></p>', 'singers\\August2020\\exX06jW5HkDzfwVn51NK.jpg', '2020-08-11 20:16:00', '2020-08-19 03:37:30'),
(18, 'Alvin Lu', '<p><span style=\"color: #2e3338; font-family: Whitney, \'Helvetica Neue\', Helvetica, Arial, sans-serif; font-size: 16px; white-space: break-spaces;\"><strong>Avin Lu</strong> t&ecirc;n thật l&agrave; Lương Anh Vũ, l&agrave; một th&iacute; sinh của The Voice - Giọng h&aacute;t Việt 2018. Anh ch&agrave;ng n&agrave;y l&agrave; một trong những th&iacute; sinh nổi bật của team HLV T&oacute;c Ti&ecirc;n. Avin Lu từng tr&uacute;ng tuyển v&agrave;o Đại học Kiến tr&uacute;c, nhưng v&igrave; c&oacute; đam m&ecirc; với nghề diễn n&ecirc;n anh ch&agrave;ng đ&atilde; quyết định theo học tại trường S&acirc;n khấu điện ảnh Tp. Hồ Ch&iacute; Minh.</span></p>\r\n<div id=\"gtx-trans\" style=\"position: absolute; left: -35px; top: 32px;\">\r\n<div class=\"gtx-trans-icon\">&nbsp;</div>\r\n</div>', 'singers\\August2020\\uW8rPg9zjCFRbXLqLr3P.jpg', '2020-08-11 20:17:53', '2020-08-11 20:17:53'),
(19, '(G)I-DLE', '<p><span style=\"color: #4d5156; font-family: arial, sans-serif;\"><strong>(G)I-DLE</strong> l&agrave; một nh&oacute;m nhạc nữ đa quốc tịch hoạt động tại H&agrave;n Quốc được th&agrave;nh lập v&agrave; quản l&yacute; bởi c&ocirc;ng ty Cube Entertainment. Nh&oacute;m gồm 6 th&agrave;nh vi&ecirc;n: Miyeon, Minnie, Soojin, Soyeon, Yuqi, Shuhua. Nh&oacute;m ch&iacute;nh thức ra mắt ng&agrave;y 2 th&aacute;ng 5 năm 2018 với mini-album đầu tay I am v&agrave; đĩa đơn \"Latata\".</span></p>\r\n<div id=\"gtx-trans\" style=\"position: absolute; left: -46px; top: 32px;\">\r\n<div class=\"gtx-trans-icon\">&nbsp;</div>\r\n</div>', 'singers\\August2020\\mrtxqkb6SGduBFFZ60Ny.jpg', '2020-08-11 20:18:59', '2020-08-11 20:18:59'),
(20, 'ONEUS', '<p><span style=\"color: #4d5156; font-family: arial, sans-serif;\"><strong>Oneus</strong> l&agrave; một nh&oacute;m nhạc nam H&agrave;n Quốc được th&agrave;nh lập v&agrave; quản l&yacute; bởi c&ocirc;ng ty RBW. Nh&oacute;m gồm 6 th&agrave;nh vi&ecirc;n: Ravn, Seoho, Leedo, Keonhee, Hwanwoong v&agrave; Xion. Nh&oacute;m ch&iacute;nh thức ra mắt v&agrave;o ng&agrave;y 9 th&aacute;ng 1 năm 2019 với mini album \"Light Us\".</span></p>\r\n<div id=\"gtx-trans\" style=\"position: absolute; left: -35px; top: 32px;\">\r\n<div class=\"gtx-trans-icon\">&nbsp;</div>\r\n</div>', 'singers\\August2020\\EPgmZ7SjJuvSKB3g9pue.jpg', '2020-08-11 20:19:34', '2020-08-11 20:19:34'),
(21, 'X1', '<p><span style=\"color: #4d5156; font-family: arial, sans-serif;\">X1 l&agrave; một nh&oacute;m nhạc nam H&agrave;n Quốc được th&agrave;nh lập v&agrave;o ng&agrave;y 19 th&aacute;ng 7 năm 2019 bởi c&ocirc;ng ty CJ E&amp;M v&agrave; quản l&yacute; bởi c&ocirc;ng ty Swing Entertainment th&ocirc;ng qua chương tr&igrave;nh thực tế sống c&ograve;n Produce X 101 của k&ecirc;nh truyền h&igrave;nh Mnet.</span></p>', 'singers\\August2020\\sQuFw1DoYCIqSppGZlhD.jpg', '2020-08-11 20:19:55', '2020-08-11 20:19:55'),
(22, 'NCT Dream', '<p><span style=\"color: #4d5156; font-family: arial, sans-serif;\">NCT Dream l&agrave; nh&oacute;m nhỏ thứ ba của NCT, hoạt động tại H&agrave;n Quốc do SM Entertainment th&agrave;nh lập v&agrave; quản l&yacute;. Nh&oacute;m hoạt động như hệ thống của nh&oacute;m NCT U.</span></p>', 'singers\\August2020\\DSkC5LaA39zceeIsNbYG.jpg', '2020-08-11 20:20:29', '2020-08-11 20:20:29'),
(23, 'Hwa Sa', '<p><span style=\"color: #4d5156; font-family: arial, sans-serif;\"><strong>Ahn Hye-jin</strong>, được biết đến với nghệ danh <strong>Hwasa</strong>, l&agrave; 1 nữ ca sĩ, rapper người H&agrave;n Quốc. C&ocirc; l&agrave; th&agrave;nh vi&ecirc;n của nh&oacute;m nhạc nữ Mamamoo do c&ocirc;ng ty RBW th&agrave;nh lập v&agrave; quản l&yacute;.</span></p>\r\n<div id=\"gtx-trans\" style=\"position: absolute; left: -41px; top: 32px;\">\r\n<div class=\"gtx-trans-icon\">&nbsp;</div>\r\n</div>', 'singers\\August2020\\1vqe4KIHGhzLbj1U4iS4.jpg', '2020-08-11 20:21:01', '2020-08-11 20:21:01'),
(24, 'Binz', '<p><strong style=\"color: #2e3338; font-family: Whitney, \'Helvetica Neue\', Helvetica, Arial, sans-serif; font-size: 16px; white-space: break-spaces;\">Binz</strong><span style=\"color: #2e3338; font-family: Whitney, \'Helvetica Neue\', Helvetica, Arial, sans-serif; font-size: 16px; white-space: break-spaces; background-color: rgba(6, 6, 7, 0.02);\"> t&ecirc;n thật L&ecirc; Nguyễn Trung Đan (sinh ng&agrave;y 24 th&aacute;ng 5 năm 1988 tại Tỉnh Gia Lai, Việt Nam). Anh sống v&agrave; l&agrave;m việc chủ yếu ở Th&agrave;nh phố Abilene, bang Texas- Hoa Kỳ. Anh sinh thuộc cung Song Tử, cầm tinh con (gi&aacute;p) rồng (Mậu Th&igrave;n 1988). Binz xếp hạng nổi tiếng thứ 560 tr&ecirc;n thế giới v&agrave; thứ 118 trong danh s&aacute;ch ca sĩ nổi tiếng.</span></p>', 'singers\\August2020\\SSsqeEUU1hYZH2FpDoas.jpg', '2020-08-11 20:21:42', '2020-08-11 20:21:42'),
(25, 'Đen', '<p><span style=\"color: #32323d; font-family: Roboto, sans-serif; background-color: rgba(255, 255, 255, 0.75);\">Năm 2014, anh ra mắt \"Đưa Nhau Đi Trốn\" c&ugrave;ng Linh C&aacute;o. B&agrave;i h&aacute;t nhanh ch&oacute;ng trở th&agrave;nh hit. Tiếp nối th&agrave;nh c&ocirc;ng, cả hai tiếp tục kết hợp trong \"Ta cứ Đi C&ugrave;ng Nhau\".</span><br style=\"text-rendering: optimizelegibility; -webkit-font-smoothing: antialiased; box-sizing: border-box; color: #32323d; font-family: Roboto, sans-serif; background-color: rgba(255, 255, 255, 0.75);\" /><span style=\"color: #32323d; font-family: Roboto, sans-serif; background-color: rgba(255, 255, 255, 0.75);\">Năm 2018, Đen li&ecirc;n tiếp ra mắt c&aacute;c sản phẩm mới nhưng đến \"Anh Đếch Cần G&igrave; Nhiều Ngo&agrave;i Em\" th&igrave; Đen trở th&agrave;nh hiện tượng x&atilde; hội.</span><br style=\"text-rendering: optimizelegibility; -webkit-font-smoothing: antialiased; box-sizing: border-box; color: #32323d; font-family: Roboto, sans-serif; background-color: rgba(255, 255, 255, 0.75);\" /><span style=\"color: #32323d; font-family: Roboto, sans-serif; background-color: rgba(255, 255, 255, 0.75);\">Năm 2019 l&agrave; một năm th&agrave;nh c&ocirc;ng c&ugrave;a Đen với những bản hit nổi tiếng như \"Mười Năm\" (c&ugrave;ng Ngọc Linh) kỷ niệm h&agrave;nh tr&igrave;nh 10 năm theo rap, \"B&agrave;i N&agrave;y Chill Phết\" c&ugrave;ng Min, \"Hai Triệu Năm\" (c&ugrave;ng Bi&ecirc;n), \"Lối Nhỏ\" (c&ugrave;ng Phương Anh Đ&agrave;o) v&agrave; \"Cảm Ơn\" (c&ugrave;ng Bi&ecirc;n). Liveshow đầu ti&ecirc;n của mang t&ecirc;n \"Show của Đen\" được tổ chức v&agrave;o th&aacute;ng 11.</span><br style=\"text-rendering: optimizelegibility; -webkit-font-smoothing: antialiased; box-sizing: border-box; color: #32323d; font-family: Roboto, sans-serif; background-color: rgba(255, 255, 255, 0.75);\" /><span style=\"color: #32323d; font-family: Roboto, sans-serif; background-color: rgba(255, 255, 255, 0.75);\">Đầu năm 2020, Đen V&acirc;u ra mắt \"Một Triệu Like\" kết hợp với Th&agrave;nh Đồng.</span></p>', 'singers\\August2020\\JECbY47NVPIsPIZIhMz6.jpg', '2020-08-11 20:22:17', '2020-08-11 20:22:17'),
(26, 'OSAD', '<p><strong style=\"color: #32323d; font-family: Roboto, sans-serif;\">OSAD</strong><span style=\"color: #32323d; font-family: Roboto, sans-serif; background-color: #fcfcfc;\">&nbsp;đem đến th&ecirc;m một ca kh&uacute;c với chất nhạc dịu nhẹ nhưng lại rất cuốn h&uacute;t mang t&ecirc;n V&igrave; Em Đến. C&ugrave;ng nghe v&agrave; cảm nhận nh&eacute;!</span></p>', 'singers\\August2020\\ZglYtslXbiglTRT4IaaP.jpg', '2020-08-11 20:22:39', '2020-08-11 20:22:39'),
(27, 'Đạt G', '<p><strong style=\"color: #2e3338; font-family: Whitney, \'Helvetica Neue\', Helvetica, Arial, sans-serif; font-size: 16px; white-space: break-spaces;\">Đạt G</strong><span style=\"color: #2e3338; font-family: Whitney, \'Helvetica Neue\', Helvetica, Arial, sans-serif; font-size: 16px; white-space: break-spaces;\"> l&agrave; một ca sĩ, rapper m&ecirc; nhạc c&oacute; khả năng s&aacute;ng t&aacute;c v&agrave; h&aacute;t live. Hiện Đạt đang l&agrave; th&agrave;nh vi&ecirc;n của Vietcover Squad team. Anh nổi l&ecirc;n nhờ hit Điều kh&aacute;c lạ (ft Haleyy) được Masew remix. D&ograve;ng nhạc </span><strong style=\"color: #2e3338; font-family: Whitney, \'Helvetica Neue\', Helvetica, Arial, sans-serif; font-size: 16px; white-space: break-spaces;\">Đạt G</strong><span style=\"color: #2e3338; font-family: Whitney, \'Helvetica Neue\', Helvetica, Arial, sans-serif; font-size: 16px; white-space: break-spaces;\"> theo đuổi l&agrave; RnB/ Pop / EDM v&agrave; Hip-hop rap.Anh c&ugrave;ng rapper Bray v&agrave; nh&agrave; sản xuất &acirc;m nhạc Masew th&agrave;nh lập nh&oacute;m nhạc ba chấm v&agrave;o cuối năm 2017 sau khi cả ba c&ugrave;ng tr&atilde;i qua nhiều chuyện phiền phức d&iacute;nh đến ch&iacute;nh quyền sau show Điện tử thẻ v&agrave; truyện tranh của B Ray.</span></p>', 'singers\\August2020\\jqet9kOKS2ibt5PanKCy.jpg', '2020-08-11 20:23:06', '2020-08-11 20:23:06'),
(28, 'Kay Trần', '<p><span style=\"color: #32323d; font-family: Roboto, sans-serif; background-color: rgba(255, 255, 255, 0.75);\">Năm 2013, Kay Trần hợp t&aacute;c với Tronie (cựu th&agrave;nh vi&ecirc;n nh&oacute;m 365) trong \"Thanh ni&ecirc;n nghi&ecirc;m t&uacute;c\".</span><br style=\"text-rendering: optimizelegibility; -webkit-font-smoothing: antialiased; box-sizing: border-box; color: #32323d; font-family: Roboto, sans-serif; background-color: rgba(255, 255, 255, 0.75);\" /><span style=\"color: #32323d; font-family: Roboto, sans-serif; background-color: rgba(255, 255, 255, 0.75);\">Năm 2014, anh tham gia chương tr&igrave;nh Ng&ocirc;i Sai Việt, g&acirc;y ấn tượng với khả năng h&aacute;t hay, nhảy giỏi nhưng đột ngột dừng cuộc chơi khiến người h&acirc;m mộ tiếc nuối.</span><br style=\"text-rendering: optimizelegibility; -webkit-font-smoothing: antialiased; box-sizing: border-box; color: #32323d; font-family: Roboto, sans-serif; background-color: rgba(255, 255, 255, 0.75);\" /><span style=\"color: #32323d; font-family: Roboto, sans-serif; background-color: rgba(255, 255, 255, 0.75);\">Năm 2015, anh kết hợp c&ugrave;ng Binz trong \"Ph&iacute;a Sau Em\".</span><br style=\"text-rendering: optimizelegibility; -webkit-font-smoothing: antialiased; box-sizing: border-box; color: #32323d; font-family: Roboto, sans-serif; background-color: rgba(255, 255, 255, 0.75);\" /><span style=\"color: #32323d; font-family: Roboto, sans-serif; background-color: rgba(255, 255, 255, 0.75);\">Năm 2018, anh trở lại Vpop với một loạt hit như \"&Yacute; Em Sao\" v&agrave; \"V&ocirc; Ra Ra V&ocirc;\" (với Koo)... Đặc biệt ca kh&uacute;c \"&Yacute; Em Sao\" theo phong c&aacute;ch retro rất được y&ecirc;u th&iacute;ch v&agrave; mang lại cho anh giải thưởng lớn.</span><br style=\"text-rendering: optimizelegibility; -webkit-font-smoothing: antialiased; box-sizing: border-box; color: #32323d; font-family: Roboto, sans-serif; background-color: rgba(255, 255, 255, 0.75);\" /><span style=\"color: #32323d; font-family: Roboto, sans-serif; background-color: rgba(255, 255, 255, 0.75);\">Tiếp nối th&agrave;nh c&ocirc;ng, năm 2019 anh ra mắt \"Chuyện T&igrave;nh T&ocirc;i\" (c&ugrave;ng Khoa v&agrave; Kass) được coi l&agrave; phần tiếp theo của \"&Yacute; Em Sao\", \"Tết Đong Đầy\" (với Khoa)... ngo&agrave;i ra anh cũng g&oacute;p giọng trong ca kh&uacute;c \"Đếm Cừu\" của Han Sara.</span></p>', 'singers\\August2020\\GtHKiRAtw9TKNAq53X3M.jpg', '2020-08-11 20:23:29', '2020-08-11 20:23:29'),
(29, 'SAINt JHN', '<p><span style=\"color: #4d5156; font-family: arial, sans-serif;\">Được dịch từ tiếng Anh<span class=\"tlSSbb\" style=\"margin-left: 4px; margin-right: 4px;\">-</span></span><span style=\"color: #4d5156; font-family: arial, sans-serif;\">Carlos St. John Phillips, được biết đến với nghệ danh Saint Jhn, l&agrave; một rapper, ca sĩ, nhạc sĩ v&agrave; nh&agrave; sản xuất thu &acirc;m người Mỹ. Anh đ&atilde; ph&aacute;t h&agrave;nh album đầu ti&ecirc;n của m&igrave;nh với biệt danh Saint Jhn, Collection One, v&agrave;o th&aacute;ng 3 năm 2018. Anh được biết đến với đĩa đơn \"Roses\", được ph&aacute;t h&agrave;nh lần đầu v&agrave;o năm 2016.</span></p>', 'singers\\August2020\\QCJ2HtVso3wxlDhIRZ2L.jpg', '2020-08-11 20:24:01', '2020-08-11 20:24:01'),
(30, 'Beyoncé', '<p><span style=\"color: #4d5156; font-family: arial, sans-serif;\">Beyonc&eacute; Giselle Knowles-Carter thường được biết đến với nghệ danh Beyonc&eacute;, l&agrave; một nữ ca sĩ, nhạc sĩ, vũ c&ocirc;ng, nh&agrave; sản xuất &acirc;m nhạc v&agrave; diễn vi&ecirc;n người Mỹ.</span></p>', 'singers\\August2020\\xBkdPESxygKMfHTlUxXS.jpg', '2020-08-11 20:24:22', '2020-08-11 20:24:22'),
(31, 'Finneas', '<p><span style=\"color: #4d5156; font-family: arial, sans-serif;\">Finneas O\'Connell, c&ograve;n được gọi l&agrave; FINNEAS, l&agrave; một ca sĩ, nhạc sĩ, nh&agrave; sản xuất thu &acirc;m v&agrave; diễn vi&ecirc;n người Mỹ. Anh đ&atilde; ph&aacute;t h&agrave;nh một số đĩa đơn v&agrave; đ&atilde; viết nhạc cho c&aacute;c nghệ sĩ kh&aacute;c, bao gồm cả em g&aacute;i anh, Billie Eilish, L&agrave; một diễn vi&ecirc;n, O\'Connell đ&oacute;ng vai Shane trong bộ phim Life Inside Out.</span></p>', 'singers\\August2020\\HR1GJCVRuDPJgaycBrKc.jpg', '2020-08-11 20:24:59', '2020-08-11 20:24:59'),
(32, 'Jam Jr', '<p><span style=\"color: #222222; font-family: arial, sans-serif; font-size: 16px;\">In partnership with Columbia Records, a division of Sony Music Entertainment,&nbsp;</span><strong style=\"color: #222222; font-family: arial, sans-serif; font-size: 16px;\">Jam Jr</strong><span style=\"color: #222222; font-family: arial, sans-serif; font-size: 16px;\">. recently fast-tracked production to become the world\'s first social influencer-driven, family-friendly music series. ...&nbsp;</span><strong style=\"color: #222222; font-family: arial, sans-serif; font-size: 16px;\">Jam Jr</strong><span style=\"color: #222222; font-family: arial, sans-serif; font-size: 16px;\">. is a free, parent-approved weekly showcase of young pop artists targeted at youth ages 7-14-years-old.</span></p>', 'singers\\August2020\\5Uzhcswx9h9LDggEF1CW.jpg', '2020-08-11 20:26:00', '2020-08-11 20:27:51'),
(33, 'Lauv', '<p><strong style=\"color: #222222; font-family: Roboto, Arial, sans-serif; font-size: 16px;\">Lauv</strong><span style=\"color: #222222; font-family: Roboto, Arial, sans-serif; font-size: 16px;\">&nbsp;c&oacute; t&ecirc;n thật&nbsp;</span><strong style=\"color: #222222; font-family: Roboto, Arial, sans-serif; font-size: 16px;\">l&agrave;</strong><span style=\"color: #222222; font-family: Roboto, Arial, sans-serif; font-size: 16px;\">&nbsp;Ari Leff sinh ra ở San Franisco, được kh&aacute;n giả biết đến bằng c&aacute;c ca kh&uacute;c h&aacute;t về những cuộc chia tay. Anh say m&ecirc; với những bản nhạc n&oacute;i về vết thương l&ograve;ng ngay cả khi m&igrave;nh c&ograve;n chưa biết đến t&igrave;nh y&ecirc;u. &ldquo;B&agrave;i h&aacute;t đầu ti&ecirc;n t&ocirc;i viết năm 13 tuổi t&ecirc;n&nbsp;</span><strong style=\"color: #222222; font-family: Roboto, Arial, sans-serif; font-size: 16px;\">l&agrave;</strong><span style=\"color: #222222; font-family: Roboto, Arial, sans-serif; font-size: 16px;\">&nbsp;&ldquo;Parting Ways&rdquo;.</span></p>', 'singers\\August2020\\kwDIiz52zqDMWK4gTAjK.jpg', '2020-08-11 20:29:05', '2020-08-11 20:29:05'),
(34, 'Alan Walker', '<p><strong style=\"color: #202122; font-family: sans-serif;\">Alan Olav Walker</strong><span style=\"color: #202122; font-family: sans-serif;\">&nbsp;(sinh ng&agrave;y&nbsp;</span><a style=\"text-decoration-line: none; color: #0b0080; background-image: none; background-position: initial; background-size: initial; background-repeat: initial; background-attachment: initial; background-origin: initial; background-clip: initial; font-family: sans-serif;\" title=\"24 th&aacute;ng 8\" href=\"https://vi.wikipedia.org/wiki/24_th%C3%A1ng_8\">24 th&aacute;ng 8</a><span style=\"color: #202122; font-family: sans-serif;\">&nbsp;năm&nbsp;</span><a style=\"text-decoration-line: none; color: #0b0080; background-image: none; background-position: initial; background-size: initial; background-repeat: initial; background-attachment: initial; background-origin: initial; background-clip: initial; font-family: sans-serif;\" title=\"1997\" href=\"https://vi.wikipedia.org/wiki/1997\">1997</a><span style=\"color: #202122; font-family: sans-serif;\">), thường được biết đến với nghệ danh&nbsp;</span><strong style=\"color: #202122; font-family: sans-serif;\">Alan Walker</strong><span style=\"color: #202122; font-family: sans-serif;\">&nbsp;l&agrave; một nam&nbsp;</span><a style=\"text-decoration-line: none; color: #0b0080; background-image: none; background-position: initial; background-size: initial; background-repeat: initial; background-attachment: initial; background-origin: initial; background-clip: initial; font-family: sans-serif;\" title=\"DJ\" href=\"https://vi.wikipedia.org/wiki/DJ\">DJ</a><span style=\"color: #202122; font-family: sans-serif;\">&nbsp;v&agrave;&nbsp;</span><a class=\"mw-redirect\" style=\"text-decoration-line: none; color: #0b0080; background-image: none; background-position: initial; background-size: initial; background-repeat: initial; background-attachment: initial; background-origin: initial; background-clip: initial; font-family: sans-serif;\" title=\"Nh&agrave; sản xuất thu &acirc;m\" href=\"https://vi.wikipedia.org/wiki/Nh%C3%A0_s%E1%BA%A3n_xu%E1%BA%A5t_thu_%C3%A2m\">nh&agrave; sản xuất thu &acirc;m</a><span style=\"color: #202122; font-family: sans-serif;\">&nbsp;người&nbsp;</span><a style=\"text-decoration-line: none; color: #0b0080; background-image: none; background-position: initial; background-size: initial; background-repeat: initial; background-attachment: initial; background-origin: initial; background-clip: initial; font-family: sans-serif;\" title=\"Na Uy\" href=\"https://vi.wikipedia.org/wiki/Na_Uy\">Na Uy</a><span style=\"color: #202122; font-family: sans-serif;\">&nbsp;gốc&nbsp;</span><a style=\"text-decoration-line: none; color: #0b0080; background-image: none; background-position: initial; background-size: initial; background-repeat: initial; background-attachment: initial; background-origin: initial; background-clip: initial; font-family: sans-serif;\" title=\"Anh\" href=\"https://vi.wikipedia.org/wiki/Anh\">Anh</a><span style=\"color: #202122; font-family: sans-serif;\">. V&agrave;o năm 2015, Walker bắt đầu trở n&ecirc;n nổi tiếng tr&ecirc;n phạm vi quốc tế sau khi ph&aacute;t h&agrave;nh đĩa đơn \"</span><a style=\"text-decoration-line: none; color: #0b0080; background-image: none; background-position: initial; background-size: initial; background-repeat: initial; background-attachment: initial; background-origin: initial; background-clip: initial; font-family: sans-serif;\" title=\"Faded (b&agrave;i h&aacute;t của Alan Walker)\" href=\"https://vi.wikipedia.org/wiki/Faded_(b%C3%A0i_h%C3%A1t_c%E1%BB%A7a_Alan_Walker)\">Faded</a><span style=\"color: #202122; font-family: sans-serif;\">\" v&agrave; nhận được chứng nhận bạch kim tại 14 quốc gia.</span></p>', 'singers\\August2020\\PQT1qqt6sgxWlXf0kCCW.jpg', '2020-08-11 20:29:41', '2020-08-11 20:29:41'),
(35, 'KarlK', '<p><span style=\"color: #5f6368; font-family: arial, sans-serif;\"><strong>KarlK&nbsp;</strong>l&agrave; một nhạc sĩ người Ph&aacute;p nổi tiếng với ca kh&uacute;c Daydreamer.</span></p>\r\n<div id=\"gtx-trans\" style=\"position: absolute; left: 76px; top: 32px;\">\r\n<div class=\"gtx-trans-icon\">&nbsp;</div>\r\n</div>', 'singers\\August2020\\KqGlgXfn18nLrJQKTwci.jpg', '2020-08-11 20:30:00', '2020-08-11 20:32:15'),
(36, 'Nguyễn Đình Vũ', '<p style=\"box-sizing: border-box; margin-top: 0px; margin-bottom: 1rem; color: #212529; font-family: -apple-system, BlinkMacSystemFont, \'Segoe UI\', Roboto, \'Helvetica Neue\', Arial, \'Noto Sans\', sans-serif, \'Apple Color Emoji\', \'Segoe UI Emoji\', \'Segoe UI Symbol\', \'Noto Color Emoji\'; font-size: 19.2px;\">Nguyễn Đ&igrave;nh Vũ sinh ng&agrave;y 17-3-1991 tại Th&agrave;nh phố Hồ Ch&iacute; Minh, nước Việt Nam. Nguyễn Đ&igrave;nh Vũ l&agrave; một ca sĩ h&aacute;t nhạc trẻ rất th&agrave;nh c&ocirc;ng của Việt Nam được nhiều kh&aacute;n giả biết đến v&agrave; y&ecirc;u mến.</p>\r\n<p><span style=\"color: #212529; font-family: -apple-system, BlinkMacSystemFont, \'Segoe UI\', Roboto, \'Helvetica Neue\', Arial, \'Noto Sans\', sans-serif, \'Apple Color Emoji\', \'Segoe UI Emoji\', \'Segoe UI Symbol\', \'Noto Color Emoji\'; font-size: 19.2px;\">Nguyễn Đ&igrave;nh Vũ sở hữu giọng h&aacute;t truyền cảm, nội lực v&agrave; đặc biệt với c&aacute; t&iacute;nh kh&ocirc;ng thể lẫn v&agrave;o đ&acirc;u. Bắt đầu từ thời điểm n&agrave;y, Đ&igrave;nh Vũ được người h&acirc;m mộ gọi l&agrave; &ldquo;Th&aacute;nh live&rdquo; khi h&agrave;ng loạt c&aacute;c clip h&aacute;t live của anh đều được y&ecirc;u th&iacute;ch, chia sẻ với tốc độ&rdquo; ch&oacute;ng mặt&rdquo;.</span></p>', 'singers\\August2020\\Ubb8GBBtgRl56ORoOiaT.jpg', '2020-08-11 20:32:36', '2020-08-11 20:32:36'),
(37, 'Châu Khải Phong', '<p><span style=\"color: #212529; font-family: -apple-system, BlinkMacSystemFont, \'Segoe UI\', Roboto, \'Helvetica Neue\', Arial, \'Noto Sans\', sans-serif, \'Apple Color Emoji\', \'Segoe UI Emoji\', \'Segoe UI Symbol\', \'Noto Color Emoji\'; font-size: 16px;\"><strong>Ch&acirc;u Khải Phong</strong> sinh năm 1986, t&ecirc;n thật l&agrave; L&ecirc; Văn Thuận, được biết đến l&agrave; một ca sỹ trẻ kh&aacute; nổi tiếng trong giới trẻ được đ&ocirc;ng đảo kh&aacute;n giả biết đến v&agrave; y&ecirc;u mến, đang ng&agrave;y c&agrave;ng khẳng định vị thế của m&igrave;nh trong l&agrave;ng &acirc;m nhạc Việt.</span></p>\r\n<div id=\"gtx-trans\" style=\"position: absolute; left: -5px; top: 36px;\">\r\n<div class=\"gtx-trans-icon\">&nbsp;</div>\r\n</div>', 'singers\\August2020\\80WV1lluJKTUXk4hl3K3.jpg', '2020-08-11 20:33:24', '2020-08-11 20:33:24');
INSERT INTO `singers` (`id`, `name`, `description`, `image`, `created_at`, `updated_at`) VALUES
(38, 'Miu Lê', '<p><strong style=\"color: #202122; font-family: sans-serif;\">L&ecirc; &Aacute;nh Nhật</strong><span style=\"color: #202122; font-family: sans-serif;\">&nbsp;hay c&ograve;n được kh&aacute;n giả biết đến với nghệ danh l&agrave;&nbsp;</span><strong style=\"color: #202122; font-family: sans-serif;\">Miu L&ecirc;</strong><span style=\"color: #202122; font-family: sans-serif;\">, sinh ng&agrave;y&nbsp;</span><a style=\"text-decoration-line: none; color: #0b0080; background-image: none; background-position: initial; background-size: initial; background-repeat: initial; background-attachment: initial; background-origin: initial; background-clip: initial; font-family: sans-serif;\" title=\"5 th&aacute;ng 7\" href=\"https://vi.wikipedia.org/wiki/5_th%C3%A1ng_7\">05 th&aacute;ng 07</a><span style=\"color: #202122; font-family: sans-serif;\">&nbsp;năm&nbsp;</span><a style=\"text-decoration-line: none; color: #0b0080; background-image: none; background-position: initial; background-size: initial; background-repeat: initial; background-attachment: initial; background-origin: initial; background-clip: initial; font-family: sans-serif;\" title=\"1991\" href=\"https://vi.wikipedia.org/wiki/1991\">1991</a><span style=\"color: #202122; font-family: sans-serif;\">&nbsp;tại&nbsp;</span><a style=\"text-decoration-line: none; color: #0b0080; background-image: none; background-position: initial; background-size: initial; background-repeat: initial; background-attachment: initial; background-origin: initial; background-clip: initial; font-family: sans-serif;\" title=\"Th&agrave;nh phố Hồ Ch&iacute; Minh\" href=\"https://vi.wikipedia.org/wiki/Th%C3%A0nh_ph%E1%BB%91_H%E1%BB%93_Ch%C3%AD_Minh\">Th&agrave;nh phố Hồ Ch&iacute; Minh</a><span style=\"color: #202122; font-family: sans-serif;\">&nbsp;l&agrave; một nữ&nbsp;</span><a style=\"text-decoration-line: none; color: #0b0080; background-image: none; background-position: initial; background-size: initial; background-repeat: initial; background-attachment: initial; background-origin: initial; background-clip: initial; font-family: sans-serif;\" title=\"Ca sĩ\" href=\"https://vi.wikipedia.org/wiki/Ca_s%C4%A9\">ca sĩ</a><span style=\"color: #202122; font-family: sans-serif;\">,&nbsp;</span><a style=\"text-decoration-line: none; color: #0b0080; background-image: none; background-position: initial; background-size: initial; background-repeat: initial; background-attachment: initial; background-origin: initial; background-clip: initial; font-family: sans-serif;\" title=\"Diễn vi&ecirc;n\" href=\"https://vi.wikipedia.org/wiki/Di%E1%BB%85n_vi%C3%AAn\">diễn vi&ecirc;n</a><span style=\"color: #202122; font-family: sans-serif;\">&nbsp;người&nbsp;</span><a style=\"text-decoration-line: none; color: #0b0080; background-image: none; background-position: initial; background-size: initial; background-repeat: initial; background-attachment: initial; background-origin: initial; background-clip: initial; font-family: sans-serif;\" title=\"Việt Nam\" href=\"https://vi.wikipedia.org/wiki/Vi%E1%BB%87t_Nam\">Việt Nam</a><span style=\"color: #202122; font-family: sans-serif;\">.</span></p>', 'singers\\August2020\\EechocBSM84MsSQ0hDzf.jpg', '2020-08-11 20:45:21', '2020-08-11 20:45:21'),
(39, 'Đình Phước', '<p><strong>Đ&igrave;nh Phước</strong> sinh ra v&agrave; lớn l&ecirc; tại qu&ecirc; hương S&ocirc;ng B&eacute; (B&igrave;nh Phước), thừa hưởng chất giọng lai Trung từ cha gốc Nghệ An, mẹ gốc Huế.&nbsp; Từ nhỏ anh đ&atilde; tập t&agrave;nh h&aacute;t nhạc v&agrave;ng do mẹ v&agrave; b&agrave; ngoại thường hay h&aacute;t. Đ&igrave;nh Phước biết h&aacute;t &ldquo;N&oacute;i với người t&igrave;nh&ldquo; từ khi chưa biết đọc chữ.</p>\r\n<div id=\"gtx-trans\" style=\"position: absolute; left: -1px; top: 32px;\">\r\n<div class=\"gtx-trans-icon\">&nbsp;</div>\r\n</div>', 'singers\\August2020\\Yu0Dl0U5I2hM1aQH9GI3.jpg', '2020-08-11 21:19:03', '2020-08-11 21:19:03'),
(40, 'Đoàn Minh', '<p><span style=\"color: #222222; font-family: Roboto, Arial, sans-serif; font-size: 16px;\">T&ecirc;n thật&nbsp;</span><strong style=\"color: #222222; font-family: Roboto, Arial, sans-serif; font-size: 16px;\">Đo&agrave;n</strong><span style=\"color: #222222; font-family: Roboto, Arial, sans-serif; font-size: 16px;\"> V<strong>ăn&nbsp;</strong></span><strong style=\"color: #222222; font-family: Roboto, Arial, sans-serif; font-size: 16px;\">Minh</strong><span style=\"color: #222222; font-family: Roboto, Arial, sans-serif; font-size: 16px;\">, sinh năm 1979, qu&ecirc; gốc Chợ L&aacute;ch, Bến Tre, mất cha khi mới vừa l&ecirc;n lớp 9,&nbsp;</span><strong style=\"color: #222222; font-family: Roboto, Arial, sans-serif; font-size: 16px;\">L&agrave;</strong><span style=\"color: #222222; font-family: Roboto, Arial, sans-serif; font-size: 16px;\">&nbsp;người con thứ 2 trong gia đ&igrave;nh 4 anh em. hết lớp 11, do chuyện mưu sinh của gia đ&igrave;nh, anh chuyển l&ecirc;n S&agrave;i G&ograve;n vừa học văn h&oacute;a vừa học khoa &acirc;m nhạc trường Trung cấp Thanh Nhạc.</span></p>', 'singers\\August2020\\Fq7vxJWkR6MaoSfUeXc2.jpg', '2020-08-11 21:25:00', '2020-08-11 21:26:06'),
(41, 'Khôi Nguyên', '<p><strong style=\"color: #222222; font-family: Roboto, Arial, sans-serif; font-size: 16px;\">Kh&ocirc;i Nguy&ecirc;n</strong><span style=\"color: #222222; font-family: Roboto, Arial, sans-serif; font-size: 16px;\">&nbsp;t&ecirc;n thật l&agrave; Trang Nhật Khởi, sinh ng&agrave;y 29 th&aacute;ng 1 tại Tr&agrave; Vinh - miền đất sản sinh ra kh&aacute; nhiều&nbsp;</span><strong style=\"color: #222222; font-family: Roboto, Arial, sans-serif; font-size: 16px;\">nhạc sĩ</strong><span style=\"color: #222222; font-family: Roboto, Arial, sans-serif; font-size: 16px;\">,&nbsp;</span><strong style=\"color: #222222; font-family: Roboto, Arial, sans-serif; font-size: 16px;\">ca sĩ</strong><span style=\"color: #222222; font-family: Roboto, Arial, sans-serif; font-size: 16px;\">, trong đ&oacute; c&oacute;&nbsp;</span><strong style=\"color: #222222; font-family: Roboto, Arial, sans-serif; font-size: 16px;\">nhạc sĩ</strong><span style=\"color: #222222; font-family: Roboto, Arial, sans-serif; font-size: 16px;\">&nbsp;Tr&uacute;c Phương - &ocirc;ng ho&agrave;ng&nbsp;</span><strong style=\"color: #222222; font-family: Roboto, Arial, sans-serif; font-size: 16px;\">của</strong><span style=\"color: #222222; font-family: Roboto, Arial, sans-serif; font-size: 16px;\">&nbsp;d&ograve;ng&nbsp;</span><strong style=\"color: #222222; font-family: Roboto, Arial, sans-serif; font-size: 16px;\">nhạc</strong><span style=\"color: #222222; font-family: Roboto, Arial, sans-serif; font-size: 16px;\">&nbsp;bolero...&nbsp;</span><strong style=\"color: #222222; font-family: Roboto, Arial, sans-serif; font-size: 16px;\">Kh&ocirc;i Nguy&ecirc;n</strong><span style=\"color: #222222; font-family: Roboto, Arial, sans-serif; font-size: 16px;\">&nbsp;v&agrave;o nghề&nbsp;</span><strong style=\"color: #222222; font-family: Roboto, Arial, sans-serif; font-size: 16px;\">ca</strong><span style=\"color: #222222; font-family: Roboto, Arial, sans-serif; font-size: 16px;\">&nbsp;h&aacute;t với&nbsp;</span><strong style=\"color: #222222; font-family: Roboto, Arial, sans-serif; font-size: 16px;\">sự</strong><span style=\"color: #222222; font-family: Roboto, Arial, sans-serif; font-size: 16px;\">&nbsp;d&igrave;u dắt&nbsp;</span><strong style=\"color: #222222; font-family: Roboto, Arial, sans-serif; font-size: 16px;\">của</strong><span style=\"color: #222222; font-family: Roboto, Arial, sans-serif; font-size: 16px;\">&nbsp;người thầy, người ch&uacute; l&agrave;&nbsp;</span><strong style=\"color: #222222; font-family: Roboto, Arial, sans-serif; font-size: 16px;\">nhạc sĩ</strong><span style=\"color: #222222; font-family: Roboto, Arial, sans-serif; font-size: 16px;\">&nbsp;Thanh Sơn - t&aacute;c giả Nỗi Buồn Hoa Phượng.</span></p>', 'singers\\August2020\\BCO9hwIf7wT7HO2O25hE.jpg', '2020-08-11 23:30:58', '2020-08-11 23:30:58'),
(42, 'Lam Anh', '<p><span style=\"color: #4d5156; font-family: Roboto, Arial, sans-serif;\"><strong>Lam Anh</strong> l&agrave; một nữ ca sĩ hải ngoại. Hiện c&ocirc; đang cộng t&aacute;c với Trung t&acirc;m Th&uacute;y Nga.</span></p>\r\n<div id=\"gtx-trans\" style=\"position: absolute; left: -38px; top: 32px;\">\r\n<div class=\"gtx-trans-icon\">&nbsp;</div>\r\n</div>', 'singers\\August2020\\aCC6QeNbn53ZLJ6WSZWF.jpg', '2020-08-11 23:46:11', '2020-08-11 23:46:11'),
(43, 'Lâm Bảo Phi', '<p><span style=\"color: #2e3338; font-family: Whitney, \'Helvetica Neue\', Helvetica, Arial, sans-serif; font-size: 16px; white-space: break-spaces;\">Ca sĩ L&acirc;m Bảo Phi sinh tại Tỉnh Thanh H&oacute;a. Anh sống v&agrave; l&agrave;m việc chủ yếu ở Th&agrave;nh phố Hồ Ch&iacute; Minh.- L&acirc;m Bảo Phi l&agrave; ca sĩ kh&aacute; th&agrave;nh c&ocirc;ng với d&ograve;ng nhạc trữ t&igrave;nh s&acirc;u lắng được nhiều kh&aacute;n giả quan t&acirc;m v&agrave; y&ecirc;u mến tại Việt Nam. Với chất giọng trữ tr&igrave;nh thi&ecirc;n ph&uacute; c&ugrave;ng với gương mặt kh&aacute; điển trai tr&ecirc;n s&acirc;n khấu L&acirc;m Bảo Phi nhanh ch&oacute;ng được kh&aacute;n th&iacute;nh giả gần xa trong v&agrave; ngo&agrave;i nước biết đến. Với l&ograve;ng hảo t&acirc;m của m&igrave;nh, L&acirc;m Bảo Phi c&ograve;n được người h&acirc;m mộ biết đến bởi c&aacute;c chương tr&igrave;nh ca nhạc từ thiện m&agrave; anh tham gia.</span></p>\r\n<div id=\"gtx-trans\" style=\"position: absolute; left: 130px; top: -14px;\">\r\n<div class=\"gtx-trans-icon\">&nbsp;</div>\r\n</div>', 'singers\\August2020\\awP9l6VXpuw7xtuSFUZb.jpg', '2020-08-11 23:51:32', '2020-08-11 23:51:32'),
(44, 'Mỹ Tâm', '<p><strong style=\"color: #202122; font-family: sans-serif;\">Phan Thị Mỹ T&acirc;m</strong><span style=\"color: #202122; font-family: sans-serif;\">&nbsp;(sinh ng&agrave;y&nbsp;</span><a style=\"text-decoration-line: none; color: #0b0080; background-image: none; background-position: initial; background-size: initial; background-repeat: initial; background-attachment: initial; background-origin: initial; background-clip: initial; font-family: sans-serif;\" title=\"16 th&aacute;ng 1\" href=\"https://vi.wikipedia.org/wiki/16_th%C3%A1ng_1\">16 th&aacute;ng 1</a><span style=\"color: #202122; font-family: sans-serif;\">&nbsp;năm&nbsp;</span><a style=\"text-decoration-line: none; color: #0b0080; background-image: none; background-position: initial; background-size: initial; background-repeat: initial; background-attachment: initial; background-origin: initial; background-clip: initial; font-family: sans-serif;\" title=\"1981\" href=\"https://vi.wikipedia.org/wiki/1981\">1981</a><span style=\"color: #202122; font-family: sans-serif;\">) l&agrave; nữ&nbsp;</span><a style=\"text-decoration-line: none; color: #0b0080; background-image: none; background-position: initial; background-size: initial; background-repeat: initial; background-attachment: initial; background-origin: initial; background-clip: initial; font-family: sans-serif;\" title=\"Ca sĩ\" href=\"https://vi.wikipedia.org/wiki/Ca_s%C4%A9\">ca sĩ</a><span style=\"color: #202122; font-family: sans-serif;\">,&nbsp;</span><a style=\"text-decoration-line: none; color: #0b0080; background-image: none; background-position: initial; background-size: initial; background-repeat: initial; background-attachment: initial; background-origin: initial; background-clip: initial; font-family: sans-serif;\" title=\"Nhạc sĩ\" href=\"https://vi.wikipedia.org/wiki/Nh%E1%BA%A1c_s%C4%A9\">nhạc sĩ</a><span style=\"color: #202122; font-family: sans-serif;\">&nbsp;v&agrave;&nbsp;</span><a style=\"text-decoration-line: none; color: #0b0080; background-image: none; background-position: initial; background-size: initial; background-repeat: initial; background-attachment: initial; background-origin: initial; background-clip: initial; font-family: sans-serif;\" title=\"Diễn vi&ecirc;n\" href=\"https://vi.wikipedia.org/wiki/Di%E1%BB%85n_vi%C3%AAn\">diễn vi&ecirc;n</a><span style=\"color: #202122; font-family: sans-serif;\">&nbsp;</span><a style=\"text-decoration-line: none; color: #0b0080; background-image: none; background-position: initial; background-size: initial; background-repeat: initial; background-attachment: initial; background-origin: initial; background-clip: initial; font-family: sans-serif;\" title=\"Người Việt\" href=\"https://vi.wikipedia.org/wiki/Ng%C6%B0%E1%BB%9Di_Vi%E1%BB%87t\">người Việt Nam</a><span style=\"color: #202122; font-family: sans-serif;\">. Sinh ra tại&nbsp;</span><a style=\"text-decoration-line: none; color: #0b0080; background-image: none; background-position: initial; background-size: initial; background-repeat: initial; background-attachment: initial; background-origin: initial; background-clip: initial; font-family: sans-serif;\" title=\"Đ&agrave; Nẵng\" href=\"https://vi.wikipedia.org/wiki/%C4%90%C3%A0_N%E1%BA%B5ng\">Đ&agrave; Nẵng</a><span style=\"color: #202122; font-family: sans-serif;\">, c&ocirc; sớm bộc lộ năng khiếu về&nbsp;</span><a style=\"text-decoration-line: none; color: #0b0080; background-image: none; background-position: initial; background-size: initial; background-repeat: initial; background-attachment: initial; background-origin: initial; background-clip: initial; font-family: sans-serif;\" title=\"&Acirc;m nhạc\" href=\"https://vi.wikipedia.org/wiki/%C3%82m_nh%E1%BA%A1c\">&acirc;m nhạc</a><span style=\"color: #202122; font-family: sans-serif;\">&nbsp;v&agrave; li&ecirc;n tiếp gi&agrave;nh chiến thắng tại nhiều cuộc thi ca h&aacute;t lớn nhỏ l&uacute;c c&ograve;n ở độ tuổi thiếu ni&ecirc;n. C&ocirc; khởi nghiệp ca h&aacute;t bằng album đầu tay&nbsp;</span><em style=\"color: #202122; font-family: sans-serif;\">M&atilde;i y&ecirc;u</em><span style=\"color: #202122; font-family: sans-serif;\">&nbsp;(2001) v&agrave; album kế tiếp&nbsp;</span><em style=\"color: #202122; font-family: sans-serif;\">Đ&acirc;u chỉ ri&ecirc;ng em</em><span style=\"color: #202122; font-family: sans-serif;\">&nbsp;(2002) kh&ocirc;ng l&acirc;u sau khi tốt nghiệp thủ khoa tại trường&nbsp;</span><a style=\"text-decoration-line: none; color: #0b0080; background-image: none; background-position: initial; background-size: initial; background-repeat: initial; background-attachment: initial; background-origin: initial; background-clip: initial; font-family: sans-serif;\" title=\"Nhạc viện Th&agrave;nh phố Hồ Ch&iacute; Minh\" href=\"https://vi.wikipedia.org/wiki/Nh%E1%BA%A1c_vi%E1%BB%87n_Th%C3%A0nh_ph%E1%BB%91_H%E1%BB%93_Ch%C3%AD_Minh\">Nhạc viện Th&agrave;nh phố Hồ Ch&iacute; Minh</a><span style=\"color: #202122; font-family: sans-serif;\">. Album ph&ograve;ng thu thứ ba,&nbsp;</span><em style=\"color: #202122; font-family: sans-serif;\">Yesterday &amp; Now</em><span style=\"color: #202122; font-family: sans-serif;\">&nbsp;(2003) gi&uacute;p c&ocirc; lập kỷ lục về doanh số b&aacute;n ra tại thị trường trong nước.</span></p>', 'singers\\August2020\\nLqCnVe9Zt3g8TMjeSoy.jpg', '2020-08-12 00:14:44', '2020-08-12 00:14:44'),
(45, 'Huỳnh Tú', '<p><span style=\"color: #32323d; font-family: Roboto, sans-serif; background-color: rgba(255, 255, 255, 0.75);\"><strong>Huỳnh T&uacute;</strong> l&agrave; nữ ca sĩ từng g&acirc;y ch&uacute; &yacute; với bản hit \'Đường Một Chiều\' ra mắt từ năm 2016. Sở hữu giọng h&aacute;t nội lực, Huỳnh T&uacute; x&acirc;y dựng cho m&igrave;nh h&igrave;nh ảnh c&aacute; t&iacute;nh khiến c&ocirc; lu&ocirc;n thu h&uacute;t kh&aacute;n giả</span></p>', 'singers\\August2020\\R5mLI0x9IeoSLL7qyh2o.jpg', '2020-08-12 00:28:14', '2020-08-12 00:28:14');

-- --------------------------------------------------------

--
-- Table structure for table `songs`
--

CREATE TABLE `songs` (
  `id` int(10) UNSIGNED NOT NULL,
  `name` varchar(255) COLLATE utf8mb4_unicode_ci NOT NULL,
  `musician_id` int(10) UNSIGNED NOT NULL,
  `lyric` varchar(15000) COLLATE utf8mb4_unicode_ci DEFAULT NULL,
  `category_id` int(10) UNSIGNED NOT NULL,
  `nation_id` int(10) UNSIGNED NOT NULL,
  `created_at` timestamp NULL DEFAULT NULL,
  `updated_at` timestamp NULL DEFAULT NULL,
  `file` varchar(255) COLLATE utf8mb4_unicode_ci DEFAULT NULL
) ENGINE=InnoDB DEFAULT CHARSET=utf8mb4 COLLATE=utf8mb4_unicode_ci;

--
-- Dumping data for table `songs`
--

INSERT INTO `songs` (`id`, `name`, `musician_id`, `lyric`, `category_id`, `nation_id`, `created_at`, `updated_at`, `file`) VALUES
(8, 'Hoa Nở Không Màu', 21, '<p><span style=\"color: #030303; font-family: Roboto, Arial, sans-serif; white-space: pre-wrap; background-color: #f9f9f9;\">Chỉ l&agrave; nỗi nhớ m&atilde;i đứng sau cuộc t&igrave;nh đ&atilde; lỡ Chỉ l&agrave; cơn mơ cuốn theo cả một trời thương nhớ Chỉ l&agrave; nỗi đau thổn thức, chỉ l&agrave; nh&oacute;i th&ecirc;m một ch&uacute;t Chỉ l&agrave; nước mắt cứ rưng rưng T&igrave;m về k&iacute; ức cố x&oacute;a đi đoạn t&igrave;nh ban sơ Rồi lại chơ vơ đứng giữa nơi đại lộ tan vỡ M&atilde;i ch&igrave;m đắm trong lầm lỡ Tr&aacute;i tim vẫn kh&ocirc;ng ngừng nhớ Đợi chờ em đến ho&aacute; ngu ngơ T&igrave;nh y&ecirc;u đ&atilde; phai mờ như hoa nở kh&ocirc;ng m&agrave;u C&agrave;ng n&iacute;u k&eacute;o nhưng lại c&agrave;ng xa c&aacute;ch nhau Đ&agrave;nh &ocirc;m nỗi đau n&agrave;y chết lặng giữa trời m&acirc;y Hằn lại s&acirc;u trong tr&aacute;i tim hao gầy Giờ đ&acirc;y ch&uacute;ng ta l&agrave; hai người dưng kh&aacute;c lạ Buồn biết mấy nhưng lại chẳng thể n&oacute;i ra Cuộc đời lắm v&ocirc; thường, sao cứ m&atilde;i vấn vương Tự m&igrave;nh &ocirc;m lấy tổn thương ri&ecirc;ng m&igrave;nh ! Chỉ l&agrave; anh cố chấp lu&ocirc;n &acirc;m thầm Bước về ph&iacute;a nắng ấm t&igrave;m em Thế m&agrave; cơn mưa đ&ecirc;m x&oacute;a hết kỷ niệm</span></p>', 11, 6, '2019-12-31 20:35:00', '2020-08-30 17:56:25', '[{\"download_link\":\"songs\\\\August2020\\\\QVOkReqrbefgX90lkqkR.mp3\",\"original_name\":\"HoaNoKhongMau1-HoaiLam-6281704.mp3\"}]'),
(9, 'Chúng Ta Không Thuộc Về Nhau', 15, '<div class=\"ujudUb\" style=\"margin-bottom: 12px; color: #222222; font-family: arial, sans-serif;\">Hứa rằng ch&uacute;ng ta sẽ thuộc về nhau đ&ecirc;m nay nh&aacute;<br />Nếu m&agrave; thuộc về nhau th&igrave; tay ch&acirc;n, tay ch&acirc;n, tay ch&acirc;n</div>\r\n<div class=\"ujudUb\" style=\"margin-bottom: 12px; color: #222222; font-family: arial, sans-serif;\">Tay ch&acirc;n đ&acirc;u, tay ch&acirc;n đ&acirc;u đ&acirc;u<br />Tay ch&acirc;n đ&acirc;u, tay ch&acirc;n đ&acirc;u đ&acirc;u rồi<br />Tay ch&acirc;n đ&acirc;u, tay ch&acirc;n đ&acirc;u đ&acirc;u, yeah</div>\r\n<div class=\"ujudUb\" style=\"margin-bottom: 12px; color: #222222; font-family: arial, sans-serif;\">Niềm tin đ&atilde; mất<br />Giọt nước mắt cuốn k&iacute; ức anh ch&igrave;m s&acirc;u<br />T&igrave;nh về nơi đ&acirc;u<br />C&ocirc; đơn đ&ocirc;i ch&acirc;n lạc tr&ocirc;i giữa bầu trời<br />M&agrave;n đ&ecirc;m che dấu<br />Từng g&oacute;c tối khuất lấp ph&iacute;a sau bờ m&ocirc;i<br />Tại v&igrave; anh th&ocirc;i<br />Y&ecirc;u say m&ecirc; n&ecirc;n đ&ocirc;i khi qu&aacute; dại khờ</div>\r\n<div class=\"ujudUb\" style=\"margin-bottom: 12px; color: #222222; font-family: arial, sans-serif;\">Nhắm mắt ơ thờ anh kh&ocirc;ng muốn lạc v&agrave;o trong nỗi đau n&agrave;y<br />Ph&iacute;a trước b&acirc;y giờ ai đang nắm chặt b&agrave;n tay của em vậy?<br />G&igrave; n&agrave;o? M&ocirc;ng lung như một tr&ograve; đ&ugrave;a<br />G&igrave; ạ? Anh xin giơ tay r&uacute;t lui th&ocirc;i<br />&Ecirc; do ai<br />Tr&aacute;ch ai b&acirc;y giờ đ&acirc;y n&agrave;y, đ&acirc;y n&agrave;y, đ&acirc;y n&agrave;y, đ&acirc;y n&agrave;y, đ&acirc;y n&agrave;y</div>\r\n<div class=\"ujudUb\" style=\"margin-bottom: 12px; color: #222222; font-family: arial, sans-serif;\">G&igrave; n&agrave;o? Ch&uacute;ng ta kh&ocirc;ng thuộc về nhau<br />G&igrave; ạ? Ch&uacute;ng ta kh&ocirc;ng thuộc về nhau<br />G&igrave; n&agrave;o? Ch&uacute;ng ta kh&ocirc;ng thuộc về nhau<br />Em h&atilde;y cứ đi b&ecirc;n người m&agrave; em cần</div>\r\n<div class=\"ujudUb\" style=\"margin-bottom: 12px; color: #222222; font-family: arial, sans-serif;\">Tr&aacute;i tim c&oacute; thuộc về nhau kh&ocirc;ng?<br />Giấc mơ c&oacute; l&agrave; của nhau kh&ocirc;ng?<br />X&oacute;a c&acirc;u ca buồn chiều mưa<br />Anh lỡ x&oacute;a lu&ocirc;n y&ecirc;u thương ng&agrave;y xưa rồi</div>\r\n<div class=\"ujudUb\" style=\"margin-bottom: 12px; color: #222222; font-family: arial, sans-serif;\">Ch&uacute;ng ta c&oacute; thuộc về nhau</div>\r\n<div class=\"ujudUb\" style=\"margin-bottom: 12px; color: #222222; font-family: arial, sans-serif;\">Tay ch&acirc;n đ&acirc;u, tay ch&acirc;n đ&acirc;u, tay ch&acirc;n đ&acirc;u<br />Tay ch&acirc;n đ&acirc;u, tay ch&acirc;n đ&acirc;u, tay ch&acirc;n đ&acirc;u<br />I love you guys</div>\r\n<div class=\"ujudUb\" style=\"margin-bottom: 12px; color: #222222; font-family: arial, sans-serif;\">&Acirc;y<br />Từng đ&ecirc;m qua<br />Cơn mưa bao v&acirc;y chia rời đ&ocirc;i ta<br />Em, ng&agrave;y h&ocirc;m qua<br />Cuốn gi&oacute; theo m&acirc;y đi về nơi xa<br />Trời xanh rộng bao la<br />Anh l&ecirc; đ&ocirc;i ch&acirc;n m&igrave;nh<br />Bơ vơ lang thang c&oacute; lẽ em đang y&ecirc;n vui b&ecirc;n nh&acirc;n t&igrave;nh<br />Qu&ecirc;n đi để anh nhớ<br />Hơi men để anh mơ<br />Nơi đ&acirc;u để anh giấu</div>\r\n<div class=\"ujudUb\" style=\"margin-bottom: 12px; color: #222222; font-family: arial, sans-serif;\">Nhắm mắt ơ thờ anh kh&ocirc;ng muốn lạc v&agrave;o trong nỗi đau n&agrave;y<br />Ph&iacute;a trước b&acirc;y giờ ai đang nắm chặt b&agrave;n tay của em vậy?<br />M&ocirc;ng lung như một tr&ograve; đ&ugrave;a<br />Anh xin giơ tay r&uacute;t lui th&ocirc;i<br />Do ai, tr&aacute;ch ai b&acirc;y giờ<br />Đ&acirc;y n&agrave;y, đ&acirc;y n&agrave;y, đ&acirc;y n&agrave;y, đ&acirc;y n&agrave;y, đ&acirc;y n&agrave;y, đ&acirc;y n&agrave;y, đ&acirc;y n&agrave;y<br />&Acirc;y &acirc;y</div>\r\n<div class=\"ujudUb\" style=\"margin-bottom: 12px; color: #222222; font-family: arial, sans-serif;\">Ch&uacute;ng ta c&oacute; thuộc về nhau kh&ocirc;ng?<br />Ch&uacute;ng ta c&oacute; thuộc về nhau kh&ocirc;ng?<br />Ch&uacute;ng ta c&oacute; thuộc về nhau kh&ocirc;ng n&agrave;y?</div>\r\n<div class=\"ujudUb\" style=\"margin-bottom: 12px; color: #222222; font-family: arial, sans-serif;\">Qu&aacute; ngọt ng&agrave;o lu&ocirc;n, một lần nữa n&agrave;y</div>\r\n<div class=\"ujudUb\" style=\"margin-bottom: 12px; color: #222222; font-family: arial, sans-serif;\">Tr&aacute;i tim c&oacute; thuộc về nhau<br />Giấc mơ c&oacute; l&agrave; của nhau<br />X&oacute;a c&acirc;u ca buồn chiều mưa<br />Anh đ&acirc;y lỡ x&oacute;a lu&ocirc;n y&ecirc;u thương ng&agrave;y xưa rồi</div>\r\n<div class=\"ujudUb\" style=\"margin-bottom: 12px; color: #222222; font-family: arial, sans-serif;\">Tay đ&acirc;u?<br />Ch&uacute;ng ta c&oacute; thuộc về nhau<br />Ch&uacute;ng ta c&oacute; thuộc về nhau<br />Tay ch&acirc;n đ&acirc;u? Tay ch&acirc;n đ&acirc;u? Tay ch&acirc;n đ&acirc;u? Tay ch&acirc;n đ&acirc;u rồi?<br />Ya ya ya</div>\r\n<div class=\"ujudUb\" style=\"margin-bottom: 12px; color: #222222; font-family: arial, sans-serif;\">Ch&uacute;ng ta c&oacute; thuộc về nhau, đ&uacute;ng kh&ocirc;ng?<br />C&oacute; thuộc về nhau kh&ocirc;ng đấy?<br />C&oacute; thuộc về nhau kh&ocirc;ng H&agrave; Nội ơi-ơi-ới-ời<br />Nếu m&agrave; thuộc về nhau th&igrave; tay ch&acirc;n n&agrave;y<br />Nếu m&agrave; thuộc về nhau th&igrave; tay ch&acirc;n n&agrave;y<br />One and, two and<br />Đừng để ta chờ một lần nữa n&agrave;y</div>\r\n<div class=\"ujudUb\" style=\"margin-bottom: 12px; color: #222222; font-family: arial, sans-serif;\">Ch&uacute;ng ta c&oacute; thuộc về nhau<br />Ch&uacute;ng ta kh&ocirc;ng thuộc về nhau về nhau<br />Ch&uacute;ng ta kh&ocirc;ng thuộc về nhau về nhau<br />Em h&atilde;y cứ đi b&ecirc;n người m&agrave; em cần<br />Nhạc hay th&igrave; giơ tay, nhạc hay th&igrave; giơ...<br />H&ugrave;, b&ecirc;n n&agrave;y th&igrave; sao n&agrave;o</div>\r\n<div class=\"ujudUb WRZytc\" style=\"margin-bottom: 0px; color: #222222; font-family: arial, sans-serif;\">&Ecirc;-&igrave;-&ecirc;-&igrave;-&ecirc;-&igrave;-yay<br />&Ecirc;-&igrave;-&ecirc;-&igrave;-&ecirc;-&igrave;-yay<br />&Ecirc;-&igrave;-&ecirc;-&igrave;-&ecirc;-&igrave;-yay<br />Nhạc hay th&igrave; giơ tay, nhạc hay th&igrave; giơ tay<br />&Ecirc;, &ecirc;, &ecirc;, &ecirc;, &ecirc;<br />Don\'t forget me<br />Remember my face, bro</div>', 4, 6, '2020-01-15 20:39:00', '2020-08-30 17:56:39', '[{\"download_link\":\"songs\\\\August2020\\\\8LSFKTEyFdfKRgKXzPls.mp3\",\"original_name\":\"ChungTaKhongThuocVeNhau-SonTungMTP-4528181.mp3\"}]'),
(10, 'Chiều Hôm Ấy', 22, '<div class=\"ujudUb\" style=\"margin-bottom: 12px; color: #222222; font-family: arial, sans-serif;\">Chiều h&ocirc;m ấy em n&oacute;i với anh<br />Rằng m&igrave;nh kh&ocirc;ng n&ecirc;n gặp nhau nữa người ơi<br />Em đ&acirc;u biết anh đau thế n&agrave;o?<br />Khoảng lặng phủ k&iacute;n căn ph&ograve;ng ấy<br />Tim anh như thắt lại<br />V&agrave; mong đ&oacute; chỉ l&agrave; mơ<br />V&igrave; anh c&ograve;n y&ecirc;u em rất nhiều.</div>\r\n<div class=\"ujudUb\" style=\"margin-bottom: 12px; color: #222222; font-family: arial, sans-serif;\">Giọt buồn l&agrave;m nho&egrave; đi d&ograve;ng kẻ mắt<br />Ho&agrave; c&ugrave;ng cơn mưa l&agrave; những nỗi buồn kia<br />Em kh&oacute;c cho cuộc t&igrave;nh ch&uacute;ng m&igrave;nh<br />Cớ sao c&ograve;n y&ecirc;u nhau<br />M&agrave; m&igrave;nh kh&ocirc;ng thể đến được với nhau<br />V&igrave; anh đ&atilde; sai hay bởi v&igrave; b&ecirc;n em c&oacute; ai kia.</div>\r\n<div class=\"ujudUb\" style=\"margin-bottom: 12px; color: #222222; font-family: arial, sans-serif;\">Chẳng ai c&oacute; thể hiểu nổi được tr&aacute;i tim<br />Khi đ&atilde; lỡ y&ecirc;u rồi<br />Chỉ biết tr&aacute;ch bản th&acirc;n đ&atilde; m&ugrave; qu&aacute;ng<br />Tr&oacute;t y&ecirc;u một người v&ocirc; t&acirc;m<br />Từng lời hứa như vết dao lạnh l&ugrave;ng<br />Cắn thật s&acirc;u tr&aacute;i tim n&agrave;y</div>\r\n<div class=\"ujudUb\" style=\"margin-bottom: 12px; color: #222222; font-family: arial, sans-serif;\">V&igrave; muốn thấy em hạnh ph&uacute;c n&ecirc;n anh sẽ l&ugrave;i về sau.</div>\r\n<div class=\"ujudUb\" style=\"margin-bottom: 12px; color: #222222; font-family: arial, sans-serif;\">Thời gian qua ch&uacute;ng ta liệu sống tốt hơn<br />Hay cứ m&atilde;i dối lừa?<br />Nh&igrave;n người m&igrave;nh thương ướt nho&egrave; mi cay<br />Khiến tim n&agrave;y c&agrave;ng th&ecirc;m đau<br />Người từng khiến anh thay đổi l&agrave; em, đ&atilde; m&atilde;i xa rồi<br />Th&ocirc;i giấc mơ kh&eacute;p lại, k&yacute; ức kia gửi theo gi&oacute; bay.<br />Giọt buồn l&agrave;m nho&egrave; đi d&ograve;ng kẻ mắt<br />Ho&agrave; c&ugrave;ng cơn mưa l&agrave; nỗi buồn kia<br />Em kh&oacute;c cho cuộc t&igrave;nh ch&uacute;ng m&igrave;nh<br />Cớ sao c&ograve;n y&ecirc;u nhau m&agrave; m&igrave;nh kh&ocirc;ng thể đến được với nhau<br />V&igrave; anh đ&atilde; sai hay bởi v&igrave; b&ecirc;n em c&oacute; ai kia?<br />Chẳng ai c&oacute; thể hiểu nổi được tr&aacute;i tim<br />Khi đ&atilde; lỡ y&ecirc;u rồi<br />Chỉ biết tr&aacute;ch bản th&acirc;n đ&atilde; m&ugrave; qu&aacute;ng tr&oacute;t y&ecirc;u một người v&ocirc; t&acirc;m<br />Từng lời hứa như vết sao lạnh l&ugrave;ng<br />Cắn thật s&acirc;u tr&aacute;i tim n&agrave;y<br />V&igrave; muốn thấy em hạnh ph&uacute;c n&ecirc;n anh sẽ l&ugrave;i về sau<br />Thời gian qua ch&uacute;ng ta liệu sống tốt hơn<br />Hay cứ m&atilde;i dối lừa<br />Nh&igrave;n người m&igrave;nh thương ướt nho&egrave; mi cay khiến tim n&agrave;y c&agrave;ng th&ecirc;m đau<br />Người từng khiến anh thay đổi l&agrave; em<br />Đ&atilde; m&atilde;i xa rồi<br />Th&ocirc;i giấc mơ kh&eacute;p lại<br />K&iacute; ức kia gửi theo gi&oacute; bay...</div>\r\n<div class=\"ujudUb\" style=\"margin-bottom: 12px; color: #222222; font-family: arial, sans-serif;\">Chẳng ai c&oacute; thể hiểu nổi được tr&aacute;i tim<br />Khi đ&atilde; lỡ y&ecirc;u rồi<br />Chỉ biết tr&aacute;ch bản th&acirc;n đ&atilde; m&ugrave; qu&aacute;ng<br />Tr&oacute;t y&ecirc;u một người v&ocirc; t&acirc;m<br />Từng hứa như vết dao lạnh l&ugrave;ng<br />Cắn thật s&acirc;u tr&aacute;i tim n&agrave;y<br />V&igrave; muốn thấy em hạnh ph&uacute;c n&ecirc;n anh sẽ l&ugrave;i về sau</div>\r\n<div class=\"ujudUb WRZytc\" style=\"margin-bottom: 0px; color: #222222; font-family: arial, sans-serif;\">Thời gian qua ch&uacute;ng ta liệu sống tốt hơn<br />Hay cứ m&atilde;i dối lừa<br />Nh&igrave;n m&igrave;nh thương ướt nho&egrave; mi cay khiến tim n&agrave;y c&agrave;ng th&ecirc;m đau<br />Người từng khiến anh thay đổi l&agrave; em<br />Đ&atilde; m&atilde;i xa rồi<br />Th&ocirc;i giấc mơ kh&eacute;p lại<br />K&iacute; ức kia gửi theo gi&oacute; bay...</div>', 4, 6, '2020-01-21 20:40:00', '2020-08-30 17:56:53', '[{\"download_link\":\"songs\\\\August2020\\\\vJ2rFPHSfUz7CvBV66vC.mp3\",\"original_name\":\"ChieuHomAy-JayKii-5076088.mp3\"}]'),
(11, 'Chờ Đợi Có Đáng Sợ', 23, '<p><span style=\"color: #333333; font-family: NhacCuaTui, sans-serif;\">Khi ho&agrave;ng h&ocirc;n hắt hiu từng vệt mong manh</span><br style=\"color: #333333; font-family: NhacCuaTui, sans-serif;\" /><span style=\"color: #333333; font-family: NhacCuaTui, sans-serif;\">Khi d&ograve;ng xe nối đu&ocirc;i nhau tr&ocirc;i qua thật nhanh</span><br style=\"color: #333333; font-family: NhacCuaTui, sans-serif;\" /><span style=\"color: #333333; font-family: NhacCuaTui, sans-serif;\">Khi b&agrave;n tay vốn th&acirc;n quen chẳng c&ograve;n nơi đ&acirc;y</span><br style=\"color: #333333; font-family: NhacCuaTui, sans-serif;\" /><span style=\"color: #333333; font-family: NhacCuaTui, sans-serif;\">L&agrave; l&uacute;c nỗi nhớ &ugrave;a về</span><br style=\"color: #333333; font-family: NhacCuaTui, sans-serif;\" /><br style=\"color: #333333; font-family: NhacCuaTui, sans-serif;\" /><span style=\"color: #333333; font-family: NhacCuaTui, sans-serif;\">Khi t&igrave;nh y&ecirc;u bỗng nhi&ecirc;n chẳng con d&agrave;nh cho anh</span><br style=\"color: #333333; font-family: NhacCuaTui, sans-serif;\" /><span style=\"color: #333333; font-family: NhacCuaTui, sans-serif;\">Khi lời hứa với em sao qu&ecirc;n thật nhanh</span><br style=\"color: #333333; font-family: NhacCuaTui, sans-serif;\" /><span style=\"color: #333333; font-family: NhacCuaTui, sans-serif;\">Khi nụ h&ocirc;n đ&aacute;nh rơi từng nhịp y&ecirc;u thương</span><br style=\"color: #333333; font-family: NhacCuaTui, sans-serif;\" /><span style=\"color: #333333; font-family: NhacCuaTui, sans-serif;\">L&agrave; l&uacute;c kết th&uacute;c thật rồi kỉ niệm c&oacute; nhau một thời</span><br style=\"color: #333333; font-family: NhacCuaTui, sans-serif;\" /><span style=\"color: #333333; font-family: NhacCuaTui, sans-serif;\">L&agrave; l&uacute;c anh phải đo&aacute;n xem từng ng&agrave;y kh&ocirc;ng em, rồi sẽ ra sao?</span><br style=\"color: #333333; font-family: NhacCuaTui, sans-serif;\" /><br style=\"color: #333333; font-family: NhacCuaTui, sans-serif;\" /><span style=\"color: #333333; font-family: NhacCuaTui, sans-serif;\">Đ&ocirc;i khi nhầm một chuyến xe, lại đưa ch&uacute;ng ta về nơi muốn đến</span><br style=\"color: #333333; font-family: NhacCuaTui, sans-serif;\" /><span style=\"color: #333333; font-family: NhacCuaTui, sans-serif;\">Nhưng em lại chẳng muốn quay về, về nơi ch&uacute;ng ta dừng lại</span><br style=\"color: #333333; font-family: NhacCuaTui, sans-serif;\" /><span style=\"color: #333333; font-family: NhacCuaTui, sans-serif;\">Anh gom từng vệt nắng cuối trời để thắp s&aacute;ng hy vọng em sẽ trở về</span><br style=\"color: #333333; font-family: NhacCuaTui, sans-serif;\" /><span style=\"color: #333333; font-family: NhacCuaTui, sans-serif;\">Chờ đợi c&oacute; đ&aacute;ng sợ chỉ l&agrave; anh kh&ocirc;ng biết chờ đến bao giờ?</span><br style=\"color: #333333; font-family: NhacCuaTui, sans-serif;\" /><br style=\"color: #333333; font-family: NhacCuaTui, sans-serif;\" /><span style=\"color: #333333; font-family: NhacCuaTui, sans-serif;\">2. Khi ho&agrave;ng h&ocirc;n bỗng nhi&ecirc;n chẳng d&agrave;nh cho anh</span><br style=\"color: #333333; font-family: NhacCuaTui, sans-serif;\" /><span style=\"color: #333333; font-family: NhacCuaTui, sans-serif;\">Khi t&igrave;nh y&ecirc;u bỗng nhi&ecirc;n tr&ocirc;i qua thật nhanh</span><br style=\"color: #333333; font-family: NhacCuaTui, sans-serif;\" /><span style=\"color: #333333; font-family: NhacCuaTui, sans-serif;\">Khi nụ h&ocirc;n đ&aacute;nh rơi từng nhịp y&ecirc;u thương</span><br style=\"color: #333333; font-family: NhacCuaTui, sans-serif;\" /><span style=\"color: #333333; font-family: NhacCuaTui, sans-serif;\">L&agrave; l&uacute;c kết th&uacute;c thật rồi kỉ niệm c&oacute; nhau một thời</span><br style=\"color: #333333; font-family: NhacCuaTui, sans-serif;\" /><span style=\"color: #333333; font-family: NhacCuaTui, sans-serif;\">L&agrave; l&uacute;c anh phải đo&aacute;n xem từng ng&agrave;y kh&ocirc;ng em, rồi sẽ ra sao?</span><br style=\"color: #333333; font-family: NhacCuaTui, sans-serif;\" /><br style=\"color: #333333; font-family: NhacCuaTui, sans-serif;\" /><span style=\"color: #333333; font-family: NhacCuaTui, sans-serif;\">Đ&ocirc;i khi nhầm một chuyến xe, lại đưa ch&uacute;ng ta về nơi muốn đến</span><br style=\"color: #333333; font-family: NhacCuaTui, sans-serif;\" /><span style=\"color: #333333; font-family: NhacCuaTui, sans-serif;\">Nhưng em lại chẳng muốn quay về, về nơi ch&uacute;ng ta dừng lại</span><br style=\"color: #333333; font-family: NhacCuaTui, sans-serif;\" /><span style=\"color: #333333; font-family: NhacCuaTui, sans-serif;\">Anh gom từng vệt nắng cuối trời để thắp s&aacute;ng hy vọng em sẽ trở về</span><br style=\"color: #333333; font-family: NhacCuaTui, sans-serif;\" /><span style=\"color: #333333; font-family: NhacCuaTui, sans-serif;\">Chờ đợi c&oacute; đ&aacute;ng sợ chỉ l&agrave; anh kh&ocirc;ng biết chờ đến bao giờ?</span></p>\r\n<div id=\"gtx-trans\" style=\"position: absolute; left: -90px; top: 406px;\">\r\n<div class=\"gtx-trans-icon\">&nbsp;</div>\r\n</div>', 4, 6, '2020-02-18 20:43:00', '2020-08-30 17:57:03', '[{\"download_link\":\"songs\\\\August2020\\\\wfFmTMde7e3xhnSiSsbq.mp3\",\"original_name\":\"ChoDoiCoDangSo-Andiez-6332589.mp3\"}]'),
(12, 'Gác Lại Âu Lo', 24, '<p><span style=\"color: #333333; font-family: NhacCuaTui, sans-serif;\">Anh đi lạc trong s&oacute;ng gi&oacute; cuộc đời</span><br style=\"color: #333333; font-family: NhacCuaTui, sans-serif;\" /><span style=\"color: #333333; font-family: NhacCuaTui, sans-serif;\">N&agrave;o biết đ&acirc;u sớm mai liệu b&igrave;nh y&ecirc;n c&oacute; tới?</span><br style=\"color: #333333; font-family: NhacCuaTui, sans-serif;\" /><span style=\"color: #333333; font-family: NhacCuaTui, sans-serif;\">&Acirc;u lo chạy theo những &aacute;nh sao đ&ecirc;m</span><br style=\"color: #333333; font-family: NhacCuaTui, sans-serif;\" /><span style=\"color: #333333; font-family: NhacCuaTui, sans-serif;\">Ng&agrave;y cứ tr&ocirc;i chớp mắt th&agrave;nh phố đ&atilde; s&aacute;ng đ&egrave;n</span><br style=\"color: #333333; font-family: NhacCuaTui, sans-serif;\" /><span style=\"color: #333333; font-family: NhacCuaTui, sans-serif;\">Ta cứ lặng lẽ chạy thật mau, y&ecirc;u thương chẳng n&oacute;i kịp th&agrave;nh c&acirc;u...</span><br style=\"color: #333333; font-family: NhacCuaTui, sans-serif;\" /><span style=\"color: #333333; font-family: NhacCuaTui, sans-serif;\">Biết đ&acirc;u liệu mai c&ograve;n thấy nhau?</span><br style=\"color: #333333; font-family: NhacCuaTui, sans-serif;\" /><span style=\"color: #333333; font-family: NhacCuaTui, sans-serif;\">Thức giấc để anh c&ograve;n được thấy &aacute;nh mắt của em nhẹ nh&igrave;n anh, đ&ocirc;i tay n&agrave;y sẽ kh&ocirc;ng xa rời</span><br style=\"color: #333333; font-family: NhacCuaTui, sans-serif;\" /><br style=\"color: #333333; font-family: NhacCuaTui, sans-serif;\" /><span style=\"color: #333333; font-family: NhacCuaTui, sans-serif;\">Tạm g&aacute;c hết những &acirc;u lo lại, c&ugrave;ng anh bước tr&ecirc;n con đường</span><br style=\"color: #333333; font-family: NhacCuaTui, sans-serif;\" /><span style=\"color: #333333; font-family: NhacCuaTui, sans-serif;\">Ta sẽ kh&ocirc;ng quay đầu để rồi phải tiếc nuối những chuyện cũ đ&atilde; qua</span><br style=\"color: #333333; font-family: NhacCuaTui, sans-serif;\" /><span style=\"color: #333333; font-family: NhacCuaTui, sans-serif;\">Giữ tr&aacute;i tim lu&ocirc;n y&ecirc;n b&igrave;nh v&agrave; qu&ecirc;n hết những ưu phiền vấn vương</span><br style=\"color: #333333; font-family: NhacCuaTui, sans-serif;\" /><span style=\"color: #333333; font-family: NhacCuaTui, sans-serif;\">Cuộc đời n&agrave;y được bao lần n&oacute;i y&ecirc;u</span><br style=\"color: #333333; font-family: NhacCuaTui, sans-serif;\" /><span style=\"color: #333333; font-family: NhacCuaTui, sans-serif;\">Anh biết nơi để quay về, em biết nơi phải đi</span><br style=\"color: #333333; font-family: NhacCuaTui, sans-serif;\" /><span style=\"color: #333333; font-family: NhacCuaTui, sans-serif;\">Anh biết chỗ tr&uacute; ch&acirc;n dọc đường để tr&aacute;nh cơn mưa hạ đến mỗi chiều</span><br style=\"color: #333333; font-family: NhacCuaTui, sans-serif;\" /><span style=\"color: #333333; font-family: NhacCuaTui, sans-serif;\">Ta biết trao nhau &acirc;n cần, biết mỗi khi vui buồn c&oacute; nhau</span><br style=\"color: #333333; font-family: NhacCuaTui, sans-serif;\" /><span style=\"color: #333333; font-family: NhacCuaTui, sans-serif;\">Thời gian để ta trưởng th&agrave;nh với nhau</span><br style=\"color: #333333; font-family: NhacCuaTui, sans-serif;\" /><br style=\"color: #333333; font-family: NhacCuaTui, sans-serif;\" /><br style=\"color: #333333; font-family: NhacCuaTui, sans-serif;\" /><span style=\"color: #333333; font-family: NhacCuaTui, sans-serif;\">Nhảy với anh đến khi đ&ocirc;i ch&acirc;n r&atilde; rời</span><br style=\"color: #333333; font-family: NhacCuaTui, sans-serif;\" /><span style=\"color: #333333; font-family: NhacCuaTui, sans-serif;\">H&aacute;t anh nghe những c&acirc;u ca từ ng&agrave;y xưa cũ</span><br style=\"color: #333333; font-family: NhacCuaTui, sans-serif;\" /><span style=\"color: #333333; font-family: NhacCuaTui, sans-serif;\">Th&igrave; thầm khẽ anh nghe em vẫn c&ograve;n bao niềm mơ</span><br style=\"color: #333333; font-family: NhacCuaTui, sans-serif;\" /><span style=\"color: #333333; font-family: NhacCuaTui, sans-serif;\">&Ocirc;m lấy anh nghe mưa đầu m&ugrave;a gh&eacute; chơi</span><br style=\"color: #333333; font-family: NhacCuaTui, sans-serif;\" /><span style=\"color: #333333; font-family: NhacCuaTui, sans-serif;\">Một gi&acirc;y kh&ocirc;ng thấy nhau như một đời c&ocirc; đơn qu&aacute;</span><br style=\"color: #333333; font-family: NhacCuaTui, sans-serif;\" /><span style=\"color: #333333; font-family: NhacCuaTui, sans-serif;\">Trời m&ugrave; m&acirc;y bỗng nhi&ecirc;n ng&aacute;t xanh khi em khẽ cười</span><br style=\"color: #333333; font-family: NhacCuaTui, sans-serif;\" /><span style=\"color: #333333; font-family: NhacCuaTui, sans-serif;\">Một ng&agrave;y anh biết hết nguy&ecirc;n do của những y&ecirc;n vui trong đời</span><br style=\"color: #333333; font-family: NhacCuaTui, sans-serif;\" /><span style=\"color: #333333; font-family: NhacCuaTui, sans-serif;\">Ng&agrave;y m&agrave; duy&ecirc;n kiếp kia đưa ta gần lại với nhau</span><br style=\"color: #333333; font-family: NhacCuaTui, sans-serif;\" /><br style=\"color: #333333; font-family: NhacCuaTui, sans-serif;\" /><span style=\"color: #333333; font-family: NhacCuaTui, sans-serif;\">Tạm G&aacute;c hết những &acirc;u lo lại, c&ugrave;ng anh bước tr&ecirc;n con đường</span><br style=\"color: #333333; font-family: NhacCuaTui, sans-serif;\" /><span style=\"color: #333333; font-family: NhacCuaTui, sans-serif;\">Ta sẽ kh&ocirc;ng quay đầu để rồi phải tiếc nuối những chuyện cũ đ&atilde; qua</span><br style=\"color: #333333; font-family: NhacCuaTui, sans-serif;\" /><span style=\"color: #333333; font-family: NhacCuaTui, sans-serif;\">Giữ tr&aacute;i tim lu&ocirc;n y&ecirc;n b&igrave;nh v&agrave; qu&ecirc;n hết những ưu phiền vấn vương</span><br style=\"color: #333333; font-family: NhacCuaTui, sans-serif;\" /><span style=\"color: #333333; font-family: NhacCuaTui, sans-serif;\">Cuộc đời n&agrave;y được bao lần n&oacute;i y&ecirc;u</span><br style=\"color: #333333; font-family: NhacCuaTui, sans-serif;\" /><span style=\"color: #333333; font-family: NhacCuaTui, sans-serif;\">Anh biết nơi để quay về, em biết nơi phải đi</span><br style=\"color: #333333; font-family: NhacCuaTui, sans-serif;\" /><span style=\"color: #333333; font-family: NhacCuaTui, sans-serif;\">Anh biết chỗ tr&uacute; ch&acirc;n dọc đường để tr&aacute;nh cơn mưa hạ đến mỗi chiều</span><br style=\"color: #333333; font-family: NhacCuaTui, sans-serif;\" /><span style=\"color: #333333; font-family: NhacCuaTui, sans-serif;\">Ta biết trao nhau &acirc;n cần, biết mỗi khi vui buồn c&oacute; nhau</span><br style=\"color: #333333; font-family: NhacCuaTui, sans-serif;\" /><span style=\"color: #333333; font-family: NhacCuaTui, sans-serif;\">Thời gian để ta trưởng th&agrave;nh với nhau</span><br style=\"color: #333333; font-family: NhacCuaTui, sans-serif;\" /><br style=\"color: #333333; font-family: NhacCuaTui, sans-serif;\" /><span style=\"color: #333333; font-family: NhacCuaTui, sans-serif;\">Bờ vai anh rộng đủ để che chở cho emmmmm</span><br style=\"color: #333333; font-family: NhacCuaTui, sans-serif;\" /><span style=\"color: #333333; font-family: NhacCuaTui, sans-serif;\">Was a boy now a man cho emmm</span><br style=\"color: #333333; font-family: NhacCuaTui, sans-serif;\" /><span style=\"color: #333333; font-family: NhacCuaTui, sans-serif;\">Từng đi lạc ở trong thế giới đi&ecirc;n zồ ngo&agrave;i kia</span><br style=\"color: #333333; font-family: NhacCuaTui, sans-serif;\" /><span style=\"color: #333333; font-family: NhacCuaTui, sans-serif;\">v&agrave; t&igrave;nh y&ecirc;u em trao anh ng&agrave;y ấy đ&atilde; mang anh về b&ecirc;n emmmm</span><br style=\"color: #333333; font-family: NhacCuaTui, sans-serif;\" /><span style=\"color: #333333; font-family: NhacCuaTui, sans-serif;\">Y&ecirc;u em như a Fat kid loves cake</span><br style=\"color: #333333; font-family: NhacCuaTui, sans-serif;\" /><span style=\"color: #333333; font-family: NhacCuaTui, sans-serif;\">Nhắm mắt cảm nhận t&igrave;nh y&ecirc;u tan dịu ngọt tr&ecirc;n m&ocirc;i khi em h&ocirc;n m&ocirc;i anh đ&acirc;y, yo</span><br style=\"color: #333333; font-family: NhacCuaTui, sans-serif;\" /><span style=\"color: #333333; font-family: NhacCuaTui, sans-serif;\">Kh&ocirc;ng phải happy ending, mỗi b&igrave;nh minh ta viết th&ecirc;m trang mới, nối d&agrave;i c&acirc;u chuyện m&igrave;nh</span><br style=\"color: #333333; font-family: NhacCuaTui, sans-serif;\" /><br style=\"color: #333333; font-family: NhacCuaTui, sans-serif;\" /><span style=\"color: #333333; font-family: NhacCuaTui, sans-serif;\">Như trong mơ nơi xa kia xanh biếc xanh biếc</span><br style=\"color: #333333; font-family: NhacCuaTui, sans-serif;\" /><span style=\"color: #333333; font-family: NhacCuaTui, sans-serif;\">Thi&ecirc;n đ&agrave;ng b&ecirc;n em nơi đ&acirc;y anh biết anh biết</span><br style=\"color: #333333; font-family: NhacCuaTui, sans-serif;\" /><span style=\"color: #333333; font-family: NhacCuaTui, sans-serif;\">B&oacute;ng đ&ecirc;m đ&atilde; qua y&ecirc;n b&igrave;nh c&oacute; th&ecirc;m ch&uacute;ng ta nghe l&ograve;ng đ&agrave;n từng c&acirc;u ca</span><br style=\"color: #333333; font-family: NhacCuaTui, sans-serif;\" /><span style=\"color: #333333; font-family: NhacCuaTui, sans-serif;\">Cuộc đời n&agrave;y chẳng hề hối tiếc</span><br style=\"color: #333333; font-family: NhacCuaTui, sans-serif;\" /><span style=\"color: #333333; font-family: NhacCuaTui, sans-serif;\">Những th&aacute;ng năm ta đi c&ugrave;ng nhau</span><br style=\"color: #333333; font-family: NhacCuaTui, sans-serif;\" /><br style=\"color: #333333; font-family: NhacCuaTui, sans-serif;\" /><span style=\"color: #333333; font-family: NhacCuaTui, sans-serif;\">Anh biết em lu&ocirc;n ở đ&oacute; nơi anh thuộc về</span><br style=\"color: #333333; font-family: NhacCuaTui, sans-serif;\" /><span style=\"color: #333333; font-family: NhacCuaTui, sans-serif;\">Tạm G&aacute;c hết những &acirc;u lo lại, c&ugrave;ng anh bước tr&ecirc;n con đường</span><br style=\"color: #333333; font-family: NhacCuaTui, sans-serif;\" /><span style=\"color: #333333; font-family: NhacCuaTui, sans-serif;\">Ta sẽ kh&ocirc;ng quay đầu để rồi phải tiếc nuối những chuyện cũ đ&atilde; qua</span><br style=\"color: #333333; font-family: NhacCuaTui, sans-serif;\" /><span style=\"color: #333333; font-family: NhacCuaTui, sans-serif;\">Giữ tr&aacute;i tim lu&ocirc;n y&ecirc;n b&igrave;nh v&agrave; qu&ecirc;n hết những ưu phiền vấn vương</span><br style=\"color: #333333; font-family: NhacCuaTui, sans-serif;\" /><span style=\"color: #333333; font-family: NhacCuaTui, sans-serif;\">Cuộc đời n&agrave;y được bao lần n&oacute;i y&ecirc;u</span><br style=\"color: #333333; font-family: NhacCuaTui, sans-serif;\" /><span style=\"color: #333333; font-family: NhacCuaTui, sans-serif;\">Anh biết nơi để quay về, em biết nơi phải đi</span><br style=\"color: #333333; font-family: NhacCuaTui, sans-serif;\" /><span style=\"color: #333333; font-family: NhacCuaTui, sans-serif;\">Anh biết chỗ tr&uacute; ch&acirc;n dọc đường để tr&aacute;nh cơn mưa hạ đến mỗi chiều</span><br style=\"color: #333333; font-family: NhacCuaTui, sans-serif;\" /><span style=\"color: #333333; font-family: NhacCuaTui, sans-serif;\">Ta biết trao nhau &acirc;n cần, biết mỗi khi vui buồn c&oacute; nhau</span><br style=\"color: #333333; font-family: NhacCuaTui, sans-serif;\" /><span style=\"color: #333333; font-family: NhacCuaTui, sans-serif;\">Thời gian để ta trưởng th&agrave;nh với nhau</span></p>', 4, 6, '2020-02-27 20:47:00', '2020-08-30 17:57:20', '[{\"download_link\":\"songs\\\\August2020\\\\dn9EOOKDAxSZMOAqAwQn.mp3\",\"original_name\":\"GacLaiAuLo-DaLABMiuLe-6360815.mp3\"}]'),
(13, 'Lại Nhớ Người Yêu', 25, '<div class=\"ujudUb\" style=\"margin-bottom: 12px; color: #222222; font-family: arial, sans-serif;\">V&igrave; sao em nhớ anh thế n&agrave;y<br />Thương nhớ đong đầy trong l&ograve;ng mắt<br />Buổi chiều vừa gặp nhau đ&acirc;y<br />M&agrave; đ&ecirc;m đ&atilde; nhớ như vầy<br />Em hỡi em c&oacute; hiểu c&oacute; hay</div>\r\n<div class=\"ujudUb\" style=\"margin-bottom: 12px; color: #222222; font-family: arial, sans-serif;\">T&igrave;nh anh như n&uacute;i cao biển rộng<br />Gom bốn phương trời x&acirc;y th&agrave;nh lũy<br />Biển trời n&agrave;o m&agrave; kh&ocirc;ng xanh<br />Th&igrave; xin em nhớ cho rằng<br />Tim v&agrave;ng em s&aacute;ng cả đời anh</div>\r\n<div class=\"ujudUb\" style=\"margin-bottom: 12px; color: #222222; font-family: arial, sans-serif;\">Anh ơi ngồi đ&acirc;y mơ b&oacute;ng tương h&igrave;nh<br />Ngồi đ&acirc;y thương nhớ một m&igrave;nh<br />Với niềm mơ ước v&acirc;y quanh<br />Em ơi ước g&igrave; m&igrave;nh l&agrave; sao đ&ecirc;m<br />Ước g&igrave; m&igrave;nh l&agrave; đ&ocirc;i chim<br />Hay l&agrave; trăng s&aacute;ng rọi đường đ&ecirc;m</div>\r\n<div class=\"ujudUb\" style=\"margin-bottom: 12px; color: #222222; font-family: arial, sans-serif;\">Để anh đưa đ&oacute;n em sớm chiều<br />Tr&ecirc;n lối đi về kh&ocirc;ng c&ograve;n thiếu<br />Trọn đời m&igrave;nh kề b&ecirc;n nhau<br />T&igrave;nh y&ecirc;u th&ecirc;m sắc th&ecirc;m m&agrave;u<br />Kh&ocirc;ng c&ograve;n lo thương nhớ người y&ecirc;u</div>\r\n<div class=\"ujudUb\" style=\"margin-bottom: 12px; color: #222222; font-family: arial, sans-serif;\">T&igrave;nh anh như n&uacute;i cao biển rộng<br />Gom bốn phương trời x&acirc;y th&agrave;nh lũy<br />Biển trời n&agrave;o m&agrave; kh&ocirc;ng xanh<br />Th&igrave; xin em nhớ cho rằng<br />Tim v&agrave;ng em s&aacute;ng cả đời anh</div>\r\n<div class=\"ujudUb\" style=\"margin-bottom: 12px; color: #222222; font-family: arial, sans-serif;\">Anh ơi ngồi đ&acirc;y mơ b&oacute;ng tương h&igrave;nh<br />Ngồi đ&acirc;y thương nhớ một m&igrave;nh<br />Với niềm mơ ước v&acirc;y quanh<br />Em ơi ước g&igrave; m&igrave;nh l&agrave; sao đ&ecirc;m<br />Ước g&igrave; m&igrave;nh l&agrave; đ&ocirc;i chim<br />Hay l&agrave; trăng s&aacute;ng rọi đường đ&ecirc;m</div>\r\n<div class=\"ujudUb\" style=\"margin-bottom: 12px; color: #222222; font-family: arial, sans-serif;\">Để anh đưa đ&oacute;n em sớm chiều<br />Tr&ecirc;n lối đi về kh&ocirc;ng c&ograve;n thiếu<br />Trọn đời m&igrave;nh kề b&ecirc;n nhau<br />T&igrave;nh y&ecirc;u th&ecirc;m sắc th&ecirc;m m&agrave;u<br />Kh&ocirc;ng c&ograve;n lo thương nhớ người y&ecirc;u</div>\r\n<div class=\"ujudUb WRZytc\" style=\"margin-bottom: 0px; color: #222222; font-family: arial, sans-serif;\">Trọn đời m&igrave;nh kề b&ecirc;n nhau<br />T&igrave;nh y&ecirc;u th&ecirc;m sắc th&ecirc;m m&agrave;u<br />Kh&ocirc;ng c&ograve;n lo thương nhớ người y&ecirc;u</div>', 5, 6, '2020-02-12 21:27:00', '2020-08-30 17:57:35', '[{\"download_link\":\"songs\\\\August2020\\\\9oE6irmwMcWDLyqkxkCm.mp3\",\"original_name\":\"LaiNhoNguoiYeu-LuuAnhLoanDoanMinh-4728910.mp3\"}]'),
(14, 'Giấc Ngủ Đầu Nôi', 38, '<p><span style=\"color: #333333; font-family: NhacCuaTui, sans-serif;\">1. H&ocirc;m nay về qu&ecirc; hương</span><br style=\"color: #333333; font-family: NhacCuaTui, sans-serif;\" /><span style=\"color: #333333; font-family: NhacCuaTui, sans-serif;\">Nhớ lại chuỗi ng&agrave;y mến thương</span><br style=\"color: #333333; font-family: NhacCuaTui, sans-serif;\" /><span style=\"color: #333333; font-family: NhacCuaTui, sans-serif;\">Sau nhiều năm c&aacute;ch xa ruộng đồng.</span><br style=\"color: #333333; font-family: NhacCuaTui, sans-serif;\" /><span style=\"color: #333333; font-family: NhacCuaTui, sans-serif;\">Đi qua con s&ocirc;ng qua c&aacute;nh đồng ph&uacute;t gi&acirc;y chạnh l&ograve;ng</span><br style=\"color: #333333; font-family: NhacCuaTui, sans-serif;\" /><span style=\"color: #333333; font-family: NhacCuaTui, sans-serif;\">Gi&agrave;n bầu xanh mướp b&iacute; đươm b&ocirc;ng</span><br style=\"color: #333333; font-family: NhacCuaTui, sans-serif;\" /><span style=\"color: #333333; font-family: NhacCuaTui, sans-serif;\">Ngo&agrave;i ruộng s&acirc;u lứa trổ đồng đồng.</span><br style=\"color: #333333; font-family: NhacCuaTui, sans-serif;\" /><br style=\"color: #333333; font-family: NhacCuaTui, sans-serif;\" /><span style=\"color: #333333; font-family: NhacCuaTui, sans-serif;\">Tr&ecirc;n chiếc xuồng ba l&aacute; nhỏ</span><br style=\"color: #333333; font-family: NhacCuaTui, sans-serif;\" /><span style=\"color: #333333; font-family: NhacCuaTui, sans-serif;\">Hai đứa ngồi thả theo nước tr&ocirc;i</span><br style=\"color: #333333; font-family: NhacCuaTui, sans-serif;\" /><span style=\"color: #333333; font-family: NhacCuaTui, sans-serif;\">Ng&agrave;y ấu thơ qua mất rồi chỉ c&ograve;n mộng mơ</span><br style=\"color: #333333; font-family: NhacCuaTui, sans-serif;\" /><span style=\"color: #333333; font-family: NhacCuaTui, sans-serif;\">Gi&oacute; đưa c&acirc;u h&ograve; xa xưa nghe l&ograve;ng như đốt lửa</span><br style=\"color: #333333; font-family: NhacCuaTui, sans-serif;\" /><span style=\"color: #333333; font-family: NhacCuaTui, sans-serif;\">Thời gian vẫn đợi qu&ecirc; hương l&agrave; tiếng gọi đầu m&ocirc;i.</span><br style=\"color: #333333; font-family: NhacCuaTui, sans-serif;\" /><br style=\"color: #333333; font-family: NhacCuaTui, sans-serif;\" /><span style=\"color: #333333; font-family: NhacCuaTui, sans-serif;\">Đưa em về qu&ecirc; xưa nhớ lại những chiều gi&oacute; mưa</span><br style=\"color: #333333; font-family: NhacCuaTui, sans-serif;\" /><span style=\"color: #333333; font-family: NhacCuaTui, sans-serif;\">Tr&ecirc;n bờ đ&ecirc; dắt nhau chạy đ&ugrave;a</span><br style=\"color: #333333; font-family: NhacCuaTui, sans-serif;\" /><span style=\"color: #333333; font-family: NhacCuaTui, sans-serif;\">B&ecirc;n kia con k&ecirc;nh trưa trốn nh&agrave; lứa đ&ocirc;i tỏ t&igrave;nh</span><br style=\"color: #333333; font-family: NhacCuaTui, sans-serif;\" /><span style=\"color: #333333; font-family: NhacCuaTui, sans-serif;\">B&igrave;m bịp k&ecirc;u nước lớn nước r&ograve;ng</span><br style=\"color: #333333; font-family: NhacCuaTui, sans-serif;\" /><span style=\"color: #333333; font-family: NhacCuaTui, sans-serif;\">B&agrave;i ca dao h&aacute;t ru đầu l&ograve;ng.</span><br style=\"color: #333333; font-family: NhacCuaTui, sans-serif;\" /><br style=\"color: #333333; font-family: NhacCuaTui, sans-serif;\" /><span style=\"color: #333333; font-family: NhacCuaTui, sans-serif;\">[ĐK:]</span><br style=\"color: #333333; font-family: NhacCuaTui, sans-serif;\" /><span style=\"color: #333333; font-family: NhacCuaTui, sans-serif;\">Anh nhớ m&ugrave;a đi&ecirc;n điển nở</span><br style=\"color: #333333; font-family: NhacCuaTui, sans-serif;\" /><span style=\"color: #333333; font-family: NhacCuaTui, sans-serif;\">Thương cứ chờ đợi anh vẫn mơ</span><br style=\"color: #333333; font-family: NhacCuaTui, sans-serif;\" /><span style=\"color: #333333; font-family: NhacCuaTui, sans-serif;\">L&ograve;ng ngất ng&acirc;y cơn gi&oacute; chiều k&eacute;o hồn ngủ say</span><br style=\"color: #333333; font-family: NhacCuaTui, sans-serif;\" /><span style=\"color: #333333; font-family: NhacCuaTui, sans-serif;\">Dẫu cho qu&ecirc; ngh&egrave;o đơn sơ nhưng t&igrave;nh qu&ecirc; mu&ocirc;n thuở</span><br style=\"color: #333333; font-family: NhacCuaTui, sans-serif;\" /><span style=\"color: #333333; font-family: NhacCuaTui, sans-serif;\">D&ugrave; xa mấy đồi thương nhau hột muối ch&egrave; l&agrave;m đ&ocirc;i.</span><br style=\"color: #333333; font-family: NhacCuaTui, sans-serif;\" /><br style=\"color: #333333; font-family: NhacCuaTui, sans-serif;\" /><span style=\"color: #333333; font-family: NhacCuaTui, sans-serif;\">Biết bao t&igrave;nh đằm ấm trong tim m&igrave;nh</span><br style=\"color: #333333; font-family: NhacCuaTui, sans-serif;\" /><span style=\"color: #333333; font-family: NhacCuaTui, sans-serif;\">&Agrave; ơi c&acirc;u h&aacute;t bay xa gọi mời thiết tha</span><br style=\"color: #333333; font-family: NhacCuaTui, sans-serif;\" /><span style=\"color: #333333; font-family: NhacCuaTui, sans-serif;\">T&igrave;nh qu&ecirc; c&ograve;n m&atilde;i chan h&ograve;a</span><br style=\"color: #333333; font-family: NhacCuaTui, sans-serif;\" /><span style=\"color: #333333; font-family: NhacCuaTui, sans-serif;\">Ta ngắm lục b&igrave;nh t&iacute;m cả d&ograve;ng s&ocirc;ng</span><br style=\"color: #333333; font-family: NhacCuaTui, sans-serif;\" /><span style=\"color: #333333; font-family: NhacCuaTui, sans-serif;\">Về đ&acirc;y nh&igrave;n c&aacute;c em thơ</span><br style=\"color: #333333; font-family: NhacCuaTui, sans-serif;\" /><span style=\"color: #333333; font-family: NhacCuaTui, sans-serif;\">Đ&ugrave;a vui m&aacute;i trường thuở c&ograve;n học sinh.</span><br style=\"color: #333333; font-family: NhacCuaTui, sans-serif;\" /><br style=\"color: #333333; font-family: NhacCuaTui, sans-serif;\" /><span style=\"color: #333333; font-family: NhacCuaTui, sans-serif;\">2. H&ocirc;m nay về thăm qu&ecirc; sao l&ograve;ng thấy buồn t&aacute;i t&ecirc;</span><br style=\"color: #333333; font-family: NhacCuaTui, sans-serif;\" /><span style=\"color: #333333; font-family: NhacCuaTui, sans-serif;\">Kỷ niệm xưa s&oacute;ng d&acirc;ng tr&agrave;n trề</span><br style=\"color: #333333; font-family: NhacCuaTui, sans-serif;\" /><span style=\"color: #333333; font-family: NhacCuaTui, sans-serif;\">Bao nhi&ecirc;u năm qua xa vắng nh&agrave; nhớ thương đậm đ&agrave;</span><br style=\"color: #333333; font-family: NhacCuaTui, sans-serif;\" /><span style=\"color: #333333; font-family: NhacCuaTui, sans-serif;\">Rồi bỗng dưng nước mắt rưng rưng</span><br style=\"color: #333333; font-family: NhacCuaTui, sans-serif;\" /><span style=\"color: #333333; font-family: NhacCuaTui, sans-serif;\">Gặp lại nhau ph&uacute;t gi&acirc;y mừng mừng.</span><br style=\"color: #333333; font-family: NhacCuaTui, sans-serif;\" /><br style=\"color: #333333; font-family: NhacCuaTui, sans-serif;\" /><span style=\"color: #333333; font-family: NhacCuaTui, sans-serif;\">L&acirc;u lắm rồi khi nhắc nhở tim nức nở đời như giấc mơ</span><br style=\"color: #333333; font-family: NhacCuaTui, sans-serif;\" /><span style=\"color: #333333; font-family: NhacCuaTui, sans-serif;\">T&igrave;nh dở dang duy&ecirc;n ban đầu để người sầu đau</span><br style=\"color: #333333; font-family: NhacCuaTui, sans-serif;\" /><span style=\"color: #333333; font-family: NhacCuaTui, sans-serif;\">Tho&aacute;ng như cơn mộng ph&ugrave; du đi t&igrave;m trong giấc ngủ</span><br style=\"color: #333333; font-family: NhacCuaTui, sans-serif;\" /><span style=\"color: #333333; font-family: NhacCuaTui, sans-serif;\">T&igrave;nh qu&ecirc; vẫn gọi đ&acirc;u qu&ecirc;n được ng&agrave;y đầu n&ocirc;i.</span></p>', 5, 6, '2020-03-24 23:35:00', '2020-08-30 17:57:52', '[{\"download_link\":\"songs\\\\August2020\\\\gDf7FQsSvnn0babFKEtb.mp3\",\"original_name\":\"GiacNguDauNoi-PhuongMyChiKhoiNguyen-2745655.mp3\"}]'),
(15, 'Chuyến Tàu Hoàng Hôn', 39, '<p><span style=\"color: #333333; font-family: NhacCuaTui, sans-serif;\">Chiều nao, tiễn nhau đi khi b&oacute;ng ngả xế t&agrave;</span><br style=\"color: #333333; font-family: NhacCuaTui, sans-serif;\" /><span style=\"color: #333333; font-family: NhacCuaTui, sans-serif;\">Ho&agrave;ng h&ocirc;n.. đến đ&acirc;u đ&acirc;y m&agrave;u t&iacute;m d&acirc;ng trong hồn ta</span><br style=\"color: #333333; font-family: NhacCuaTui, sans-serif;\" /><span style=\"color: #333333; font-family: NhacCuaTui, sans-serif;\">Muốn kh&ocirc;ng gian đừng tan, n&iacute;u đ&ocirc;i ch&acirc;n thời gian</span><br style=\"color: #333333; font-family: NhacCuaTui, sans-serif;\" /><span style=\"color: #333333; font-family: NhacCuaTui, sans-serif;\">Ngừng tr&ocirc;i cho gi&acirc;y ph&uacute;t chia ly n&agrave;y k&eacute;o d&agrave;i,</span><br style=\"color: #333333; font-family: NhacCuaTui, sans-serif;\" /><span style=\"color: #333333; font-family: NhacCuaTui, sans-serif;\">Trước khi ph&acirc;n kỳ, ước sao cho t&agrave;u đừng đi.</span><br style=\"color: #333333; font-family: NhacCuaTui, sans-serif;\" /><span style=\"color: #333333; font-family: NhacCuaTui, sans-serif;\">Xe lăn trong đ&ecirc;m khuất xa s&acirc;n biết đ&acirc;u t&igrave;m</span><br style=\"color: #333333; font-family: NhacCuaTui, sans-serif;\" /><span style=\"color: #333333; font-family: NhacCuaTui, sans-serif;\">Mưa thu bay bay sắt se l&ograve;ng ướt vai mềm</span><br style=\"color: #333333; font-family: NhacCuaTui, sans-serif;\" /><br style=\"color: #333333; font-family: NhacCuaTui, sans-serif;\" /><span style=\"color: #333333; font-family: NhacCuaTui, sans-serif;\">Ho&agrave;ng h&ocirc;n dần bu&ocirc;ng, m&agrave; ai c&ograve;n đứng im trong chiều sương xuống.</span><br style=\"color: #333333; font-family: NhacCuaTui, sans-serif;\" /><span style=\"color: #333333; font-family: NhacCuaTui, sans-serif;\">T&acirc;m tư c&ocirc; đơn tr&aacute;ch con t&agrave;u nỡ sao đ&agrave;nh,</span><br style=\"color: #333333; font-family: NhacCuaTui, sans-serif;\" /><span style=\"color: #333333; font-family: NhacCuaTui, sans-serif;\">Đem y&ecirc;u thương đi đến nơi nao c&aacute;ch đ&ocirc;i t&igrave;nh.</span><br style=\"color: #333333; font-family: NhacCuaTui, sans-serif;\" /><span style=\"color: #333333; font-family: NhacCuaTui, sans-serif;\">Đường bao nhịp nối, t&igrave;nh trăm ngh&igrave;n mối,</span><br style=\"color: #333333; font-family: NhacCuaTui, sans-serif;\" /><span style=\"color: #333333; font-family: NhacCuaTui, sans-serif;\">Hướng theo một b&oacute;ng người.</span><br style=\"color: #333333; font-family: NhacCuaTui, sans-serif;\" /><span style=\"color: #333333; font-family: NhacCuaTui, sans-serif;\">T&agrave; dương khuất trong sương l&agrave; mỗi lần ng&oacute;ng chờ,</span><br style=\"color: #333333; font-family: NhacCuaTui, sans-serif;\" /><span style=\"color: #333333; font-family: NhacCuaTui, sans-serif;\">Nh&igrave;n theo ph&iacute;a ch&acirc;n m&acirc;y, đợi chuyến xe xưa về chưa,</span><br style=\"color: #333333; font-family: NhacCuaTui, sans-serif;\" /><span style=\"color: #333333; font-family: NhacCuaTui, sans-serif;\">Nếu hay chăng người ơi, chốn xa x&ocirc;i ch&agrave;ng trai,</span><br style=\"color: #333333; font-family: NhacCuaTui, sans-serif;\" /><span style=\"color: #333333; font-family: NhacCuaTui, sans-serif;\">C&ograve;n đem y&ecirc;u thương rắc l&ecirc;n mu&ocirc;n vạn o&aacute;n hờn,</span><br style=\"color: #333333; font-family: NhacCuaTui, sans-serif;\" /><span style=\"color: #333333; font-family: NhacCuaTui, sans-serif;\">Nếu mai đ&acirc;y về, cũng tr&ecirc;n chuyến t&agrave;u ho&agrave;ng h&ocirc;n...</span></p>', 5, 6, '2020-03-15 23:41:00', '2020-08-30 17:58:06', '[{\"download_link\":\"songs\\\\August2020\\\\u9Yows5M1S3uZ4Oh0ejx.mp3\",\"original_name\":\"Chuyen-Tau-Hoang-Hon-Giang-Tien.mp3\"}]'),
(16, 'Định mệnh', 40, '<p><span style=\"color: #333333; font-family: NhacCuaTui, sans-serif;\">Th&ocirc;i nh&eacute; em đừng nhiều hận sầu</span><br style=\"color: #333333; font-family: NhacCuaTui, sans-serif;\" /><span style=\"color: #333333; font-family: NhacCuaTui, sans-serif;\">Đừng thương tiếc để rồi xa x&ocirc;i</span><br style=\"color: #333333; font-family: NhacCuaTui, sans-serif;\" /><span style=\"color: #333333; font-family: NhacCuaTui, sans-serif;\">Đừng tr&aacute;ch chi đ&atilde; lỡ duy&ecirc;n đời</span><br style=\"color: #333333; font-family: NhacCuaTui, sans-serif;\" /><span style=\"color: #333333; font-family: NhacCuaTui, sans-serif;\">Hai ch&uacute;ng ta đi hai đường</span><br style=\"color: #333333; font-family: NhacCuaTui, sans-serif;\" /><span style=\"color: #333333; font-family: NhacCuaTui, sans-serif;\">Chuyện thương y&ecirc;u đ&acirc;u c&ograve;n nữa</span><br style=\"color: #333333; font-family: NhacCuaTui, sans-serif;\" /><span style=\"color: #333333; font-family: NhacCuaTui, sans-serif;\">&Ocirc;m ấp chi một định mệnh buồn</span><br style=\"color: #333333; font-family: NhacCuaTui, sans-serif;\" /><span style=\"color: #333333; font-family: NhacCuaTui, sans-serif;\">Để chua x&oacute;t những g&igrave; cho nhau</span><br style=\"color: #333333; font-family: NhacCuaTui, sans-serif;\" /><span style=\"color: #333333; font-family: NhacCuaTui, sans-serif;\">Người bước đi m&agrave; n&aacute;t tan l&ograve;ng</span><br style=\"color: #333333; font-family: NhacCuaTui, sans-serif;\" /><span style=\"color: #333333; font-family: NhacCuaTui, sans-serif;\">Ai đứng tr&ocirc;ng theo ngậm ng&ugrave;i</span><br style=\"color: #333333; font-family: NhacCuaTui, sans-serif;\" /><span style=\"color: #333333; font-family: NhacCuaTui, sans-serif;\">T&igrave;nh y&ecirc;u mất đi c&ograve;n đ&acirc;u</span><br style=\"color: #333333; font-family: NhacCuaTui, sans-serif;\" /><span style=\"color: #333333; font-family: NhacCuaTui, sans-serif;\">Anh đ&acirc;u lỗi hẹn, m&agrave; đời lại xui</span><br style=\"color: #333333; font-family: NhacCuaTui, sans-serif;\" /><span style=\"color: #333333; font-family: NhacCuaTui, sans-serif;\">Ngăn c&aacute;ch với chia ph&ocirc;i</span><br style=\"color: #333333; font-family: NhacCuaTui, sans-serif;\" /><span style=\"color: #333333; font-family: NhacCuaTui, sans-serif;\">Phải chăng em ơi, t&igrave;nh lỡ ước mong</span><br style=\"color: #333333; font-family: NhacCuaTui, sans-serif;\" /><span style=\"color: #333333; font-family: NhacCuaTui, sans-serif;\">Th&ocirc;i tr&aacute;ch chi người sang s&ocirc;ng</span><br style=\"color: #333333; font-family: NhacCuaTui, sans-serif;\" /><span style=\"color: #333333; font-family: NhacCuaTui, sans-serif;\">Th&ocirc;i nh&eacute; em đừng buồn l&agrave;m g&igrave;</span><br style=\"color: #333333; font-family: NhacCuaTui, sans-serif;\" /><span style=\"color: #333333; font-family: NhacCuaTui, sans-serif;\">D&ugrave; thương tiếc vẫn l&agrave; biệt ly</span><br style=\"color: #333333; font-family: NhacCuaTui, sans-serif;\" /><span style=\"color: #333333; font-family: NhacCuaTui, sans-serif;\">Đời cớ sao lại lắm u sầu</span><br style=\"color: #333333; font-family: NhacCuaTui, sans-serif;\" /><span style=\"color: #333333; font-family: NhacCuaTui, sans-serif;\">Em kh&oacute;c mối duy&ecirc;n ban đầu</span><br style=\"color: #333333; font-family: NhacCuaTui, sans-serif;\" /><span style=\"color: #333333; font-family: NhacCuaTui, sans-serif;\">Từ đ&acirc;y chết trong l&ograve;ng nhau.</span></p>', 5, 6, '2020-04-14 23:48:00', '2020-08-30 17:58:17', '[{\"download_link\":\"songs\\\\August2020\\\\jZXqY0O2DZCvdfIFVOhD.mp3\",\"original_name\":\"Dinh-Menh-Bang-Kieu-Lam-Anh.mp3\"}]');
INSERT INTO `songs` (`id`, `name`, `musician_id`, `lyric`, `category_id`, `nation_id`, `created_at`, `updated_at`, `file`) VALUES
(17, 'Lúa Mùa Duyên Thắm', 29, '<p><span style=\"color: #333333; font-family: NhacCuaTui, sans-serif;\">Chiều dần rơi sau m&aacute;i đồi &aacute;nh trăng bu&ocirc;ng lả lơi</span><br style=\"color: #333333; font-family: NhacCuaTui, sans-serif;\" /><span style=\"color: #333333; font-family: NhacCuaTui, sans-serif;\">Nhịp ch&agrave;y rơi như tiếng ca thiết tha x&acirc;y cuộc đời</span><br style=\"color: #333333; font-family: NhacCuaTui, sans-serif;\" /><span style=\"color: #333333; font-family: NhacCuaTui, sans-serif;\">L&agrave;ng th&ocirc;n t&ocirc;i mừng h&aacute;t vui m&ugrave;a l&uacute;a l&ecirc;n m&agrave;u tươi</span><br style=\"color: #333333; font-family: NhacCuaTui, sans-serif;\" /><span style=\"color: #333333; font-family: NhacCuaTui, sans-serif;\">H&aacute;t l&uacute;a thơm vị thấm bao mồ h&ocirc;i v&agrave; sớm h&ocirc;m ra sức ta c&agrave;y xới</span><br style=\"color: #333333; font-family: NhacCuaTui, sans-serif;\" /><br style=\"color: #333333; font-family: NhacCuaTui, sans-serif;\" /><span style=\"color: #333333; font-family: NhacCuaTui, sans-serif;\">Mừng đ&ecirc;m nay b&ocirc;ng l&uacute;a v&agrave;ng thắm tươi vui miền Nam</span><br style=\"color: #333333; font-family: NhacCuaTui, sans-serif;\" /><span style=\"color: #333333; font-family: NhacCuaTui, sans-serif;\">Nhịp h&ograve; khoan c&ocirc; g&aacute;i ngoan h&aacute;t vang l&ecirc;n dịu d&agrave;ng</span><br style=\"color: #333333; font-family: NhacCuaTui, sans-serif;\" /><span style=\"color: #333333; font-family: NhacCuaTui, sans-serif;\">H&ograve; h&ograve; khoan rằng ch&uacute;ng em l&agrave; g&aacute;i s&ocirc;ng Cửu Long</span><br style=\"color: #333333; font-family: NhacCuaTui, sans-serif;\" /><span style=\"color: #333333; font-family: NhacCuaTui, sans-serif;\">Cầy cấy mong m&ugrave;a tốt cho nhiều b&ocirc;ng</span><br style=\"color: #333333; font-family: NhacCuaTui, sans-serif;\" /><span style=\"color: #333333; font-family: NhacCuaTui, sans-serif;\">Gạo trắng trong m&agrave; n&ecirc;n duy&ecirc;n mặn nồng</span><br style=\"color: #333333; font-family: NhacCuaTui, sans-serif;\" /><br style=\"color: #333333; font-family: NhacCuaTui, sans-serif;\" /><span style=\"color: #333333; font-family: NhacCuaTui, sans-serif;\">Đ&acirc;y d&ograve;ng Cửu Long l&uacute;a về m&aacute;t l&ograve;ng nh&agrave; n&ocirc;ng</span><br style=\"color: #333333; font-family: NhacCuaTui, sans-serif;\" /><span style=\"color: #333333; font-family: NhacCuaTui, sans-serif;\">Vui đời no ấm l&uacute;a m&ugrave;a mến người lập c&ocirc;ng.</span><br style=\"color: #333333; font-family: NhacCuaTui, sans-serif;\" /><span style=\"color: #333333; font-family: NhacCuaTui, sans-serif;\">L&uacute;a thắm v&agrave;ng đầy đồng</span><br style=\"color: #333333; font-family: NhacCuaTui, sans-serif;\" /><span style=\"color: #333333; font-family: NhacCuaTui, sans-serif;\">Người sống với t&igrave;nh mặn nồng</span><br style=\"color: #333333; font-family: NhacCuaTui, sans-serif;\" /><span style=\"color: #333333; font-family: NhacCuaTui, sans-serif;\">Như c&ugrave;ng nhau x&acirc;y t&igrave;nh y&ecirc;u s&ocirc;ng n&uacute;i</span><br style=\"color: #333333; font-family: NhacCuaTui, sans-serif;\" /><span style=\"color: #333333; font-family: NhacCuaTui, sans-serif;\">t&ocirc; m&agrave;u cho nước Việt ng&agrave;y th&ecirc;m tươi!</span><br style=\"color: #333333; font-family: NhacCuaTui, sans-serif;\" /><br style=\"color: #333333; font-family: NhacCuaTui, sans-serif;\" /><span style=\"color: #333333; font-family: NhacCuaTui, sans-serif;\">K&igrave;a trăng soi b&ocirc;ng l&uacute;a v&agrave;ng thắm tươi vui miền Nam</span><br style=\"color: #333333; font-family: NhacCuaTui, sans-serif;\" /><span style=\"color: #333333; font-family: NhacCuaTui, sans-serif;\">Đồng m&ecirc;nh mang c&ocirc; g&aacute;i ngoan h&aacute;t vang l&ecirc;n dịu d&agrave;ng</span><br style=\"color: #333333; font-family: NhacCuaTui, sans-serif;\" /><span style=\"color: #333333; font-family: NhacCuaTui, sans-serif;\">N&agrave;y ai ơi miền nước t&ocirc;i ruộng l&uacute;a &ocirc;m bờ đ&ecirc;</span><br style=\"color: #333333; font-family: NhacCuaTui, sans-serif;\" /><span style=\"color: #333333; font-family: NhacCuaTui, sans-serif;\">Người sống vui t&igrave;nh thắm vươn hồn qu&ecirc;</span><br style=\"color: #333333; font-family: NhacCuaTui, sans-serif;\" /><span style=\"color: #333333; font-family: NhacCuaTui, sans-serif;\">Gạo trắng trong m&agrave; n&ecirc;n duy&ecirc;n hẹn thề</span></p>', 5, 6, '2020-04-08 23:53:00', '2020-08-30 17:58:26', '[{\"download_link\":\"songs\\\\August2020\\\\LvAWQsuDyn3vB09kiB4V.mp3\",\"original_name\":\"LuaMuaDuyenTham-DuongHongLoanLamBaoPhi-3060731 (1).mp3\"}]'),
(18, 'Muộn Màng Là Từ Lúc', 30, '<div class=\"ujudUb\" style=\"margin-bottom: 12px; color: #222222; font-family: arial, sans-serif;\">Đ&ocirc;i khi em vẫn mong rằng m&igrave;nh đừng c&oacute; nhau bao giờ<br />Đ&ocirc;i khi em cố tin thi&ecirc;n đ&agrave;ng ta c&oacute; sẽ kh&ocirc;ng thể tan<br />Qu&ecirc;n nhau ta cố qu&ecirc;n nhưng c&agrave;ng th&ecirc;m nhớ th&ecirc;m thương nhiều<br />Nước mắt cũng đ&atilde; kh&ocirc; chẳng c&ograve;n để kh&oacute;c nỗi đau c&ograve;n</div>\r\n<div class=\"ujudUb\" style=\"margin-bottom: 12px; color: #222222; font-family: arial, sans-serif;\">Muộn m&agrave;ng l&agrave; từ l&uacute;c ta chưa gặp gỡ<br />Muộn m&agrave;ng l&agrave; từ l&uacute;c ban sơ vừa quen<br />Nghẹn ng&agrave;o l&agrave; từ l&uacute;c y&ecirc;u thương vừa chớm<br />Ta hẹn nhau cuối đời n&oacute;i lời chia tay</div>\r\n<div class=\"ujudUb\" style=\"margin-bottom: 12px; color: #222222; font-family: arial, sans-serif;\">Rồi muộn m&agrave;ng ta n&oacute;i lỡ y&ecirc;u v&agrave; nhớ<br />Rồi vội v&agrave;ng ta ngỡ sẽ xa được nhau<br />Để rồi ta thương nhớ nhớ thương từng đ&ecirc;m<br />Nếu m&igrave;nh kh&ocirc;ng thể qu&ecirc;n th&ocirc;i th&igrave; đừng qu&ecirc;n</div>\r\n<div class=\"ujudUb\" style=\"margin-bottom: 12px; color: #222222; font-family: arial, sans-serif;\">Đ&ocirc;i khi em mong rằng m&igrave;nh đừng c&oacute; nhau bao giờ<br />Đ&ocirc;i khi em cố tin thi&ecirc;n đ&agrave;ng ta c&oacute; sẽ kh&ocirc;ng thể tan<br />Qu&ecirc;n nhau ta cố qu&ecirc;n nhưng c&agrave;ng th&ecirc;m nhớ th&ecirc;m thương nhiều<br />Nước mắt cũng đ&atilde; kh&ocirc; chẳng c&ograve;n để kh&oacute;c nỗi đau c&ograve;n</div>\r\n<div class=\"ujudUb\" style=\"margin-bottom: 12px; color: #222222; font-family: arial, sans-serif;\">Muộn m&agrave;ng l&agrave; từ l&uacute;c ta chưa gặp gỡ<br />Muộn m&agrave;ng l&agrave; từ l&uacute;c ban sơ vừa quen<br />Nghẹn ng&agrave;o l&agrave; từ l&uacute;c y&ecirc;u thương vừa chớm<br />Ta hẹn nhau cuối đời n&oacute;i lời chia tay<br />Rồi muộn m&agrave;ng ta n&oacute;i lỡ y&ecirc;u v&agrave; nhớ<br />Rồi vội v&agrave;ng ta ngỡ sẽ xa được nhau<br />Để rồi ta thương nhớ nhớ thương từng đ&ecirc;m<br />Nếu m&igrave;nh kh&ocirc;ng thể qu&ecirc;n th&ocirc;i th&igrave; đừng qu&ecirc;n</div>\r\n<div class=\"ujudUb WRZytc\" style=\"margin-bottom: 0px; color: #222222; font-family: arial, sans-serif;\">Nghẹn ng&agrave;o l&agrave; từ l&uacute;c y&ecirc;u thương vừa chớm<br />Ta hẹn nhau cuối đời n&oacute;i lời chia tay<br />D&ugrave; muộn m&agrave;ng ta n&oacute;i lỡ y&ecirc;u v&agrave; nhớ<br />D&ugrave; vội v&agrave;ng ta ngỡ sẽ xa được nhau<br />Để giờ ta xin kh&oacute;c nhưng kh&ocirc;ng thể xa<br />Hay l&agrave; ta sẽ th&ocirc;i, sẽ đừng chia xa<br />Th&ocirc;i th&igrave; ta sẽ kh&ocirc;ng bao giờ chia xa</div>', 4, 6, '2020-05-29 00:19:00', '2020-08-30 17:58:35', '[{\"download_link\":\"songs\\\\August2020\\\\EIGxW1JQUPIaiZwFqaSA.mp3\",\"original_name\":\"Muon-Mang-La-Tu-Luc.mp3\"}]'),
(19, 'Chênh Vênh', 31, '<p><span style=\"color: #333333; font-family: NhacCuaTui, sans-serif;\">Thương em anh tr&egrave;o non cao</span><br style=\"color: #333333; font-family: NhacCuaTui, sans-serif;\" /><span style=\"color: #333333; font-family: NhacCuaTui, sans-serif;\">Mua mưa th&acirc;u m&acirc;y tan mệnh bạc</span><br style=\"color: #333333; font-family: NhacCuaTui, sans-serif;\" /><span style=\"color: #333333; font-family: NhacCuaTui, sans-serif;\">Thương anh em lội s&ocirc;ng s&acirc;u</span><br style=\"color: #333333; font-family: NhacCuaTui, sans-serif;\" /><span style=\"color: #333333; font-family: NhacCuaTui, sans-serif;\">Tr&ocirc;i hương tr&ocirc;i hoa tan phận ngọc</span><br style=\"color: #333333; font-family: NhacCuaTui, sans-serif;\" /><br style=\"color: #333333; font-family: NhacCuaTui, sans-serif;\" /><span style=\"color: #333333; font-family: NhacCuaTui, sans-serif;\">C&ograve;n chần chừ chi hỡi anh...</span><br style=\"color: #333333; font-family: NhacCuaTui, sans-serif;\" /><span style=\"color: #333333; font-family: NhacCuaTui, sans-serif;\">H&ocirc;n em &ocirc;m em cho n&aacute;t ch&ecirc;nh v&ecirc;nh</span><br style=\"color: #333333; font-family: NhacCuaTui, sans-serif;\" /><span style=\"color: #333333; font-family: NhacCuaTui, sans-serif;\">Uh...t&igrave;nh l&agrave; đi&ecirc;n kh&aacute;t say</span><br style=\"color: #333333; font-family: NhacCuaTui, sans-serif;\" /><span style=\"color: #333333; font-family: NhacCuaTui, sans-serif;\">H&ocirc;n em &ocirc;m em sao n&aacute;t ch&ecirc;nh v&ecirc;nh</span><br style=\"color: #333333; font-family: NhacCuaTui, sans-serif;\" /><span style=\"color: #333333; font-family: NhacCuaTui, sans-serif;\">Thương em thương t&igrave;nh đa mang</span><br style=\"color: #333333; font-family: NhacCuaTui, sans-serif;\" /><span style=\"color: #333333; font-family: NhacCuaTui, sans-serif;\">Y&ecirc;u trăng ba mươi qu&ecirc;n m&igrave;nh</span><br style=\"color: #333333; font-family: NhacCuaTui, sans-serif;\" /><span style=\"color: #333333; font-family: NhacCuaTui, sans-serif;\">Thương t&ocirc;i thương phận long đong</span><br style=\"color: #333333; font-family: NhacCuaTui, sans-serif;\" /><span style=\"color: #333333; font-family: NhacCuaTui, sans-serif;\">Y&ecirc;u tan mong manh tan nhật nguyệt</span><br style=\"color: #333333; font-family: NhacCuaTui, sans-serif;\" /><span style=\"color: #333333; font-family: NhacCuaTui, sans-serif;\">Thương t&acirc;m............</span></p>', 4, 6, '2020-05-03 00:22:00', '2020-08-30 17:58:46', '[{\"download_link\":\"songs\\\\August2020\\\\SvXvXvKb7SyWSUulaoHM.mp3\",\"original_name\":\"Chenh-Venh-Guitar-Version-Le-Cat-Trong-Ly.mp3\"}]'),
(20, 'Thế Thôi', 32, '<p><span style=\"color: #333333; font-family: NhacCuaTui, sans-serif;\">Dạo ch&acirc;n dưới b&oacute;ng m&acirc;y anh chẳng c&ograve;n nhớ chốn đ&acirc;y đ&atilde; từng đẹp như thế.</span><br style=\"color: #333333; font-family: NhacCuaTui, sans-serif;\" /><span style=\"color: #333333; font-family: NhacCuaTui, sans-serif;\">Một hai tia nắng vương anh chẳng c&ograve;n nhớ ch&uacute;t hương dịu hiền m&igrave;nh từng m&ecirc;.</span><br style=\"color: #333333; font-family: NhacCuaTui, sans-serif;\" /><span style=\"color: #333333; font-family: NhacCuaTui, sans-serif;\">H&agrave;ng c&acirc;y như muốn vẫy ch&agrave;o, ng&agrave;y h&ocirc;m nay thấy thế n&agrave;o, c&oacute; vui như ng&agrave;y xưa ước ao?</span><br style=\"color: #333333; font-family: NhacCuaTui, sans-serif;\" /><span style=\"color: #333333; font-family: NhacCuaTui, sans-serif;\">Gặp em anh rất lo l&acirc;u rồi anh kh&ocirc;ng đắn đo sao m&igrave;nh qu&ecirc; đến thế.</span><br style=\"color: #333333; font-family: NhacCuaTui, sans-serif;\" /><br style=\"color: #333333; font-family: NhacCuaTui, sans-serif;\" /><span style=\"color: #333333; font-family: NhacCuaTui, sans-serif;\">C&ograve;n em cứ đắn đo sao anh kh&ocirc;ng muốn để cho em gặp anh như thế?</span><br style=\"color: #333333; font-family: NhacCuaTui, sans-serif;\" /><span style=\"color: #333333; font-family: NhacCuaTui, sans-serif;\">V&igrave; anh đ&acirc;u muốn th&eacute;t g&agrave;o, rằng anh đau đớn thế n&agrave;o, đấy em ơi thật buồn biết bao.</span><br style=\"color: #333333; font-family: NhacCuaTui, sans-serif;\" /><span style=\"color: #333333; font-family: NhacCuaTui, sans-serif;\">Haa</span><br style=\"color: #333333; font-family: NhacCuaTui, sans-serif;\" /><span style=\"color: #333333; font-family: NhacCuaTui, sans-serif;\">Th&ocirc;i chẳng ai nhớ m&atilde;i những điều thật mỏng manh.</span><br style=\"color: #333333; font-family: NhacCuaTui, sans-serif;\" /><br style=\"color: #333333; font-family: NhacCuaTui, sans-serif;\" /><span style=\"color: #333333; font-family: NhacCuaTui, sans-serif;\">Tương tư th&igrave; anh vẫn đến nơi ta hẹn h&ograve;, thế n&ecirc;n, em &agrave;, đừng c&oacute; lo.</span><br style=\"color: #333333; font-family: NhacCuaTui, sans-serif;\" /><span style=\"color: #333333; font-family: NhacCuaTui, sans-serif;\">Haa</span><br style=\"color: #333333; font-family: NhacCuaTui, sans-serif;\" /><span style=\"color: #333333; font-family: NhacCuaTui, sans-serif;\">Th&ocirc;i chẳng ai nhớ m&atilde;i những điều thật mỏng manh.</span><br style=\"color: #333333; font-family: NhacCuaTui, sans-serif;\" /><span style=\"color: #333333; font-family: NhacCuaTui, sans-serif;\">C&ocirc; đơn g&igrave; đ&acirc;u em ơi anh đ&atilde; qu&ecirc;n rồi, thế th&ocirc;i, em &agrave;, th&igrave; thế th&ocirc;i.</span><br style=\"color: #333333; font-family: NhacCuaTui, sans-serif;\" /><br style=\"color: #333333; font-family: NhacCuaTui, sans-serif;\" /><span style=\"color: #333333; font-family: NhacCuaTui, sans-serif;\">M&ugrave;i hương theo gi&oacute; bay anh chẳng c&ograve;n muốn đứng đ&acirc;y chuyện tr&ograve; c&ugrave;ng em nữa.</span><br style=\"color: #333333; font-family: NhacCuaTui, sans-serif;\" /><span style=\"color: #333333; font-family: NhacCuaTui, sans-serif;\">Chẳng hay mong muốn đưa em v&agrave;i dăm ba cuốn qu&ecirc;n l&acirc;u rồi từ hồi xưa.</span><br style=\"color: #333333; font-family: NhacCuaTui, sans-serif;\" /><span style=\"color: #333333; font-family: NhacCuaTui, sans-serif;\">Về th&ocirc;i tia nắng tắt rồi, quạ đen cũng kiếm chỗ ngồi, thế th&ocirc;i, em &agrave;, th&igrave; thế th&ocirc;i.</span></p>', 4, 6, '2020-05-18 00:24:00', '2020-08-30 17:58:58', '[{\"download_link\":\"songs\\\\August2020\\\\V55k12Ljm9lepFNnBBdv.mp3\",\"original_name\":\"TheThoi-HaiSam-5545897.mp3\"}]'),
(21, 'Đường Một Chiều', 23, '<p><span style=\"color: #333333; font-family: NhacCuaTui, sans-serif;\">Anh ơi, c&oacute; biết điều g&igrave; thật đau</span><br style=\"color: #333333; font-family: NhacCuaTui, sans-serif;\" /><span style=\"color: #333333; font-family: NhacCuaTui, sans-serif;\">Trong cuộc sống mu&ocirc;n m&agrave;u để em n&oacute;i cho anh nghe nh&eacute;</span><br style=\"color: #333333; font-family: NhacCuaTui, sans-serif;\" /><span style=\"color: #333333; font-family: NhacCuaTui, sans-serif;\">Rằng nơi em đ&atilde; từ l&acirc;u c&oacute; cảm x&uacute;c lạ</span><br style=\"color: #333333; font-family: NhacCuaTui, sans-serif;\" /><span style=\"color: #333333; font-family: NhacCuaTui, sans-serif;\">Mỗi khi anh kề b&ecirc;n được nghe anh n&oacute;i cười</span><br style=\"color: #333333; font-family: NhacCuaTui, sans-serif;\" /><br style=\"color: #333333; font-family: NhacCuaTui, sans-serif;\" /><span style=\"color: #333333; font-family: NhacCuaTui, sans-serif;\">M&igrave;nh đ&atilde; biết nhau từ l&acirc;u</span><br style=\"color: #333333; font-family: NhacCuaTui, sans-serif;\" /><span style=\"color: #333333; font-family: NhacCuaTui, sans-serif;\">N&ecirc;n em chẳng n&oacute;i ra hết những lời n&agrave;y</span><br style=\"color: #333333; font-family: NhacCuaTui, sans-serif;\" /><span style=\"color: #333333; font-family: NhacCuaTui, sans-serif;\">Sợ anh đi mất</span><br style=\"color: #333333; font-family: NhacCuaTui, sans-serif;\" /><span style=\"color: #333333; font-family: NhacCuaTui, sans-serif;\">Lặng im thấy anh c&ugrave;ng ai</span><br style=\"color: #333333; font-family: NhacCuaTui, sans-serif;\" /><span style=\"color: #333333; font-family: NhacCuaTui, sans-serif;\">Dần khoảng c&aacute;ch với em bao ng&agrave;y</span><br style=\"color: #333333; font-family: NhacCuaTui, sans-serif;\" /><span style=\"color: #333333; font-family: NhacCuaTui, sans-serif;\">Anh đ&acirc;u n&agrave;o hay</span><br style=\"color: #333333; font-family: NhacCuaTui, sans-serif;\" /><br style=\"color: #333333; font-family: NhacCuaTui, sans-serif;\" /><span style=\"color: #333333; font-family: NhacCuaTui, sans-serif;\">L&ograve;ng em đau nh&oacute;i rong g&oacute;c tối</span><br style=\"color: #333333; font-family: NhacCuaTui, sans-serif;\" /><span style=\"color: #333333; font-family: NhacCuaTui, sans-serif;\">Khi nh&igrave;n anh với c&ocirc; ta trao nụ h&ocirc;n đầu</span><br style=\"color: #333333; font-family: NhacCuaTui, sans-serif;\" /><span style=\"color: #333333; font-family: NhacCuaTui, sans-serif;\">Em ước g&igrave; anh thấy em kh&oacute;c</span><br style=\"color: #333333; font-family: NhacCuaTui, sans-serif;\" /><span style=\"color: #333333; font-family: NhacCuaTui, sans-serif;\">V&igrave; em cố chấp n&ecirc;n cố gắng theo t&igrave;nh y&ecirc;u ấy</span><br style=\"color: #333333; font-family: NhacCuaTui, sans-serif;\" /><span style=\"color: #333333; font-family: NhacCuaTui, sans-serif;\">N&ecirc;n h&ocirc;m nay em đ&agrave;nh chấp nhận rời xa kỉ niệm</span><br style=\"color: #333333; font-family: NhacCuaTui, sans-serif;\" /><span style=\"color: #333333; font-family: NhacCuaTui, sans-serif;\">Em mong anh sẽ lu&ocirc;n vui</span><br style=\"color: #333333; font-family: NhacCuaTui, sans-serif;\" /><br style=\"color: #333333; font-family: NhacCuaTui, sans-serif;\" /><span style=\"color: #333333; font-family: NhacCuaTui, sans-serif;\">Nay em n&oacute;i ra hết lời y&ecirc;u em giữ trong l&ograve;ng</span><br style=\"color: #333333; font-family: NhacCuaTui, sans-serif;\" /><span style=\"color: #333333; font-family: NhacCuaTui, sans-serif;\">Chẳng phải để n&iacute;u tay người</span><br style=\"color: #333333; font-family: NhacCuaTui, sans-serif;\" /><span style=\"color: #333333; font-family: NhacCuaTui, sans-serif;\">Chỉ để giải tho&aacute;t nơi em một tr&aacute;i tim đầy c&ocirc; đơn</span><br style=\"color: #333333; font-family: NhacCuaTui, sans-serif;\" /><span style=\"color: #333333; font-family: NhacCuaTui, sans-serif;\">Đường y&ecirc;u em kh&ocirc;ng phải đường hai chiều</span><br style=\"color: #333333; font-family: NhacCuaTui, sans-serif;\" /><span style=\"color: #333333; font-family: NhacCuaTui, sans-serif;\">Chỉ l&agrave; đường thẳng rất d&agrave;i em kh&ocirc;ng thể quay đầu lại</span><br style=\"color: #333333; font-family: NhacCuaTui, sans-serif;\" /><br style=\"color: #333333; font-family: NhacCuaTui, sans-serif;\" /><span style=\"color: #333333; font-family: NhacCuaTui, sans-serif;\">C&oacute; những khi anh l&agrave;m em buồn</span><br style=\"color: #333333; font-family: NhacCuaTui, sans-serif;\" /><span style=\"color: #333333; font-family: NhacCuaTui, sans-serif;\">Lệ hoen đ&ocirc;i mi a nhớ về</span><br style=\"color: #333333; font-family: NhacCuaTui, sans-serif;\" /><span style=\"color: #333333; font-family: NhacCuaTui, sans-serif;\">Ng&agrave;y đầu ti&ecirc;n ta b&ecirc;n nhau</span></p>', 4, 6, '2020-06-08 00:29:00', '2020-08-30 17:59:10', '[{\"download_link\":\"songs\\\\August2020\\\\seXgFU5Kgog1SsfdsR7E.mp3\",\"original_name\":\"DuongMotChieu-HuynhTu-4615451.mp3\"}]'),
(22, 'DUMDi DUMDi', 41, '<p><span style=\"color: #000000; font-family: Programme, Arial, sans-serif; font-size: 20.25px;\">[(여자)아이들 &ldquo;덤디덤디&rdquo; 가사]</span><br style=\"box-sizing: border-box; color: #000000; font-family: Programme, Arial, sans-serif; font-size: 20.25px;\" /><br style=\"box-sizing: border-box; color: #000000; font-family: Programme, Arial, sans-serif; font-size: 20.25px;\" /><span style=\"color: #000000; font-family: Programme, Arial, sans-serif; font-size: 20.25px;\">[Verse 1: Soyeon,&nbsp;</span><em style=\"box-sizing: border-box; margin: 0px; padding: 0px; border: 0px; color: #000000; font-family: Programme, Arial, sans-serif; font-size: 20.25px;\">Soojin</em><span style=\"color: #000000; font-family: Programme, Arial, sans-serif; font-size: 20.25px;\">,&nbsp;</span><strong style=\"box-sizing: border-box; margin: 0px; padding: 0px; border: 0px; color: #000000; font-family: Programme, Arial, sans-serif; font-size: 20.25px;\">Yuqi</strong><span style=\"color: #000000; font-family: Programme, Arial, sans-serif; font-size: 20.25px;\">]</span><br style=\"box-sizing: border-box; color: #000000; font-family: Programme, Arial, sans-serif; font-size: 20.25px;\" /><span style=\"color: #000000; font-family: Programme, Arial, sans-serif; font-size: 20.25px;\">뜨거운 태양에 살짝 미친</span><br style=\"box-sizing: border-box; color: #000000; font-family: Programme, Arial, sans-serif; font-size: 20.25px;\" /><span style=\"color: #000000; font-family: Programme, Arial, sans-serif; font-size: 20.25px;\">난 쉽게 두 볼이 빨개지고</span><br style=\"box-sizing: border-box; color: #000000; font-family: Programme, Arial, sans-serif; font-size: 20.25px;\" /><span style=\"color: #000000; font-family: Programme, Arial, sans-serif; font-size: 20.25px;\">그러다 어질어질 달아오른</span><br style=\"box-sizing: border-box; color: #000000; font-family: Programme, Arial, sans-serif; font-size: 20.25px;\" /><span style=\"color: #000000; font-family: Programme, Arial, sans-serif; font-size: 20.25px;\">난 헤엄을 치듯 춤을 추고</span><br style=\"box-sizing: border-box; color: #000000; font-family: Programme, Arial, sans-serif; font-size: 20.25px;\" /><em style=\"box-sizing: border-box; margin: 0px; padding: 0px; border: 0px; color: #000000; font-family: Programme, Arial, sans-serif; font-size: 20.25px;\">음악을 더 크게 더 틀고 싶어<br style=\"box-sizing: border-box;\" />우리 사랑이 안 들리게</em><br style=\"box-sizing: border-box; color: #000000; font-family: Programme, Arial, sans-serif; font-size: 20.25px;\" /><strong style=\"box-sizing: border-box; margin: 0px; padding: 0px; border: 0px; color: #000000; font-family: Programme, Arial, sans-serif; font-size: 20.25px;\">안아도 더 가까이 붙고 싶어<br style=\"box-sizing: border-box;\" />닿은 심장이 팡 터지게</strong><br style=\"box-sizing: border-box; color: #000000; font-family: Programme, Arial, sans-serif; font-size: 20.25px;\" /><br style=\"box-sizing: border-box; color: #000000; font-family: Programme, Arial, sans-serif; font-size: 20.25px;\" /><span style=\"color: #000000; font-family: Programme, Arial, sans-serif; font-size: 20.25px;\">[Pre-Chorus: Minnie,&nbsp;</span><em style=\"box-sizing: border-box; margin: 0px; padding: 0px; border: 0px; color: #000000; font-family: Programme, Arial, sans-serif; font-size: 20.25px;\">Soyeon</em><span style=\"color: #000000; font-family: Programme, Arial, sans-serif; font-size: 20.25px;\">]</span><br style=\"box-sizing: border-box; color: #000000; font-family: Programme, Arial, sans-serif; font-size: 20.25px;\" /><span style=\"color: #000000; font-family: Programme, Arial, sans-serif; font-size: 20.25px;\">바람은 두근대게 또 파도는 쿵쾅대게</span><br style=\"box-sizing: border-box; color: #000000; font-family: Programme, Arial, sans-serif; font-size: 20.25px;\" /><span style=\"color: #000000; font-family: Programme, Arial, sans-serif; font-size: 20.25px;\">저기 드러머처럼 내 마음을 두드려줘</span><br style=\"box-sizing: border-box; color: #000000; font-family: Programme, Arial, sans-serif; font-size: 20.25px;\" /><span style=\"color: #000000; font-family: Programme, Arial, sans-serif; font-size: 20.25px;\">내게 들려줘 이 여름의 그 노래를</span><br style=\"box-sizing: border-box; color: #000000; font-family: Programme, Arial, sans-serif; font-size: 20.25px;\" /><em style=\"box-sizing: border-box; margin: 0px; padding: 0px; border: 0px; color: #000000; font-family: Programme, Arial, sans-serif; font-size: 20.25px;\">(Turn up my summer)</em><br style=\"box-sizing: border-box; color: #000000; font-family: Programme, Arial, sans-serif; font-size: 20.25px;\" /><br style=\"box-sizing: border-box; color: #000000; font-family: Programme, Arial, sans-serif; font-size: 20.25px;\" /><span style=\"color: #000000; font-family: Programme, Arial, sans-serif; font-size: 20.25px;\">[Chorus: Miyeon]</span><br style=\"box-sizing: border-box; color: #000000; font-family: Programme, Arial, sans-serif; font-size: 20.25px;\" /><span style=\"color: #000000; font-family: Programme, Arial, sans-serif; font-size: 20.25px;\">Every night every mind</span><br style=\"box-sizing: border-box; color: #000000; font-family: Programme, Arial, sans-serif; font-size: 20.25px;\" /><span style=\"color: #000000; font-family: Programme, Arial, sans-serif; font-size: 20.25px;\">Every time every sign</span><br style=\"box-sizing: border-box; color: #000000; font-family: Programme, Arial, sans-serif; font-size: 20.25px;\" /><span style=\"color: #000000; font-family: Programme, Arial, sans-serif; font-size: 20.25px;\">어딜 가도 여긴 Tropical night</span><br style=\"box-sizing: border-box; color: #000000; font-family: Programme, Arial, sans-serif; font-size: 20.25px;\" /><span style=\"color: #000000; font-family: Programme, Arial, sans-serif; font-size: 20.25px;\">찌는 날 찌는 밤바다의 칼바람</span><br style=\"box-sizing: border-box; color: #000000; font-family: Programme, Arial, sans-serif; font-size: 20.25px;\" /><span style=\"color: #000000; font-family: Programme, Arial, sans-serif; font-size: 20.25px;\">잊을 수 없이 타오르는 밤</span><br style=\"box-sizing: border-box; color: #000000; font-family: Programme, Arial, sans-serif; font-size: 20.25px;\" /><br style=\"box-sizing: border-box; color: #000000; font-family: Programme, Arial, sans-serif; font-size: 20.25px;\" /><span style=\"color: #000000; font-family: Programme, Arial, sans-serif; font-size: 20.25px;\">[Post-Chorus: All,&nbsp;</span><em style=\"box-sizing: border-box; margin: 0px; padding: 0px; border: 0px; color: #000000; font-family: Programme, Arial, sans-serif; font-size: 20.25px;\">Soojin</em><span style=\"color: #000000; font-family: Programme, Arial, sans-serif; font-size: 20.25px;\">,&nbsp;</span><strong style=\"box-sizing: border-box; margin: 0px; padding: 0px; border: 0px; color: #000000; font-family: Programme, Arial, sans-serif; font-size: 20.25px;\">Shuhua</strong><span style=\"color: #000000; font-family: Programme, Arial, sans-serif; font-size: 20.25px;\">]</span><br style=\"box-sizing: border-box; color: #000000; font-family: Programme, Arial, sans-serif; font-size: 20.25px;\" /><span style=\"color: #000000; font-family: Programme, Arial, sans-serif; font-size: 20.25px;\">덤디덤디 덤디덤디</span><br style=\"box-sizing: border-box; color: #000000; font-family: Programme, Arial, sans-serif; font-size: 20.25px;\" /><span style=\"color: #000000; font-family: Programme, Arial, sans-serif; font-size: 20.25px;\">덤디덤디 덤디덤디</span><br style=\"box-sizing: border-box; color: #000000; font-family: Programme, Arial, sans-serif; font-size: 20.25px;\" /><em style=\"box-sizing: border-box; margin: 0px; padding: 0px; border: 0px; color: #000000; font-family: Programme, Arial, sans-serif; font-size: 20.25px;\">(Turn up my summer)</em><br style=\"box-sizing: border-box; color: #000000; font-family: Programme, Arial, sans-serif; font-size: 20.25px;\" /><span style=\"color: #000000; font-family: Programme, Arial, sans-serif; font-size: 20.25px;\">덤디덤디 덤디덤디</span><br style=\"box-sizing: border-box; color: #000000; font-family: Programme, Arial, sans-serif; font-size: 20.25px;\" /><span style=\"color: #000000; font-family: Programme, Arial, sans-serif; font-size: 20.25px;\">덤디덤디 덤디덤디</span><br style=\"box-sizing: border-box; color: #000000; font-family: Programme, Arial, sans-serif; font-size: 20.25px;\" /><strong style=\"box-sizing: border-box; margin: 0px; padding: 0px; border: 0px; color: #000000; font-family: Programme, Arial, sans-serif; font-size: 20.25px;\">(Turn up my summer)</strong></p>', 7, 8, '2020-06-16 00:32:00', '2020-08-30 17:59:29', '[{\"download_link\":\"songs\\\\August2020\\\\pQ2Cord4Qe7TTudn62A7.mp3\",\"original_name\":\"DUMDi-DUMDi-G-I-DLE.mp3\"}]'),
(23, 'Lit', 42, '<div class=\"ujudUb\" style=\"margin-bottom: 12px; line-height: 1.58; color: #222222; font-family: arial, sans-serif;\">가자, uh<br />오늘 달이 좋구나<br />가자</div>\r\n<div class=\"ujudUb\" style=\"margin-bottom: 12px; line-height: 1.58; color: #222222; font-family: arial, sans-serif;\">풍악을 울려 피리를 불어<br />저 달도 좋은 밤 별빛이 다가와<br />우리 주위를 가득 비춰<br />정해진 건 없어<br />발길이 닿는 대로 마냥 걸어가<br />달이 좋구나</div>\r\n<div class=\"ujudUb\" style=\"margin-bottom: 12px; line-height: 1.58; color: #222222; font-family: arial, sans-serif;\">전우치 우치 나는 우 ah (우 ah)<br />도술을 부리지 마구 ah (마구 ah)<br />나비처럼 날아 벌처럼 쏴<br />악당을 쓸어 담고 (Yeah)<br />저잣거리에 나를 모르는 사람이 없으니<br />기분이 좋구나 (얼쑤)<br />동에 번쩍 서에 번쩍<br />우릴 위한 축제가 벌어지는구나</div>\r\n<div class=\"ujudUb\" style=\"margin-bottom: 12px; line-height: 1.58; color: #222222; font-family: arial, sans-serif;\">늴리리야 옹헤야 (얼쑤, 얼쑤)<br />늴리리야 옹헤야 (얼쑤, 얼쑤)</div>\r\n<div class=\"ujudUb\" style=\"margin-bottom: 12px; line-height: 1.58; color: #222222; font-family: arial, sans-serif;\">손 높이 흔들어<br />더 크게 소리 질러<br />내일의 내일은 내가 하니까<br />가자</div>\r\n<div class=\"ujudUb\" style=\"margin-bottom: 12px; line-height: 1.58; color: #222222; font-family: arial, sans-serif;\">큰 북을 울려 (얼쑤, 얼쑤) 한 방을 날려 (얼쑤, 얼쑤)<br />길을 비켜라<br />저기 나팔소리가 들린다 우</div>\r\n<div class=\"ujudUb\" style=\"margin-bottom: 12px; line-height: 1.58; color: #222222; font-family: arial, sans-serif;\">님과 함께 밤새도록 놀아<br />이거는 트랩 부비 트랩<br />나팔소리가 들린다 우 (얼쑤, 얼쑤)<br />가자 우 (얼쑤, 얼쑤)<br />가자 우<br />지화자</div>\r\n<div class=\"ujudUb\" style=\"margin-bottom: 12px; line-height: 1.58; color: #222222; font-family: arial, sans-serif;\">저기 나팔소리가 들린다 우 (얼쑤, 얼쑤)<br />가자 우 (얼쑤, 얼쑤)<br />오늘 달이 좋구나<br />저기 나팔소리가 들린다 우</div>\r\n<div class=\"ujudUb\" style=\"margin-bottom: 12px; line-height: 1.58; color: #222222; font-family: arial, sans-serif;\">2절 오너라</div>\r\n<div class=\"ujudUb\" style=\"margin-bottom: 12px; line-height: 1.58; color: #222222; font-family: arial, sans-serif;\">덩기덕 저 북을 쳐서 더욱 흥을 올려라<br />어기어차 북소리 맞춰 노를 저어라<br />바람 따라 구름 따라 달빛을 따라<br />그저 흘러가보자<br />오늘 달이 좋구나</div>\r\n<div class=\"ujudUb\" style=\"margin-bottom: 12px; line-height: 1.58; color: #222222; font-family: arial, sans-serif;\">가던 길 잠시 멈추고 wait (예끼)<br />둘셋하면 풀어줄게 땡 (떽)<br />둥실둥실 난 둠칫 둠칫 두둠칫<br />몸이 가는 대로 춤을 춰</div>\r\n<div class=\"ujudUb\" style=\"margin-bottom: 12px; line-height: 1.58; color: #222222; font-family: arial, sans-serif;\">나를 따라 난 피리 부는 아이<br />달빛 조명 아래 나는 빛이나<br />지구는 하나야 원으로 모여라<br />다같이 외쳐보자 지구는 하나다</div>\r\n<div class=\"ujudUb\" style=\"margin-bottom: 12px; line-height: 1.58; color: #222222; font-family: arial, sans-serif;\">늴리리야 옹헤야 (얼쑤, 얼쑤)<br />늴리리야 옹헤야 (얼쑤, 얼쑤)</div>\r\n<div class=\"ujudUb\" style=\"margin-bottom: 12px; line-height: 1.58; color: #222222; font-family: arial, sans-serif;\">손 높이 흔들어<br />더 크게 소리질러<br />내일의 내일은 내가 하니까<br />가자</div>\r\n<div class=\"ujudUb WRZytc OULBYb\" style=\"margin-bottom: 0px; line-height: 1.58; color: #222222; font-family: arial, sans-serif;\">큰 북을 울려 (얼쑤,&hellip;</div>', 7, 8, '2020-07-15 00:35:00', '2020-08-30 17:59:39', '[{\"download_link\":\"songs\\\\August2020\\\\rtNWQEiwD5o5YfLii0dg.mp3\",\"original_name\":\"Lit-ONEUS.mp3\"}]'),
(24, 'Flash', 43, '<div class=\"ujudUb\" style=\"margin-bottom: 12px; line-height: 1.58; color: #222222; font-family: arial, sans-serif;\">어딘가에 홀린 듯이 날 깨운 감각을 따라<br />닿은 곳엔 네가 있어 느껴져<br />You\'re my savior my desire</div>\r\n<div class=\"ujudUb\" style=\"margin-bottom: 12px; line-height: 1.58; color: #222222; font-family: arial, sans-serif;\">반짝인 눈빛 내 가슴속은 blazing<br />심장이 터질 듯해 너무 빨라진 듯해<br />이젠 점점 차오르는 내 gauge<br />기다릴 필욘 없어 이미 준비가 됐어 난</div>\r\n<div class=\"ujudUb\" style=\"margin-bottom: 12px; line-height: 1.58; color: #222222; font-family: arial, sans-serif;\">I can take you high<br />이젠 시간이 됐어<br />저기 높은 곳으로<br />지금 너를 데려가 oh baby<br />눈 깜짝할 순간에 (순간에)<br />우린 연결 돼있어 (연결돼)<br />너만이 날 완성해 내가 널 완성해<br />Fly high high high high-er<br />Flash!</div>\r\n<div class=\"ujudUb\" style=\"margin-bottom: 12px; line-height: 1.58; color: #222222; font-family: arial, sans-serif;\">Fire up<br />Fly high high high-er<br />Fire up<br />Fly high high high-er</div>\r\n<div class=\"ujudUb\" style=\"margin-bottom: 12px; line-height: 1.58; color: #222222; font-family: arial, sans-serif;\">황홀경에 빠진 듯이 정신이 온통 너뿐야<br />Uh 한참을 헤매던 순간<br />번쩍인 you\'re like thunder, my lightsaber yeah</div>\r\n<div class=\"ujudUb\" style=\"margin-bottom: 12px; line-height: 1.58; color: #222222; font-family: arial, sans-serif;\">나만의 방법으로 너를 비춰<br />데리고 가 구름보다 더 위로<br />순간이 다 우리 둘만의 기억<br />Gonna flame to the 구름<br />Way up high higher</div>\r\n<div class=\"ujudUb\" style=\"margin-bottom: 12px; line-height: 1.58; color: #222222; font-family: arial, sans-serif;\">You the one only get me fire<br />Light me up and I light you brighter<br />Call it \"we\" 시간이 멈춘듯이<br />태워 이 불꽃을 light up</div>\r\n<div class=\"ujudUb\" style=\"margin-bottom: 12px; line-height: 1.58; color: #222222; font-family: arial, sans-serif;\">I can take you high (higher)<br />이젠 시간이 됐어 (no no)<br />저기 높은 곳으로 (oh)<br />지금 너를 데려가 oh baby<br />눈 깜짝할 순간에 (순간에)<br />우린 연결돼있어 (연결돼)</div>\r\n<div class=\"ujudUb WRZytc OULBYb\" style=\"margin-bottom: 0px; line-height: 1.58; color: #222222; font-family: arial, sans-serif;\">You and I, we make it right<br />우리 둘의 마지막 rally point&hellip;</div>', 7, 8, '2020-08-12 00:37:10', '2020-08-12 00:37:10', '[{\"download_link\":\"songs\\\\August2020\\\\JTjulfMTnTMfFTvygnfp.mp3\",\"original_name\":\"Flash-X1.mp3\"}]'),
(25, 'Boom', 44, '<div class=\"ujudUb\" style=\"margin-bottom: 12px; line-height: 1.58; color: #222222; font-family: arial, sans-serif;\">Waoh</div>\r\n<div class=\"ujudUb\" style=\"margin-bottom: 12px; line-height: 1.58; color: #222222; font-family: arial, sans-serif;\">Come on 숨소리조차도 음악 같은 stage (let\'s go)<br />나의 땀방울은 네겐 heavy rain<br />언제나 hot and shine<br />무대 위에서 ride<br />네 눈이 맘보다 먼저 반응해</div>\r\n<div class=\"ujudUb\" style=\"margin-bottom: 12px; line-height: 1.58; color: #222222; font-family: arial, sans-serif;\">지금 우린 과도한 열기로 넘쳐<br />편히 앉아 놀아줄 시간은 없어<br />과정을 즐겨 나와 같이 더 달려<br />더 자유롭게 원하고 또 원해<br />Too lit too litty we rolling</div>\r\n<div class=\"ujudUb\" style=\"margin-bottom: 12px; line-height: 1.58; color: #222222; font-family: arial, sans-serif;\">난 너의 꿈이자 꿈에 닿는 통로가 돼<br />너의 꿈을 손에 쥐여줄 수 있어 oh<br />순수한 표정으로<br />춤을 추던 아인 이제 웃으면서<br />이 트랙에 불을 질러 oh</div>\r\n<div class=\"ujudUb\" style=\"margin-bottom: 12px; line-height: 1.58; color: #222222; font-family: arial, sans-serif;\">We got that<br />Boom boom boom boom boom<br />Boom boom boom boom boom<br />Boom boom boom boom boom<br />Boom boom boom boom boom (yea we got that)<br />나를 던지고 너를 깨우고<br />Show me what you got<br />결과는 crazy<br />가슴이 뛰는 대로 뛰어봐 right now (yea skip)</div>\r\n<div class=\"ujudUb\" style=\"margin-bottom: 12px; line-height: 1.58; color: #222222; font-family: arial, sans-serif;\">내게 안 맞는 단어<br />난 되고 싶어 모든 story의 winner<br />두려움은 zero<br />지금 반대로<br />설렌 심장 시속 시속 100킬로</div>\r\n<div class=\"ujudUb\" style=\"margin-bottom: 12px; line-height: 1.58; color: #222222; font-family: arial, sans-serif;\">난 모든 조명들의 VIP<br />기다린 적 no 기다리게 하지<br />기억해 어디서도 나의 나의 beat<br />녹을 걸 네 맘은 ice cream</div>\r\n<div class=\"ujudUb\" style=\"margin-bottom: 12px; line-height: 1.58; color: #222222; font-family: arial, sans-serif;\">지금 우린 그 꿈을 이뤄낸 player<br />내 안의 난 날 향한 찬사를 외쳐<br />일분일초가 느끼는 전율 danger<br />더 자극적인 떨림을 난 원해<br />우린 더 높이 we rolling</div>\r\n<div class=\"ujudUb WRZytc OULBYb\" style=\"margin-bottom: 0px; line-height: 1.58; color: #222222; font-family: arial, sans-serif;\">난 너의 꿈이자 꿈에 닿는 통로가 돼<br />너의 꿈을 손에 쥐여줄 수 있어 oh<br />순수한 표정으로<br />춤을&hellip;</div>', 7, 8, '2020-08-12 00:38:46', '2020-08-12 00:38:46', '[{\"download_link\":\"songs\\\\August2020\\\\GNwEmCLxXj0XChx26coB.mp3\",\"original_name\":\"Boom-NCT-Dream.mp3\"}]'),
(26, 'Maria', 45, '<div class=\"ujudUb\" style=\"margin-bottom: 12px; line-height: 1.58; color: #222222; font-family: arial, sans-serif;\">La li lalalai lala li lalai<br />La li lalalai lala li lalai</div>\r\n<div class=\"ujudUb\" style=\"margin-bottom: 12px; line-height: 1.58; color: #222222; font-family: arial, sans-serif;\">욕을 하도 먹어 체했어 하도 (하도)<br />서러워도 어쩌겠어 I do (I do)<br />모두들 미워하느라 애썼네<br />날 무너뜨리면 밥이 되나</div>\r\n<div class=\"ujudUb\" style=\"margin-bottom: 12px; line-height: 1.58; color: #222222; font-family: arial, sans-serif;\">외로워서 어떡해<br />미움마저 삼켰어<br />화낼 힘도 없어<br />여유도 없고 uh uh<br />뭐 그리 아니꼬와<br />가던 길 그냥 가<br />왜들 그래 서럽게</div>\r\n<div class=\"ujudUb\" style=\"margin-bottom: 12px; line-height: 1.58; color: #222222; font-family: arial, sans-serif;\">마리아 마리아<br />널 위한 말이야<br />빛나는 밤이야<br />널 괴롭히지마<br />오 마리아 널 위한 말이야<br />뭐 하러 아등바등해<br />이미 아름다운데</div>\r\n<div class=\"ujudUb\" style=\"margin-bottom: 12px; line-height: 1.58; color: #222222; font-family: arial, sans-serif;\">oh na ah ah<br />(Yeah) 널 위한 말이야<br />(Yeah) oh na ah ah<br />(Yeah) 아름다워 마리아</div>\r\n<div class=\"ujudUb\" style=\"margin-bottom: 12px; line-height: 1.58; color: #222222; font-family: arial, sans-serif;\">No frame no fake<br />지끈 지끈거려<br />하늘은 하늘색 사는 게 다 뻔해<br />내가 갈 길은 내가 바꾸지 뭐<br />위기는 기회로 다 바꾸지 뭐<br />굳이 우는 꼴이 보고 싶다면<br />옜다 눈물</div>\r\n<div class=\"ujudUb\" style=\"margin-bottom: 12px; line-height: 1.58; color: #222222; font-family: arial, sans-serif;\">외로워서 어떡해<br />미움마저 삼켰어<br />화낼 힘도 없어<br />이유도 없고 uh uh<br />마음을 더럽히지마<br />타락하기엔 아직 일러 wow</div>\r\n<div class=\"ujudUb\" style=\"margin-bottom: 12px; line-height: 1.58; color: #222222; font-family: arial, sans-serif;\">마리아 마리아<br />널 위한 말이야<br />빛나는 밤이야<br />널 괴롭히지마<br />오 마리아 널 위한 말이야<br />뭐 하러 아등바등해<br />이미 아름다운데 (hi)</div>\r\n<div class=\"ujudUb WRZytc OULBYb\" style=\"margin-bottom: 0px; line-height: 1.58; color: #222222; font-family: arial, sans-serif;\">oh na&hellip;</div>', 7, 8, '2020-08-12 00:41:03', '2020-08-12 00:41:03', '[{\"download_link\":\"songs\\\\August2020\\\\VYa0YCqS3usq4TBPuCHn.mp3\",\"original_name\":\"Maria-Hwa-Sa.mp3\"}]'),
(27, 'Bigcityboi', 19, '<div class=\"ujudUb\" style=\"margin-bottom: 12px; line-height: 1.58; color: #222222; font-family: arial, sans-serif;\">Em on top, kh&ocirc;ng phải trending<br />Kh&ocirc;ng phải Youtub\'e, kh&ocirc;ng phải tr&ecirc;n Zing<br />Anh on top, em ở tr&ecirc;n anh<br />Beat Touliver drop người ta gọi t&ecirc;n anh</div>\r\n<div class=\"ujudUb\" style=\"margin-bottom: 12px; line-height: 1.58; color: #222222; font-family: arial, sans-serif;\">Big city<br />Big city boi<br />Big city<br />Big city boi<br />Big city<br />Big city-Spacespeakers in da house make some mother fucker noise ay</div>\r\n<div class=\"ujudUb\" style=\"margin-bottom: 12px; line-height: 1.58; color: #222222; font-family: arial, sans-serif;\">Thả tim đầy story em (thả)<br />Nhắn tin đầy trong DM (slide)<br />C&oacute; phiền th&igrave; sorry em (sorry)<br />Đ&oacute;n, 10 giờ pm? (ten)<br />Yea em th&iacute;ch coi sea game (d&ocirc;)<br />Hợp &acirc;m anh th&iacute;ch l&agrave; Cm (đ&ocirc;)<br />Xe em th&iacute;ch BM<br />Việc anh th&iacute;ch l&agrave; see em</div>\r\n<div class=\"ujudUb\" style=\"margin-bottom: 12px; line-height: 1.58; color: #222222; font-family: arial, sans-serif;\">Tr&oacute;i em bằng c&agrave; vạt (tr&oacute;i)<br />Penhouse tr&ecirc;n Đ&agrave; Lạt (đồi)<br />Nếu m&agrave; ngoan em sẽ bị thương (đ&ocirc;i)<br />Nếu m&agrave; hư em sẽ được phạt</div>\r\n<div class=\"ujudUb\" style=\"margin-bottom: 12px; line-height: 1.58; color: #222222; font-family: arial, sans-serif;\">K-r-a-z-y about u<br />Hay l&agrave; mang th&ecirc;m friend đi kh&ocirc;ng sao đ&acirc;u<br />Yea anh kh&ocirc;ng thường say yes<br />Với em kh&ocirc;ng thể say no<br />Nh&igrave;n anh l&uacute;c n&agrave;o cũng fresh<br />Make them haters say wow</div>\r\n<div class=\"ujudUb WRZytc OULBYb\" style=\"margin-bottom: 0px; line-height: 1.58; color: #222222; font-family: arial, sans-serif;\">Big city<br />Big city boi<br />Big city&hellip;</div>', 6, 6, '2020-08-12 00:42:34', '2020-08-12 00:42:34', '[{\"download_link\":\"songs\\\\August2020\\\\h0T3Ik4dZglj4W34MDAh.mp3\",\"original_name\":\"Bigcityboi-Binz-Touliver.mp3\"}]'),
(28, 'Hai Triệu Năm', 46, '<div class=\"ujudUb\" style=\"margin-bottom: 12px; color: #222222; font-family: arial, sans-serif;\">Anh c&ocirc; đơn giữa tinh kh&ocirc;ng n&agrave;y<br />Mu&ocirc;n con s&oacute;ng cuốn x&ocirc; v&agrave;o đ&acirc;y<br />Em c&ocirc; đơn giữa m&ecirc;nh m&ocirc;ng người<br />V&agrave; ta c&ocirc; đơn đ&atilde; hai triệu năm</div>\r\n<div class=\"ujudUb\" style=\"margin-bottom: 12px; color: #222222; font-family: arial, sans-serif;\">Anh c&ocirc; đơn giữa tinh kh&ocirc;ng n&agrave;y<br />Mu&ocirc;n con s&oacute;ng cuốn x&ocirc; v&agrave;o đ&acirc;y<br />Em c&ocirc; đơn giữa m&ecirc;nh m&ocirc;ng người<br />V&agrave; ta c&ocirc; đơn đ&atilde; hai triệu năm</div>\r\n<div class=\"ujudUb\" style=\"margin-bottom: 12px; color: #222222; font-family: arial, sans-serif;\">Xung quanh anh to&agrave;n l&agrave; nước, ay<br />Cơ thể anh đang bị ướt, ay<br />M&ecirc;nh m&ocirc;ng to&agrave;n l&agrave; nước, ay<br />&Ecirc;m &aacute;i như chưa từng trước đ&acirc;y<br />Trăm ng&agrave;n con s&oacute;ng x&ocirc;-ya<br />Anh lao v&agrave;o trong biển cả v&igrave; em l&agrave;m anh n&oacute;ng kh&ocirc;-ya<br />Anh ng&acirc;m m&igrave;nh trong l&agrave;n nước để mặn m&ograve;i từ da dẻ (Mặn m&ograve;i từ da dẻ)<br />Ta cần t&igrave;nh y&ecirc;u v&igrave; t&igrave;nh y&ecirc;u l&agrave;m cho ta trẻ (Đ&uacute;ng rồi)<br />Anh cũng cần em nhưng kh&ocirc;ng biết em sao<br />Anh kh&ocirc;ng care lắm v&agrave; anh quyết đem trao<br />Cho em hết nắng cho em hết đ&ecirc;m sao<br />Nh&igrave;n mặt anh đi, em nghĩ anh tiếc em sao?<br />Trăm ng&agrave;n con s&oacute;ng từ mọi nơi m&agrave; đổ về<br />V&agrave; đ&acirc;y l&agrave; c&aacute;ch m&agrave; anh đi t&igrave;m kiếm sự vỗ về<br />Em c&oacute; qu&aacute; nhiều b&iacute; mật, anh th&igrave; kh&ocirc;ng cần gặng hỏi<br />Em s&acirc;u như l&agrave; đại dương, anh th&igrave; kh&ocirc;ng hề lặn giỏi (anh th&igrave; kh&ocirc;ng hề lặn giỏi baby)</div>\r\n<div class=\"ujudUb\" style=\"margin-bottom: 12px; color: #222222; font-family: arial, sans-serif;\">Anh soi m&igrave;nh v&agrave;o gương cho b&otilde; c&ocirc;ng lau<br />Thấy mặt thấy người sao thấy r&otilde; trong nhau<br />&Aacute;nh mắt nụ cười kia kh&ocirc;ng r&otilde; n&ocirc;ng s&acirc;u<br />Ta rồi sẽ l&agrave; ai, một c&acirc;u hỏi nhỏ trong đầu<br />Ta chỉ l&agrave; h&ograve;n đất hay chỉ l&agrave; cỏ b&ocirc;ng lau<br />Như l&agrave; mấy g&atilde; em mới bỏ kh&ocirc;ng l&acirc;u<br />Hay chỉ l&agrave; đầu thuốc kia ch&aacute;y đỏ kh&ocirc;ng l&acirc;u</div>\r\n<div class=\"ujudUb\" style=\"margin-bottom: 12px; color: #222222; font-family: arial, sans-serif;\">Y&ecirc;u em kiểu n&ocirc;ng d&acirc;n, y&ecirc;u em kiểu qu&ecirc; m&ugrave;a<br />Y&ecirc;u từ vụ đ&ocirc;ng xu&acirc;n, đến h&egrave; thu thay m&ugrave;a<br />Nhưng em th&igrave; trơn trượt như l&agrave; con c&aacute; chuối<br />Muốn n&iacute;u em trong tay, Kh&aacute; Bảnh cũng kh&aacute; đuối (Kh&aacute; Bảnh cũng kh&aacute; đuối)</div>\r\n<div class=\"ujudUb\" style=\"margin-bottom: 12px; color: #222222; font-family: arial, sans-serif;\">Em giống hệt như biển cả em c&oacute; nhiều b&iacute; mật<br />Anh l&agrave;m rất nhiều thứ, để đồng tiền trong v&iacute; chật<br />Người ta kh&ocirc;ng qu&yacute; con ong, m&agrave; người ta chỉ qu&yacute; mật<br />Em hỏi anh nhạc sao hay, anh gọi n&oacute; l&agrave; b&iacute; thuật, yo<br />Em hỏi anh nhạc sao hay, anh gọi n&oacute; l&agrave; b&iacute; thuật, yo</div>\r\n<div class=\"ujudUb\" style=\"margin-bottom: 12px; color: #222222; font-family: arial, sans-serif;\">Anh c&ocirc; đơn giữa tinh kh&ocirc;ng n&agrave;y<br />Mu&ocirc;n con s&oacute;ng cuốn x&ocirc; v&agrave;o đ&acirc;y<br />Em c&ocirc; đơn giữa m&ecirc;nh m&ocirc;ng người<br />V&agrave; ta c&ocirc; đơn đ&atilde; hai triệu năm</div>\r\n<div class=\"ujudUb\" style=\"margin-bottom: 12px; color: #222222; font-family: arial, sans-serif;\">Anh c&ocirc; đơn giữa tinh kh&ocirc;ng n&agrave;y<br />Mu&ocirc;n con s&oacute;ng cuốn x&ocirc; v&agrave;o đ&acirc;y<br />Em c&ocirc; đơn giữa m&ecirc;nh m&ocirc;ng người<br />V&agrave; ta c&ocirc; đơn đ&atilde; hai triệu năm</div>\r\n<div class=\"ujudUb\" style=\"margin-bottom: 12px; color: #222222; font-family: arial, sans-serif;\">Nước đ&atilde; h&igrave;nh th&agrave;nh trong h&agrave;ng triệu năm (triệu năm)<br />C&aacute;t đ&atilde; h&igrave;nh th&agrave;nh trong h&agrave;ng triệu năm (triệu năm)<br />Biển cả h&igrave;nh th&agrave;nh trong h&agrave;ng triệu năm (triệu năm)<br />Sao em l&agrave;m anh buồn sau h&agrave;ng triệu năm? (triệu năm)<br />Gặp em từ thể đơn b&agrave;o, rồi tiến ho&aacute;<br />Xa em từ khi thềm lục địa đầy biến ho&aacute;<br />Muốn được &ocirc;m em qua kỷ Ju-ra<br />Ho&aacute; thạch c&ugrave;ng nhau tr&ecirc;n những phiến đ&aacute; (ph&aacute; đ&aacute; c&ugrave;ng nhau)</div>\r\n<div class=\"ujudUb\" style=\"margin-bottom: 12px; color: #222222; font-family: arial, sans-serif;\">Rồi lo&agrave;i người t&igrave;m thấy lửa, anh lại t&igrave;m thấy em<br />Anh tưởng rằng mọi thứ sẽ được b&ugrave;ng ch&aacute;y l&ecirc;n<br />Muốn được c&ugrave;ng em, trồng rau b&ecirc;n hồ c&aacute;<br />Nhưng tim em l&uacute;c đ&oacute;, đang l&agrave; thời k&igrave; đồ đ&aacute;</div>\r\n<div class=\"ujudUb\" style=\"margin-bottom: 12px; color: #222222; font-family: arial, sans-serif;\">Anh đ&atilde; tin v&agrave;o em như tin v&agrave;o thuyết nhật t&acirc;m<br />Như Ga-li-l&ecirc; người ta n&oacute;i anh thật h&acirc;m<br />C&oacute; lẽ Đ&aacute;c-win biết biển cả sẽ kh&ocirc; hơn<br />Nhưng anh tin &ocirc;ng ta kh&ocirc;ng biết ch&uacute;ng ta đang tiến ho&aacute; để c&ocirc; đơn (tiến ho&aacute; để c&ocirc; đơn)<br />V&agrave; c&oacute; lẽ Đ&aacute;c-win biết biển cả sẽ kh&ocirc; hơn<br />Nhưng anh tin &ocirc;ng ta kh&ocirc;ng biết ch&uacute;ng ta đang tiến ho&aacute; để c&ocirc; đơn (tiến ho&aacute; để c&ocirc; đơn)</div>\r\n<div class=\"ujudUb\" style=\"margin-bottom: 12px; color: #222222; font-family: arial, sans-serif;\">Anh c&ocirc; đơn giữa tinh kh&ocirc;ng n&agrave;y<br />Mu&ocirc;n con s&oacute;ng cuốn x&ocirc; v&agrave;o đ&acirc;y<br />Em c&ocirc; đơn giữa m&ecirc;nh m&ocirc;ng người<br />V&agrave; ta c&ocirc; đơn đ&atilde; hai triệu năm</div>\r\n<div class=\"ujudUb\" style=\"margin-bottom: 12px; color: #222222; font-family: arial, sans-serif;\">Anh c&ocirc; đơn giữa tinh kh&ocirc;ng n&agrave;y<br />Mu&ocirc;n con s&oacute;ng cuốn x&ocirc; v&agrave;o đ&acirc;y<br />Em c&ocirc; đơn giữa m&ecirc;nh m&ocirc;ng người<br />V&agrave; ta c&ocirc; đơn đ&atilde; hai triệu năm</div>\r\n<div class=\"ujudUb\" style=\"margin-bottom: 12px; color: #222222; font-family: arial, sans-serif;\">Anh c&ocirc; đơn giữa tinh kh&ocirc;ng n&agrave;y<br />Mu&ocirc;n con s&oacute;ng cuốn x&ocirc; v&agrave;o đ&acirc;y<br />Em c&ocirc; đơn giữa m&ecirc;nh m&ocirc;ng người<br />V&agrave; ta c&ocirc; đơn đ&atilde; hai triệu năm</div>\r\n<div class=\"ujudUb WRZytc\" style=\"margin-bottom: 0px; color: #222222; font-family: arial, sans-serif;\">Anh c&ocirc; đơn giữa tinh kh&ocirc;ng n&agrave;y<br />Mu&ocirc;n con s&oacute;ng cuốn x&ocirc; v&agrave;o đ&acirc;y<br />Em c&ocirc; đơn giữa m&ecirc;nh m&ocirc;ng người<br />V&agrave; ta c&ocirc; đơn đ&atilde; hai triệu năm</div>', 6, 6, '2020-08-12 00:45:32', '2020-08-12 00:45:32', '[{\"download_link\":\"songs\\\\August2020\\\\38hB8r3e4akwkbxDCUjO.mp3\",\"original_name\":\"hai-trieu-nam-Den-Bien.mp3\"}]');
INSERT INTO `songs` (`id`, `name`, `musician_id`, `lyric`, `category_id`, `nation_id`, `created_at`, `updated_at`, `file`) VALUES
(29, 'Người Âm Phủ', 34, '<div class=\"ujudUb\" style=\"margin-bottom: 12px; color: #222222; font-family: arial, sans-serif;\">Ba giờ anh c&ograve;n chưa ngủ<br />Tương tư về em biết bao nhi&ecirc;u l&agrave; cho đủ<br />Chẳng phải người &acirc;m phủ ng&agrave;y ngủ đ&ecirc;m bay<br />Nhưng m&agrave; giờ l&uacute;c n&agrave;o anh cũng như l&agrave; thằng đang tr&ecirc;n m&acirc;y<br />Ay<br />T&oacute;c em l&agrave; suối<br />Mắt em l&agrave; hồ<br />Nụ cười em l&agrave; nắng để cho l&ograve;ng n&agrave;y ngẩn ngơ<br />Chẳng phải l&agrave; Xu&acirc;n Diệu anh cũng biết l&agrave;m thơ<br />V&igrave; giờ trong đầu anh to&agrave;n thương với nhớ<br />Đi c&ugrave;ng với em tr&ecirc;n một đoạn đường d&agrave;i<br />Chỉ mong được một lần nắm tay d&ugrave; l&agrave; đi đến s&aacute;ng mai<br />Chuyện anh n&oacute;i đ&acirc;u phải ng&agrave;y một ng&agrave;y hai<br />Nếu như em gật đầu m&igrave;nh b&ecirc;n nhau đến m&atilde;i m&atilde;i<br />Cuộc đời anh đ&atilde; từng l&agrave; bản nhạc buồn<br />Chỉ đợi em remix l&agrave; anh sẽ l&ecirc;n lu&ocirc;n<br />Từ ng&agrave;y gặp em anh lại thấy bay bổng<br />Chẳng c&ograve;n thấy chật chội chẳng c&ograve;n rập khu&ocirc;n<br />Lại đ&acirc;y anh n&oacute;i nhỏ<br />Em l&agrave;m c&aacute;i g&igrave; cũng để anh phải n&oacute;i aww<br />Mặt th&igrave; ng&aacute;o ng&aacute;o điệu cười th&igrave; ngơ ngơ<br />Suốt ng&agrave;y n&oacute;i linh tinh vớ vẩn cũng để anh đ&ecirc;m về nh&agrave; &ocirc;m mơ, ay<br />Chuyện tr&ograve; với em từ đ&ecirc;m đến s&aacute;ng chẳng cần một giọt c&agrave; ph&ecirc;<br />Kh&ocirc;ng cần kh&ocirc;ng cỏ kh&ocirc;ng men kh&ocirc;ng rượu nhưng em vẫn cứ l&agrave;m anh m&ecirc;</div>\r\n<div class=\"ujudUb WRZytc\" style=\"margin-bottom: 0px; color: #222222; font-family: arial, sans-serif;\">Em c&oacute; y&ecirc;u bản th&acirc;n m&igrave;nh kh&ocirc;ng?<br />Nếu c&oacute; l&agrave;m t&igrave;nh địch với anh nh&aacute;!<br />Nh&agrave; em c&oacute; b&aacute;n rượu kh&ocirc;ng?<br />M&agrave; n&oacute;i chuyện với em anh say qu&aacute;<br />Dừng lại nhanh<br />Cười th&ecirc;m c&aacute;i nữa l&agrave; tim anh đứt phanh<br />Nh&agrave; em c&oacute; sao em kh&ocirc;ng ở<br />M&agrave; lại đi chuyển hộ khẩu v&agrave;o tim anh?<br />Ay<br />Em c&oacute; thấy cuộc đời m&igrave;nh nh&agrave;m ch&aacute;n khi cứ ho&agrave;i lặp đi lặp lại<br />Vậy th&igrave; đến đ&acirc;y với anh đi chứ sao c&ograve;n cứ ho&agrave;i t&igrave;m ai<br />V&ograve;ng tay anh kh&ocirc;ng qu&aacute; lớn<br />Ch&acirc;n cũng chẳng được qu&aacute; d&agrave;i<br />Nhưng m&agrave; để &ocirc;m em<br />Hay chạy đến với em th&igrave; việc g&igrave; với anh cũng kh&ocirc;ng ngại</div>', 4, 6, '2020-08-12 00:47:20', '2020-08-12 00:47:20', '[{\"download_link\":\"songs\\\\August2020\\\\b9h5C6xL3hdXe5bjSVGX.mp3\",\"original_name\":\"Nguoi-Am-Phu-EDM-Version-OSAD-Khanh-Vy.mp3\"}]'),
(30, 'EmmE (Em,Tôi)', 18, '<p><span style=\"color: #333333; font-family: NhacCuaTui, sans-serif;\">C&oacute; qu&aacute; nhiều cuộc gọi trong một ng&agrave;y</span><br style=\"color: #333333; font-family: NhacCuaTui, sans-serif;\" /><span style=\"color: #333333; font-family: NhacCuaTui, sans-serif;\">Nhưng m&agrave; cuộc gọi cuối l&agrave; l&uacute;c kh&ocirc;ng tỉnh m&agrave; đang say</span><br style=\"color: #333333; font-family: NhacCuaTui, sans-serif;\" /><span style=\"color: #333333; font-family: NhacCuaTui, sans-serif;\">C&oacute; rất nhiều c&ocirc; g&aacute;i ở cạnh anh</span><br style=\"color: #333333; font-family: NhacCuaTui, sans-serif;\" /><span style=\"color: #333333; font-family: NhacCuaTui, sans-serif;\">Anh xin từ chối hết, mở đ&egrave;n đỏ tắt đ&egrave;n xanh</span><br style=\"color: #333333; font-family: NhacCuaTui, sans-serif;\" /><span style=\"color: #333333; font-family: NhacCuaTui, sans-serif;\">V&igrave; người c&ugrave;ng chăn gối đợi anh ở nh&agrave;</span><br style=\"color: #333333; font-family: NhacCuaTui, sans-serif;\" /><span style=\"color: #333333; font-family: NhacCuaTui, sans-serif;\">L&agrave; người m&agrave; c&ugrave;ng anh đi từ l&uacute;c ngh&egrave;o đ&oacute;i đến th&agrave;nh danh</span><br style=\"color: #333333; font-family: NhacCuaTui, sans-serif;\" /><span style=\"color: #333333; font-family: NhacCuaTui, sans-serif;\">Cho d&ugrave; em mặc c&oacute; hở v&agrave; 3 v&ograve;ng em n&otilde;n n&agrave;</span><br style=\"color: #333333; font-family: NhacCuaTui, sans-serif;\" /><span style=\"color: #333333; font-family: NhacCuaTui, sans-serif;\">Để d&agrave;nh cho thằng kh&aacute;c ngắm, kh&ocirc;ng *** ch&ecirc; nhưng xin chừa anh ra nha</span><br style=\"color: #333333; font-family: NhacCuaTui, sans-serif;\" /><span style=\"color: #333333; font-family: NhacCuaTui, sans-serif;\">Anh kh&ocirc;ng muốn em phải kh&oacute;c v&igrave; những lần anh ham chơi</span><br style=\"color: #333333; font-family: NhacCuaTui, sans-serif;\" /><span style=\"color: #333333; font-family: NhacCuaTui, sans-serif;\">Anh phải đi về nh&agrave; sớm v&igrave; ở nh&agrave; c&oacute; em đợi</span><br style=\"color: #333333; font-family: NhacCuaTui, sans-serif;\" /><span style=\"color: #333333; font-family: NhacCuaTui, sans-serif;\">V&igrave; anh kh&ocirc;ng phải người xấu, kh&ocirc;ng muốn giấu em chuyện g&igrave;</span><br style=\"color: #333333; font-family: NhacCuaTui, sans-serif;\" /><span style=\"color: #333333; font-family: NhacCuaTui, sans-serif;\">Th&agrave; l&agrave;m cho con kh&aacute;c kh&oacute;c, chứ kh&ocirc;ng để em ướt mi</span><br style=\"color: #333333; font-family: NhacCuaTui, sans-serif;\" /><span style=\"color: #333333; font-family: NhacCuaTui, sans-serif;\">Muốn l&agrave;m thằng đ&agrave;n &ocirc;ng tốt thật l&agrave; kh&oacute; đ&acirc;u c&oacute; dễ đ&acirc;u</span><br style=\"color: #333333; font-family: NhacCuaTui, sans-serif;\" /><span style=\"color: #333333; font-family: NhacCuaTui, sans-serif;\">M&agrave;y l&agrave;m cho n&oacute; d&iacute;nh bầu bắt đi ph&aacute;, đ&acirc;u *** để l&acirc;u</span><br style=\"color: #333333; font-family: NhacCuaTui, sans-serif;\" /><span style=\"color: #333333; font-family: NhacCuaTui, sans-serif;\">L&agrave; một thằng nam nhi đại trượng phu v&agrave; hảo h&aacute;n</span><br style=\"color: #333333; font-family: NhacCuaTui, sans-serif;\" /><span style=\"color: #333333; font-family: NhacCuaTui, sans-serif;\">M&agrave;y *** con người ta được 2 3 năm xong bảo ch&aacute;n</span><br style=\"color: #333333; font-family: NhacCuaTui, sans-serif;\" /><span style=\"color: #333333; font-family: NhacCuaTui, sans-serif;\">H&igrave;nh nền điện thoại anh lu&ocirc;n để em</span><br style=\"color: #333333; font-family: NhacCuaTui, sans-serif;\" /><span style=\"color: #333333; font-family: NhacCuaTui, sans-serif;\">Tr&aacute;i tim chật chỗ v&igrave; anh để em</span><br style=\"color: #333333; font-family: NhacCuaTui, sans-serif;\" /><span style=\"color: #333333; font-family: NhacCuaTui, sans-serif;\">Chỉ cần h&agrave;nh động anh kh&ocirc;ng kể th&ecirc;m</span><br style=\"color: #333333; font-family: NhacCuaTui, sans-serif;\" /><span style=\"color: #333333; font-family: NhacCuaTui, sans-serif;\">Muốn c&oacute; em b&eacute; th&igrave; cứ để đ&ecirc;m...</span></p>', 6, 6, '2020-08-12 00:48:00', '2020-08-12 00:49:57', '[{\"download_link\":\"songs\\\\August2020\\\\jD7KgfotJIxCVrG6uq38.mp3\",\"original_name\":\"EmmEEmToi-DatGDuUyen-5494094.mp3\"}]'),
(31, 'Vô Ra Ra Vô', 35, '<div class=\"ujudUb\" style=\"margin-bottom: 12px; line-height: 1.58; color: #222222; font-family: arial, sans-serif;\">B&agrave;i h&aacute;t: V&ocirc; Ra Ra V&ocirc;<br />Ca sĩ: Kay Trần, Koo</div>\r\n<div class=\"ujudUb\" style=\"margin-bottom: 12px; line-height: 1.58; color: #222222; font-family: arial, sans-serif;\">Em ơi em ơi con tim anh đ&acirc;u<br />Cho em đi ra đi v&ocirc;<br />Đi v&ocirc; đi ra l&acirc;u l&acirc;u em l&ecirc;n cơn<br />Em đi ra xa<br />Em ơi em ơi con tim anh đ&acirc;u<br />Cho em đi v&ocirc; đi ra<br />Chơi xong chơi vơi<br />Giờ muốn về nh&agrave;<br />Th&aacute;ng được mấy ng&agrave;y<br />Đến được mấy khi<br />Đ&ecirc;m từng đ&ecirc;m nằm nghe<br />Ph&uacute;t gi&acirc;y em thầm th&igrave;<br />N&oacute;i y&ecirc;u người n&agrave;y<br />Nhớ thương người kia<br />&Ocirc;i th&ocirc;i xin ch&agrave;o em<br />Tr&aacute;nh xa anh đi m&agrave;<br />Em ơi em ơi con tim anh đ&acirc;u<br />Cho em đi ra đi v&ocirc;<br />Đi v&ocirc; đi ra l&acirc;u l&acirc;u em l&ecirc;n cơn<br />Em đi ra xa<br />Em ơi em ơi con tim anh đ&acirc;u<br />Cho em đi v&ocirc; đi ra<br />V&ocirc; ra ra v&ocirc;</div>\r\n<div class=\"ujudUb WRZytc OULBYb\" style=\"margin-bottom: 0px; line-height: 1.58; color: #222222; font-family: arial, sans-serif;\">Con tim anh<br />Đi v&ocirc; đi ra &aacute; &agrave; &aacute; a<br />Đi ra đi v&ocirc; ố &ocirc; &ocirc; ồ<br />Đi v&ocirc; đi ra &aacute; &agrave; &aacute; a<br />Đi ra đi v&ocirc; ố &ocirc; &ocirc; ồ<br />Tim anh đ&acirc;u phải l&agrave; nơi<br />Để em đi ra đi v&ocirc;<br />Khi đang b&ecirc;n em<br />Anh đ&acirc;u c&oacute; y&ecirc;u th&ecirc;m ai<br />Hay hai ba c&ocirc;<br />Tim anh đ&acirc;u phải l&agrave; nơi<br />Để em đi ra đi v&ocirc;<br />Khi đang b&ecirc;n em<br />Anh đ&acirc;u c&oacute; y&ecirc;u th&ecirc;m&hellip;</div>', 6, 6, '2020-08-12 00:49:43', '2020-08-12 00:49:43', '[{\"download_link\":\"songs\\\\August2020\\\\gxrEDJG7xyties7ophDz.mp3\",\"original_name\":\"Vo-Ra-Ra-Vo-Kay-Tran-Koo.mp3\"}]'),
(32, 'Roses', 47, '<div class=\"bbVIQb\" style=\"color: #222222; font-family: arial, sans-serif;\">\r\n<div class=\"ujudUb\" style=\"margin-bottom: 12px; line-height: 1.58;\">Roses, I walked in the corner with the body screaming dolo<br />Never sold a bag but look like Pablo in a photo<br />This gon\' make \'em feel the way like Tony killed Manolo<br />You already know though, you already know though<br />I walk in the corner with the money, on my finger<br />She might get it popping, I might wife her for the winter<br />I already know, already know, nigga roses<br />All I need is roses</div>\r\n<div class=\"ujudUb\" style=\"margin-bottom: 12px; line-height: 1.58;\">Turn up baby, turn up, when I turn it on<br />You know how I get too lit when I turn it on<br />Can\'t handle my behavior when I turn it on<br />Too fast, never ask, if the life don\'t last<br />Done been through it all<br />Fuck with a nigga raw, this who you wanna be<br />And I know you won\'t tell nobody nothing<br />And I know you won\'t tell nobody no</div>\r\n</div>\r\n<div class=\"bbVIQb\" style=\"color: #222222; font-family: arial, sans-serif;\">\r\n<div class=\"ujudUb u7wWjf\" style=\"margin-bottom: 12px; line-height: 1.58;\" data-mh=\"-1\">Roses<br />I might pull up flexing on these niggas like aerobics<br />I might tell your girl you cute but balling<br />That shit gorgeous<br />Standing on the table, Ros&eacute;, Ros&eacute;, fuck the waters<br />You know who the god is</div>\r\n<div class=\"ujudUb xpdxpnd\" style=\"overflow: hidden; transition: max-height 0.3s ease 0s; max-height: 240px; margin-bottom: 12px; line-height: 1.58;\" data-mh=\"240\" data-mhc=\"1\">Turn up baby, turn up, when I turn it on<br />You know how I get too lit when I turn it on<br />Can\'t handle my behavior when I turn it on<br />Too fast, never ask, the life don\'t last<br />Done been through it all<br />Fuck with a nigga raw<br />Show you what I mean<br />I might bring them Brooklyn niggas out, oh lord it\'s overs<br />I might bring them strippers out and tell \'em do it pole-less<br />You already know, already know, nigga roses<br />Kill \'em, make it</div>\r\n<div class=\"ujudUb xpdxpnd\" style=\"overflow: hidden; transition: max-height 0.3s ease 0s; max-height: 175px; margin-bottom: 12px; line-height: 1.58;\" data-mh=\"175\" data-mhc=\"1\">Turn up baby, turn up, when I turn it on<br />You know how I get too lit when I turn it on<br />Can\'t handle my behavior when I turn it on<br />Too fast, never ask, if the life don\'t last<br />Done been through it all<br />Fuck with a nigga raw, this who you wanna be<br />And I know you won\'t tell nobody nothing<br />And I know you won\'t tell nobody no</div>\r\n<div class=\"ujudUb WRZytc xpdxpnd\" style=\"overflow: hidden; transition: max-height 0.3s ease 0s; max-height: 44px; margin-bottom: 0px; line-height: 1.58;\" data-mh=\"44\" data-mhc=\"1\">Roses<br />Roses</div>\r\n</div>', 8, 7, '2020-08-12 00:53:22', '2020-08-12 00:53:22', '[{\"download_link\":\"songs\\\\August2020\\\\YSguUr8VdFlcPbpb4LQ0.mp3\",\"original_name\":\"Roses-SAINt-JHN-Imanbek.mp3\"}]'),
(33, 'Savage', 48, '<div class=\"bbVIQb\" style=\"color: #222222; font-family: arial, sans-serif;\">\r\n<div class=\"ujudUb\" style=\"margin-bottom: 12px; line-height: 1.58;\">I\'m that bitch (yeah)<br />Been that bitch, still that bitch (ah)<br />Will forever be that bitch (forever be that bitch)<br />Yeah (ay, ha)</div>\r\n<div class=\"ujudUb\" style=\"margin-bottom: 12px; line-height: 1.58;\">I\'m the hood Mona Lisa, break a nigga into pieces<br />Had to X some cheesy niggas out my circle like a pizza (yeah)<br />I\'m way too exclusive, I don\'t shop on Insta\' boutiques<br />All them lil\' ass clothes only fit fake booties<br />Bad bitch, still talking cash shit<br />Pussy like water, I\'m unbothered and relaxing<br />I would never trip on a nigga if I had him<br />Bitch, that\'s my trash, you the maid, so you bagged him, ah</div>\r\n</div>\r\n<div class=\"bbVIQb\" style=\"color: #222222; font-family: arial, sans-serif;\">\r\n<div class=\"ujudUb u7wWjf\" style=\"margin-bottom: 12px; line-height: 1.58;\" data-mh=\"-1\">I\'m a savage (yeah)<br />Classy, bougie, ratchet (yeah)<br />Sassy, moody, nasty (hey, hey, yeah)<br />Acting stupid, what\'s happening? Bitch (whoa, whoa)<br />What\'s happening? Bitch (whoa, whoa)<br />I\'m a savage, yeah<br />Classy, bougie, ratchet, yeah<br />Sassy, moody, nasty, huh<br />Acting stupid, what\'s happening? Bitch<br />What\'s happening? (Ay, ah)</div>\r\n<div class=\"ujudUb xpdxpnd\" style=\"overflow: hidden; transition: max-height 0.3s ease 0s; max-height: 196px; margin-bottom: 12px; line-height: 1.58;\" data-mh=\"196\" data-mhc=\"1\">Eat me and record it, but your edge-up all I\'m showing (ah)<br />I keep my niggas private, so his AP all I\'m showing (baow)<br />Beefing with you bitches really getting kinda boring<br />If it ain\'t about the money, then you know I\'m gon\' ignore it<br />I\'m the shit, ooh (ay)<br />I need a mop to clean the floor, it\'s too much drip, ooh (too much drip, ooh)<br />I keep a knot, I keep a watch, I keep a whip, ooh (I keep a whip, baow)<br />Let\'s play a game, Simon says I\'m still that bitch, ay (still that bitch)<br />I\'m still that bitch, yeah (ah)</div>\r\n<div class=\"ujudUb xpdxpnd\" style=\"overflow: hidden; transition: max-height 0.3s ease 0s; max-height: 218px; margin-bottom: 12px; line-height: 1.58;\" data-mh=\"218\" data-mhc=\"1\">I\'m a savage (yeah)<br />Classy, bougie, ratchet (yeah)<br />Sassy, moody, nasty (yeah)<br />Acting stupid, what\'s happening? Bitch (what\'s up?)<br />What\'s happening? Bitch (what\'s up?)<br />I\'m a savage, yeah<br />Classy, bougie, ratchet, yeah<br />Sassy, moody, nasty, huh<br />Acting stupid, what\'s happening? Bitch<br />What\'s happening?</div>\r\n<div class=\"ujudUb xpdxpnd\" style=\"overflow: hidden; transition: max-height 0.3s ease 0s; max-height: 196px; margin-bottom: 12px; line-height: 1.58;\" data-mh=\"196\" data-mhc=\"1\">Bitch, I\'m lit like a match, ooh<br />And any nigga I let hit is still attached, ooh<br />That body right, but you know this pussy fat, ooh<br />I drop a picture, now these bitches feel attacked, ay<br />Don\'t let that nigga gas you up and get you whacked, ooh<br />I make a call and get a pussy nigga smacked, uh<br />These bitches talkin\' \'bout pulling up, well, where you at? Ooh<br />I\'m in a Lam\', bitch, catch me if you can, ooh<br />I\'m kickin\' bitches out they spot, Stalli\' Chan, yeah (ah, yeah)</div>\r\n<div class=\"ujudUb WRZytc xpdxpnd\" style=\"overflow: hidden; transition: max-height 0.3s ease 0s; max-height: 65px; margin-bottom: 0px; line-height: 1.58;\" data-mh=\"65\" data-mhc=\"1\">Niggas say I taste like sugar, but ain\'t shit sweet, ah<br />Mwah<br />Ay, ay, ooh, ooh, ooh, ooh, mwah</div>\r\n</div>', 8, 7, '2020-09-01 00:56:00', '2020-09-01 16:07:15', '[{\"download_link\":\"songs\\\\August2020\\\\k5LP2zknIFTDgxO0XKvp.mp3\",\"original_name\":\"Savage-Remix-Megan-Thee-Stallion-Beyonce.mp3\"}]'),
(34, 'Let\'s Fall In Love', 49, '<div class=\"ujudUb\" style=\"margin-bottom: 12px; color: #222222; font-family: arial, sans-serif;\">Let\'s fall in love for the night<br />And forget in the mornin\'<br />Play me a song that you like<br />You can bet I\'ll know every line<br />I\'m the boy that your boy hoped that you would avoid<br />Don\'t waste your eyes on jealous guys, fuck that noise<br />I know better than to call you mine</div>\r\n<div class=\"ujudUb\" style=\"margin-bottom: 12px; color: #222222; font-family: arial, sans-serif;\">You need a pick-me-up?<br />I\'ll be there in twenty-five<br />I like to push my luck<br />So take my hand, let\'s take a drive<br />I\'ve been livin\' in the future<br />Hopin\' I might see you sooner<br />I want you ridin\' shotgun<br />I knew when I got one right</div>\r\n<div class=\"ujudUb\" style=\"margin-bottom: 12px; color: #222222; font-family: arial, sans-serif;\">Let\'s fall in love for the night<br />And forget in the mornin\'<br />Play me a song that you like<br />You can bet I\'ll know every line<br />I\'m the boy that your boy hoped that you would avoid<br />Don\'t waste your eyes on jealous guys, fuck that noise<br />I know better than to call you mine</div>\r\n<div class=\"ujudUb\" style=\"margin-bottom: 12px; color: #222222; font-family: arial, sans-serif;\">I love it when you talk that nerdy shit<br />We\'re in our twenties talking thirties shit<br />We\'re making money but we\'re saving it<br />\'Cause talking shit is cheap and we talk a lot of it<br />You won\'t stay with me, I know<br />But you can have your way with me \'til you go<br />And if all your kisses turn into bruises, I\'m a warnin\'</div>\r\n<div class=\"ujudUb WRZytc\" style=\"margin-bottom: 0px; color: #222222; font-family: arial, sans-serif;\">Let\'s fall in love for the night<br />And forget in the mornin\'<br />Play me a song that you like<br />You can bet I\'ll know every line<br />\'Cause I\'m the boy that your boy hoped that you would avoid<br />Don\'t waste your eyes on jealous guys, fuck that noise<br />I know better<br />I know better<br />I know better than to ever call you mineff</div>', 8, 7, '2020-03-18 00:58:00', '2020-09-01 16:05:49', '[{\"download_link\":\"songs\\\\August2020\\\\fW55v0bKYti4Cki1yLVr.mp3\",\"original_name\":\"Let-s-Fall-In-Love-For-The-Night-Finneas.mp3\"}]'),
(35, 'Without Me', 50, '<div class=\"ujudUb\" style=\"margin-bottom: 12px; color: #222222; font-family: arial, sans-serif;\">Found you when your heart was broke<br />I filled your cup until it overflowed<br />Took it so far to keep you close (keep you close)<br />I was afraid to leave you on your own</div>\r\n<div class=\"ujudUb\" style=\"margin-bottom: 12px; color: #222222; font-family: arial, sans-serif;\">I said I\'d catch you if you fall<br />And if they laugh, then fuck \'em all (all)<br />And then I got you off your knees<br />Put you right back on your feet<br />Just so you could take advantage of me</div>\r\n<div class=\"ujudUb\" style=\"margin-bottom: 12px; color: #222222; font-family: arial, sans-serif;\">Tell me how\'s it feel sittin\' up there<br />Feeling so high but too far away to hold me<br />You know I\'m the one who put you up there<br />Name in the sky<br />Does it ever get lonely?<br />Thinking you could live without me<br />Thinking you could live without me<br />Baby, I\'m the one who put you up there<br />I don\'t know why (yeah, I don\'t know why)<br />Thinking you could live without me<br />Live without me<br />Baby, I\'m the one who put you up there<br />I don\'t know why (I don\'t know why, yeah yeah)</div>\r\n<div class=\"ujudUb\" style=\"margin-bottom: 12px; color: #222222; font-family: arial, sans-serif;\">Gave love \'bout a hundred tries (hundred tries)<br />Just running from the demons in your mind<br />Then I took yours and made \'em mine (made \'em mine)<br />I didn\'t notice \'cause my love was blind</div>\r\n<div class=\"ujudUb\" style=\"margin-bottom: 12px; color: #222222; font-family: arial, sans-serif;\">Said I\'d catch you if you fall (fall)<br />And if they laugh, then fuck \'em all (all)<br />And then I got you off your knees<br />Put you right back on your feet<br />Just so you can take advantage of me</div>\r\n<div class=\"ujudUb\" style=\"margin-bottom: 12px; color: #222222; font-family: arial, sans-serif;\">Tell me how\'s it feel sittin\' up there<br />Feeling so high but too far away to hold me<br />You know I\'m the one who put you up there<br />Name in the sky<br />Does it ever get lonely?<br />Thinking you could live without me<br />Thinking you could live without me<br />Baby, I\'m the one who put you up there<br />I don\'t know why (yeah, I don\'t know why)<br />Thinking you could live without me<br />Live without me<br />Baby, I\'m the one who put you up there<br />I don\'t know why, yeah</div>\r\n<div class=\"ujudUb\" style=\"margin-bottom: 12px; color: #222222; font-family: arial, sans-serif;\">You don\'t have to say just what you did<br />I already know (I know)<br />I had to go and find out from them<br />So tell me how\'s it feel (oh-woah)</div>\r\n<div class=\"ujudUb WRZytc\" style=\"margin-bottom: 0px; color: #222222; font-family: arial, sans-serif;\">Tell me how\'s it feel sittin\' up there<br />Feeling so high but too far away to hold me<br />You know I\'m the one who put you up there<br />Name in the sky<br />Does it ever get lonely?<br />Thinking you could live without me<br />Thinking you could live without me<br />Baby, I\'m the one who put you up there<br />I don\'t know why (yeah, I don\'t know why)</div>', 8, 7, '2020-07-15 01:00:00', '2020-09-01 16:06:19', '[{\"download_link\":\"songs\\\\August2020\\\\TMQrDwiCQn0rCyUSo1sd.mp3\",\"original_name\":\"Without-Me-Jam-Jr-Gavin-Magnus.mp3\"}]'),
(36, 'Mean It', 51, '<div class=\"ujudUb\" style=\"margin-bottom: 12px; color: #222222; font-family: arial, sans-serif;\">Small talk, no conversation<br />That look makes me impatient<br />I can\'t tell what you\'re thinkin\'<br />Please tell me what you\'re thinkin\'<br />Last night we were more than fine<br />Just tell me if you changed your mind<br />If you changed your mind (mind)</div>\r\n<div class=\"ujudUb\" style=\"margin-bottom: 12px; color: #222222; font-family: arial, sans-serif;\">\'Cause I\'m all, I\'m all in<br />I\'m callin\', no answer<br />But you text me when you feel like<br />When it feels right to you<br />But I\'m all, I\'m all in<br />I\'m fallin\' faster<br />But if you\'re looking at me with a<br />Heart of doubt</div>\r\n<div class=\"ujudUb\" style=\"margin-bottom: 12px; color: #222222; font-family: arial, sans-serif;\">Don\'t kiss me right now<br />Don\'t tell me that you need me<br />Don\'t show up at my house<br />All caught up in your feelings<br />Don\'t run me round and round<br />Don\'t build me up just to let me<br />Down, just to let me<br />Down, down, down (eh)<br />Don\'t mess with my head<br />Don\'t tell me you\'re falling<br />With your feet still on the ledge<br />I\'m all out of breath, baby<br />Don\'t run me round and round<br />Don\'t kiss me, no, don\'t kiss me<br />Right now, on your lips just leave it<br />If you don\'t mean it</div>\r\n<div class=\"ujudUb\" style=\"margin-bottom: 12px; color: #222222; font-family: arial, sans-serif;\">Ah, yeah<br />You know you got me in the palm of your hand<br />But I love those hands<br />Ah, yeah<br />But you only let me hold you when he can\'t<br />Yeah, I don\'t understand</div>\r\n<div class=\"ujudUb\" style=\"margin-bottom: 12px; color: #222222; font-family: arial, sans-serif;\">\'Cause I\'m all, I\'m all in<br />I\'m callin\', no answer<br />But you text me when you feel like<br />When it feels right to you<br />But I\'m all, I\'m all in<br />I\'m fallin\' faster<br />But if you\'re looking at me with a<br />Heart of doubt</div>\r\n<div class=\"ujudUb\" style=\"margin-bottom: 12px; color: #222222; font-family: arial, sans-serif;\">Don\'t kiss me right now<br />Don\'t tell me that you need me<br />Don\'t show up at my house<br />All caught up in your feelings<br />Don\'t run me round and round<br />Don\'t build me up just to let me<br />Down, just to let me<br />Down, down, down (eh)<br />Don\'t mess with my head<br />Don\'t tell me you\'re falling<br />With your feet still on the ledge<br />I\'m all out of breath, baby<br />Don\'t run me round and round<br />Don\'t kiss me, no, don\'t kiss me<br />Right now, on your lips just leave it<br />If you don\'t mean it</div>\r\n<div class=\"ujudUb\" style=\"margin-bottom: 12px; color: #222222; font-family: arial, sans-serif;\">\"Hurry home, let\'s never leave the house\"<br />(But you don\'t mean it)<br />\"Let\'s stay in bed while all our friends go out\"<br />(But you don\'t mean it)<br />Why you let those words come out your mouth?<br />(If you don\'t mean it)<br />You\'ve been staring at me with a heart of doubt<br />(Ah-ah)</div>\r\n<div class=\"ujudUb WRZytc\" style=\"margin-bottom: 0px; color: #222222; font-family: arial, sans-serif;\">Don\'t kiss me right now<br />Don\'t tell me that you need me<br />Don\'t show up at my house<br />All caught up in your feelings<br />Don\'t run me round and round<br />Don\'t build me up just to let me<br />Down, just to let me<br />Down, down, down (eh)<br />Don\'t mess with my head<br />Don\'t tell me you\'re falling<br />With your feet still on the ledge<br />I\'m all out of breath, baby<br />Don\'t run me round and round<br />Don\'t kiss me, no, don\'t kiss me<br />Right now, on your lips just leave it<br />If you don\'t mean itLa</div>', 8, 7, '2020-06-09 01:07:00', '2020-09-01 16:06:30', '[{\"download_link\":\"songs\\\\August2020\\\\dQKJPKdt1OK4d9IkYuWA.mp3\",\"original_name\":\"Mean-It-Lauv.mp3\"}]'),
(37, 'Nỗi Buồn Mẹ Tôi', 36, NULL, 9, 6, '2020-07-17 01:08:00', '2020-08-30 17:59:46', '[{\"download_link\":\"songs\\\\August2020\\\\VpmcYTopCkcOYCPgeV72.mp3\",\"original_name\":\"Noi-Buon-Me-Toi-Nhac-Khong-Loi.mp3\"}]'),
(38, 'Quê Tôi', 36, NULL, 9, 6, '2020-04-22 01:11:00', '2020-09-01 16:06:00', '[{\"download_link\":\"songs\\\\August2020\\\\xRiEoRX9OSpjOqZBzYee.mp3\",\"original_name\":\"Que-Toi-Nhac-Khong-Loi.mp3\"}]'),
(39, 'Con Kênh Ta Đào', 37, NULL, 9, 6, '2020-08-12 01:19:20', '2020-08-12 01:19:20', '[{\"download_link\":\"songs\\\\August2020\\\\mVzakboUMbFQD6cjr7cC.mp3\",\"original_name\":\"Con-Kenh-Ta-Dao-Nhac-Khong-Loi.mp3\"}]'),
(40, 'Đợi Chờ Mình Ên', 36, NULL, 9, 6, '2020-08-12 01:20:28', '2020-08-12 01:20:28', '[{\"download_link\":\"songs\\\\August2020\\\\fvhmjtbmnFy7BX9IcvkX.mp3\",\"original_name\":\"Doi-Cho-Minh-En-Nhac-Khong-Loi.mp3\"}]'),
(41, 'Play', 52, '<div class=\"bbVIQb\" style=\"color: #222222; font-family: arial, sans-serif;\">\r\n<div class=\"ujudUb\" style=\"margin-bottom: 12px; line-height: 1.58;\">We used to hide under the covers<br />Serenade each other<br />With careless melodies<br />Something buried deep inside us<br />The major and the minor<br />We\'re like piano keys</div>\r\n<div class=\"ujudUb\" style=\"margin-bottom: 12px; line-height: 1.58;\">You played for me<br />You played for me, oh<br />You played for me</div>\r\n<div class=\"ujudUb\" style=\"margin-bottom: 12px; line-height: 1.58;\">I swear it, even in my sleep<br />I hear it like the memory<br />Of everything we used to be</div>\r\n<div class=\"ujudUb\" style=\"margin-bottom: 12px; line-height: 1.58;\">You played for me<br />You played for me<br />You played for me</div>\r\n<div class=\"ujudUb\" style=\"margin-bottom: 12px; line-height: 1.58;\">We couldn\'t stop the world from turning<br />It was like a whirlwind<br />Scattered us like leaves<br />But I\'m stuck inside a feeling<br />The song that never leaves<br />We were like a symphony</div>\r\n</div>\r\n<div class=\"bbVIQb\" style=\"color: #222222; font-family: arial, sans-serif;\">\r\n<div class=\"ujudUb u7wWjf\" style=\"margin-bottom: 12px; line-height: 1.58;\" data-mh=\"-1\">You played for me<br />You played for me, oh<br />You played for me</div>\r\n<div class=\"ujudUb xpdxpnd\" style=\"overflow: hidden; transition: max-height 0.3s ease 0s; max-height: 65px; margin-bottom: 12px; line-height: 1.58;\" data-mh=\"65\" data-mhc=\"1\">I swear it, even in my sleep<br />I hear it like the memory<br />Of everything we used to be</div>\r\n<div class=\"ujudUb xpdxpnd\" style=\"overflow: hidden; transition: max-height 0.3s ease 0s; max-height: 65px; margin-bottom: 12px; line-height: 1.58;\" data-mh=\"65\" data-mhc=\"1\">You played for me<br />You played for me<br />You played for me</div>\r\n<div class=\"ujudUb WRZytc xpdxpnd\" style=\"overflow: hidden; transition: max-height 0.3s ease 0s; max-height: 65px; margin-bottom: 0px; line-height: 1.58;\" data-mh=\"65\" data-mhc=\"1\">You played for me<br />You played for me<br />You played for me</div>\r\n</div>', 8, 7, '2020-02-11 01:22:00', '2020-09-01 16:06:43', '[{\"download_link\":\"songs\\\\August2020\\\\jbmLFVZzVqp0u8oXtZKD.mp3\",\"original_name\":\"Play-K-391-Alan-Walker-Martin-Tungev.mp3\"}]'),
(42, 'Trái Tim Anh Sai', 17, '<p><span style=\"color: #161616; font-family: Arial, sans-serif;\">1. Em đi sai đường rồi mang y&ecirc;u thương trong anh bồi hồi&nbsp;</span><br style=\"box-sizing: border-box; margin: 0px auto; padding: 0px; color: #161616; font-family: Arial, sans-serif; outline: 0px !important;\" /><span style=\"color: #161616; font-family: Arial, sans-serif;\">Sao con tim nghẹn lời vội v&agrave;ng anh chơi vơi&nbsp;</span><br style=\"box-sizing: border-box; margin: 0px auto; padding: 0px; color: #161616; font-family: Arial, sans-serif; outline: 0px !important;\" /><span style=\"color: #161616; font-family: Arial, sans-serif;\">Anh đang c&oacute; nguyện cầu ước g&igrave; m&igrave;nh c&oacute; ph&eacute;p m&agrave;u&nbsp;</span><br style=\"box-sizing: border-box; margin: 0px auto; padding: 0px; color: #161616; font-family: Arial, sans-serif; outline: 0px !important;\" /><span style=\"color: #161616; font-family: Arial, sans-serif;\">Đừng lại gần b&ecirc;n nhau&nbsp;</span><br style=\"box-sizing: border-box; margin: 0px auto; padding: 0px; color: #161616; font-family: Arial, sans-serif; outline: 0px !important;\" /><br style=\"box-sizing: border-box; margin: 0px auto; padding: 0px; color: #161616; font-family: Arial, sans-serif; outline: 0px !important;\" /><span style=\"color: #161616; font-family: Arial, sans-serif;\">Đ&ocirc;i ba c&acirc;u hẹn thề em cho qu&ecirc;n lu&ocirc;n đường về&nbsp;</span><br style=\"box-sizing: border-box; margin: 0px auto; padding: 0px; color: #161616; font-family: Arial, sans-serif; outline: 0px !important;\" /><span style=\"color: #161616; font-family: Arial, sans-serif;\">T&acirc;m tr&iacute; anh nặng nề ngọt ng&agrave;o sao ng&aacute;n thế&nbsp;</span><br style=\"box-sizing: border-box; margin: 0px auto; padding: 0px; color: #161616; font-family: Arial, sans-serif; outline: 0px !important;\" /><span style=\"color: #161616; font-family: Arial, sans-serif;\">Đừng trước với hiện tại em chia tay anh kh&ocirc;ng ngần ngại&nbsp;</span><br style=\"box-sizing: border-box; margin: 0px auto; padding: 0px; color: #161616; font-family: Arial, sans-serif; outline: 0px !important;\" /><span style=\"color: #161616; font-family: Arial, sans-serif;\">Ừ ... tại v&igrave; anh sai</span><br style=\"box-sizing: border-box; margin: 0px auto; padding: 0px; color: #161616; font-family: Arial, sans-serif; outline: 0px !important;\" /><br style=\"box-sizing: border-box; margin: 0px auto; padding: 0px; color: #161616; font-family: Arial, sans-serif; outline: 0px !important;\" /><span style=\"color: #161616; font-family: Arial, sans-serif;\">ĐK: Tr&aacute;i tim anh sẽ nhớ khi tin em nhiều lần&nbsp;</span><br style=\"box-sizing: border-box; margin: 0px auto; padding: 0px; color: #161616; font-family: Arial, sans-serif; outline: 0px !important;\" /><span style=\"color: #161616; font-family: Arial, sans-serif;\">Tr&aacute;i tim anh sẽ tr&oacute;t y&ecirc;u em hơn ng&agrave;n lần&nbsp;</span><br style=\"box-sizing: border-box; margin: 0px auto; padding: 0px; color: #161616; font-family: Arial, sans-serif; outline: 0px !important;\" /><span style=\"color: #161616; font-family: Arial, sans-serif;\">Dối gian kh&ocirc;ng thể n&iacute;u khi nước mắt đoạ đầy&nbsp;</span><br style=\"box-sizing: border-box; margin: 0px auto; padding: 0px; color: #161616; font-family: Arial, sans-serif; outline: 0px !important;\" /><span style=\"color: #161616; font-family: Arial, sans-serif;\">V&agrave; anh tr&aacute;ch m&igrave;nh đ&atilde; qu&aacute; sai</span><br style=\"box-sizing: border-box; margin: 0px auto; padding: 0px; color: #161616; font-family: Arial, sans-serif; outline: 0px !important;\" /><br style=\"box-sizing: border-box; margin: 0px auto; padding: 0px; color: #161616; font-family: Arial, sans-serif; outline: 0px !important;\" /><span style=\"color: #161616; font-family: Arial, sans-serif;\">2. Vẫn như b&ocirc;ng hoa tu&ocirc;n sắc hương em nhạt nho&agrave;&nbsp;</span><br style=\"box-sizing: border-box; margin: 0px auto; padding: 0px; color: #161616; font-family: Arial, sans-serif; outline: 0px !important;\" /><span style=\"color: #161616; font-family: Arial, sans-serif;\">Tiếc cho em t&ocirc;i mang tr&aacute;i tim em vỡ o&agrave;&nbsp;</span><br style=\"box-sizing: border-box; margin: 0px auto; padding: 0px; color: #161616; font-family: Arial, sans-serif; outline: 0px !important;\" /><span style=\"color: #161616; font-family: Arial, sans-serif;\">Chẳng muốn nghe em nghe những c&acirc;u kh&ocirc;ng thật th&agrave;</span><br style=\"box-sizing: border-box; margin: 0px auto; padding: 0px; color: #161616; font-family: Arial, sans-serif; outline: 0px !important;\" /><span style=\"color: #161616; font-family: Arial, sans-serif;\">V&igrave; y&ecirc;u em anh lu&ocirc;n tr&aacute;ch m&igrave;nh sai m&agrave;&nbsp;</span><br style=\"box-sizing: border-box; margin: 0px auto; padding: 0px; color: #161616; font-family: Arial, sans-serif; outline: 0px !important;\" /><br style=\"box-sizing: border-box; margin: 0px auto; padding: 0px; color: #161616; font-family: Arial, sans-serif; outline: 0px !important;\" /><span style=\"color: #161616; font-family: Arial, sans-serif;\">Nhớ mong với hy vọng, sống sao c&oacute; quan trọng&nbsp;</span><br style=\"box-sizing: border-box; margin: 0px auto; padding: 0px; color: #161616; font-family: Arial, sans-serif; outline: 0px !important;\" /><span style=\"color: #161616; font-family: Arial, sans-serif;\">Đắng cay với thay l&ograve;ng l&agrave; em đấy, Anh cũng chỉ l&agrave; một người</span><br style=\"box-sizing: border-box; margin: 0px auto; padding: 0px; color: #161616; font-family: Arial, sans-serif; outline: 0px !important;\" /><span style=\"color: #161616; font-family: Arial, sans-serif;\">Mang đến cho em nụ cười, thật tươi&nbsp;</span><br style=\"box-sizing: border-box; margin: 0px auto; padding: 0px; color: #161616; font-family: Arial, sans-serif; outline: 0px !important;\" /><br style=\"box-sizing: border-box; margin: 0px auto; padding: 0px; color: #161616; font-family: Arial, sans-serif; outline: 0px !important;\" /><span style=\"color: #161616; font-family: Arial, sans-serif;\">Đ&ocirc;i ba c&acirc;u hẹn thề em cho qu&ecirc;n lu&ocirc;n đường về&nbsp;</span><br style=\"box-sizing: border-box; margin: 0px auto; padding: 0px; color: #161616; font-family: Arial, sans-serif; outline: 0px !important;\" /><span style=\"color: #161616; font-family: Arial, sans-serif;\">T&acirc;m tr&iacute; anh nặng nề ngọt ng&agrave;o sao ng&aacute;n thế&nbsp;</span><br style=\"box-sizing: border-box; margin: 0px auto; padding: 0px; color: #161616; font-family: Arial, sans-serif; outline: 0px !important;\" /><span style=\"color: #161616; font-family: Arial, sans-serif;\">Đừng trước với hiện tại em chia tay anh kh&ocirc;ng ngần ngại&nbsp;</span><br style=\"box-sizing: border-box; margin: 0px auto; padding: 0px; color: #161616; font-family: Arial, sans-serif; outline: 0px !important;\" /><span style=\"color: #161616; font-family: Arial, sans-serif;\">Ừ ... tại v&igrave; anh sai</span><br style=\"box-sizing: border-box; margin: 0px auto; padding: 0px; color: #161616; font-family: Arial, sans-serif; outline: 0px !important;\" /><br style=\"box-sizing: border-box; margin: 0px auto; padding: 0px; color: #161616; font-family: Arial, sans-serif; outline: 0px !important;\" /><span style=\"color: #161616; font-family: Arial, sans-serif;\">ĐK: Tr&aacute;i tim anh sẽ nhớ khi tin em nhiều lần&nbsp;</span><br style=\"box-sizing: border-box; margin: 0px auto; padding: 0px; color: #161616; font-family: Arial, sans-serif; outline: 0px !important;\" /><span style=\"color: #161616; font-family: Arial, sans-serif;\">Tr&aacute;i tim anh sẽ tr&oacute;t y&ecirc;u em hơn ng&agrave;n lần&nbsp;</span><br style=\"box-sizing: border-box; margin: 0px auto; padding: 0px; color: #161616; font-family: Arial, sans-serif; outline: 0px !important;\" /><span style=\"color: #161616; font-family: Arial, sans-serif;\">Dối gian kh&ocirc;ng thể n&iacute;u khi nước mắt đoạ đầy&nbsp;</span><br style=\"box-sizing: border-box; margin: 0px auto; padding: 0px; color: #161616; font-family: Arial, sans-serif; outline: 0px !important;\" /><span style=\"color: #161616; font-family: Arial, sans-serif;\">V&agrave; anh tr&aacute;ch m&igrave;nh đ&atilde; qu&aacute; sai</span><br style=\"box-sizing: border-box; margin: 0px auto; padding: 0px; color: #161616; font-family: Arial, sans-serif; outline: 0px !important;\" /><br style=\"box-sizing: border-box; margin: 0px auto; padding: 0px; color: #161616; font-family: Arial, sans-serif; outline: 0px !important;\" /><span style=\"color: #161616; font-family: Arial, sans-serif;\">Vẫn như b&ocirc;ng hoa tu&ocirc;n sắc hương em nhạt nho&agrave;&nbsp;</span><br style=\"box-sizing: border-box; margin: 0px auto; padding: 0px; color: #161616; font-family: Arial, sans-serif; outline: 0px !important;\" /><span style=\"color: #161616; font-family: Arial, sans-serif;\">Tiếc cho em t&ocirc;i mang tr&aacute;i tim em vỡ o&agrave;&nbsp;</span><br style=\"box-sizing: border-box; margin: 0px auto; padding: 0px; color: #161616; font-family: Arial, sans-serif; outline: 0px !important;\" /><span style=\"color: #161616; font-family: Arial, sans-serif;\">Chẳng muốn nghe em nghe những c&acirc;u kh&ocirc;ng thật th&agrave;</span><br style=\"box-sizing: border-box; margin: 0px auto; padding: 0px; color: #161616; font-family: Arial, sans-serif; outline: 0px !important;\" /><span style=\"color: #161616; font-family: Arial, sans-serif;\">V&igrave; y&ecirc;u em anh lu&ocirc;n tr&aacute;ch m&igrave;nh sai m&agrave;&nbsp;</span></p>', 4, 6, '2020-05-13 01:25:00', '2020-09-01 16:06:10', '[{\"download_link\":\"songs\\\\August2020\\\\yrqwN8F5186hZZ85DUjZ.mp3\",\"original_name\":\"Trai-Tim-Anh-Sai-Remix-Nguyen-Dinh-Vu.mp3\"}]'),
(43, 'Nếu Em Hết Thương Rồi', 53, '<p style=\"margin: 0px 0px 16px; padding: 0px; border: 0px; font-variant-numeric: inherit; font-variant-east-asian: inherit; font-stretch: inherit; font-size: 16px; line-height: 1.625em; font-family: arial; color: rgba(0, 0, 0, 0.87); text-align: justify;\">Vậy l&agrave; em bu&ocirc;ng<br />Em bu&ocirc;ng đ&ocirc;i tay anh rồi<br />Nhiều lần anh giữ<br />Nhưng em vẫn cứ vậy th&ocirc;i<br />C&oacute; bao giờ tho&aacute;ng trong l&ograve;ng<br />Em đ&atilde; một lần<br />Thương anh thật l&ograve;ng hay chưa<br />Trả lời anh đi<br />Trong em người đang nghĩ g&igrave;<br />Giờ đ&acirc;y anh muốn<br />N&oacute;i hết một lời đ&uacute;ng sai<br />Nếu như m&agrave; em hết thương rồi<br />Bu&ocirc;ng đ&ocirc;i tay gạt nhẹ em ơi<br />Ta chẳng l&agrave; g&igrave; nữa</p>\r\n<p style=\"margin: 0px 0px 16px; padding: 0px; border: 0px; font-variant-numeric: inherit; font-variant-east-asian: inherit; font-stretch: inherit; font-size: 16px; line-height: 1.625em; font-family: arial; color: rgba(0, 0, 0, 0.87); text-align: justify;\">Em c&oacute; c&ograve;n thương anh kh&ocirc;ng<br />N&oacute;i đi em anh muốn nghe thật l&ograve;ng<br />C&acirc;u y&ecirc;u thương giờ đ&acirc;y trao ai<br />Phải chăng anh đ&atilde; l&agrave;m điều g&igrave; sai</p>\r\n<p style=\"margin: 0px 0px 16px; padding: 0px; border: 0px; font-variant-numeric: inherit; font-variant-east-asian: inherit; font-stretch: inherit; font-size: 16px; line-height: 1.625em; font-family: arial; color: rgba(0, 0, 0, 0.87); text-align: justify;\">Vậy l&agrave; em bu&ocirc;ng<br />Em bu&ocirc;ng đ&ocirc;i tay anh rồi<br />Nhiều lần anh giữ<br />Nhưng em vẫn cứ vậy th&ocirc;i<br />C&oacute; bao giờ tho&aacute;ng trong l&ograve;ng<br />Em đ&atilde; một lần<br />Thương anh thật l&ograve;ng hay chưa<br />Trả lời anh đi<br />Trong em người đang nghĩ g&igrave;<br />Giờ đ&acirc;y anh muốn<br />N&oacute;i hết một lời đ&uacute;ng sai<br />Nếu như m&agrave; em hết thương rồi<br />Bu&ocirc;ng đ&ocirc;i tay gạt nhẹ em ơi<br />Ta chẳng l&agrave; g&igrave; nữa</p>\r\n<p style=\"margin: 0px 0px 16px; padding: 0px; border: 0px; font-variant-numeric: inherit; font-variant-east-asian: inherit; font-stretch: inherit; font-size: 16px; line-height: 1.625em; font-family: arial; color: rgba(0, 0, 0, 0.87); text-align: justify;\">Vậy l&agrave; em bu&ocirc;ng<br />Em bu&ocirc;ng đ&ocirc;i tay anh rồi<br />Nhiều lần anh giữ<br />Nhưng em vẫn cứ vậy th&ocirc;i<br />C&oacute; bao giờ tho&aacute;ng trong l&ograve;ng<br />Em đ&atilde; một lần<br />Thương anh thật l&ograve;ng hay chưa<br />Trả lời anh đi<br />Trong em người đang nghĩ g&igrave;<br />Giờ đ&acirc;y anh muốn<br />N&oacute;i hết một lời đ&uacute;ng sai<br />Nếu như m&agrave; em hết thương rồi<br />Bu&ocirc;ng đ&ocirc;i tay gạt nhẹ em ơi<br />Ta chẳng l&agrave; g&igrave; nữa<br />Đ&atilde; phai mờ năm th&aacute;ng mong chờ<br />C&acirc;u y&ecirc;u thương giờ c&ograve;n trong mơ<br />Nh&acirc;n duy&ecirc;n ta lầm lỡ!</p>', 4, 6, '2020-01-14 01:29:00', '2020-09-01 16:06:55', '[{\"download_link\":\"songs\\\\August2020\\\\a095nKFE3XGKCucWyBAR.mp3\",\"original_name\":\"Neu-Em-Het-Thuong-Roi-Remix-Chau-Khai-Phong-ACV.mp3\"}]');

-- --------------------------------------------------------

--
-- Table structure for table `translations`
--

CREATE TABLE `translations` (
  `id` int(10) UNSIGNED NOT NULL,
  `table_name` varchar(255) COLLATE utf8mb4_unicode_ci NOT NULL,
  `column_name` varchar(255) COLLATE utf8mb4_unicode_ci NOT NULL,
  `foreign_key` int(10) UNSIGNED NOT NULL,
  `locale` varchar(255) COLLATE utf8mb4_unicode_ci NOT NULL,
  `value` text COLLATE utf8mb4_unicode_ci NOT NULL,
  `created_at` timestamp NULL DEFAULT NULL,
  `updated_at` timestamp NULL DEFAULT NULL
) ENGINE=InnoDB DEFAULT CHARSET=utf8mb4 COLLATE=utf8mb4_unicode_ci;

--
-- Dumping data for table `translations`
--

INSERT INTO `translations` (`id`, `table_name`, `column_name`, `foreign_key`, `locale`, `value`, `created_at`, `updated_at`) VALUES
(1, 'data_types', 'display_name_singular', 5, 'pt', 'Post', '2020-07-23 19:21:54', '2020-07-23 19:21:54'),
(2, 'data_types', 'display_name_singular', 6, 'pt', 'Página', '2020-07-23 19:21:54', '2020-07-23 19:21:54'),
(3, 'data_types', 'display_name_singular', 1, 'pt', 'Utilizador', '2020-07-23 19:21:54', '2020-07-23 19:21:54'),
(4, 'data_types', 'display_name_singular', 4, 'pt', 'Categoria', '2020-07-23 19:21:54', '2020-07-23 19:21:54'),
(5, 'data_types', 'display_name_singular', 2, 'pt', 'Menu', '2020-07-23 19:21:54', '2020-07-23 19:21:54'),
(6, 'data_types', 'display_name_singular', 3, 'pt', 'Função', '2020-07-23 19:21:54', '2020-07-23 19:21:54'),
(7, 'data_types', 'display_name_plural', 5, 'pt', 'Posts', '2020-07-23 19:21:54', '2020-07-23 19:21:54'),
(8, 'data_types', 'display_name_plural', 6, 'pt', 'Páginas', '2020-07-23 19:21:54', '2020-07-23 19:21:54'),
(9, 'data_types', 'display_name_plural', 1, 'pt', 'Utilizadores', '2020-07-23 19:21:54', '2020-07-23 19:21:54'),
(10, 'data_types', 'display_name_plural', 4, 'pt', 'Categorias', '2020-07-23 19:21:54', '2020-07-23 19:21:54'),
(11, 'data_types', 'display_name_plural', 2, 'pt', 'Menus', '2020-07-23 19:21:54', '2020-07-23 19:21:54'),
(12, 'data_types', 'display_name_plural', 3, 'pt', 'Funções', '2020-07-23 19:21:54', '2020-07-23 19:21:54'),
(13, 'categories', 'slug', 1, 'pt', 'categoria-1', '2020-07-23 19:21:54', '2020-07-23 19:21:54'),
(14, 'categories', 'name', 1, 'pt', 'Categoria 1', '2020-07-23 19:21:54', '2020-07-23 19:21:54'),
(15, 'categories', 'slug', 2, 'pt', 'categoria-2', '2020-07-23 19:21:54', '2020-07-23 19:21:54'),
(16, 'categories', 'name', 2, 'pt', 'Categoria 2', '2020-07-23 19:21:54', '2020-07-23 19:21:54'),
(17, 'pages', 'title', 1, 'pt', 'Olá Mundo', '2020-07-23 19:21:54', '2020-07-23 19:21:54'),
(18, 'pages', 'slug', 1, 'pt', 'ola-mundo', '2020-07-23 19:21:54', '2020-07-23 19:21:54'),
(19, 'pages', 'body', 1, 'pt', '<p>Olá Mundo. Scallywag grog swab Cat o\'nine tails scuttle rigging hardtack cable nipper Yellow Jack. Handsomely spirits knave lad killick landlubber or just lubber deadlights chantey pinnace crack Jennys tea cup. Provost long clothes black spot Yellow Jack bilged on her anchor league lateen sail case shot lee tackle.</p>\r\n<p>Ballast spirits fluke topmast me quarterdeck schooner landlubber or just lubber gabion belaying pin. Pinnace stern galleon starboard warp carouser to go on account dance the hempen jig jolly boat measured fer yer chains. Man-of-war fire in the hole nipperkin handsomely doubloon barkadeer Brethren of the Coast gibbet driver squiffy.</p>', '2020-07-23 19:21:54', '2020-07-23 19:21:54'),
(20, 'menu_items', 'title', 1, 'pt', 'Painel de Controle', '2020-07-23 19:21:54', '2020-07-23 19:21:54'),
(21, 'menu_items', 'title', 2, 'pt', 'Media', '2020-07-23 19:21:54', '2020-07-23 19:21:54'),
(22, 'menu_items', 'title', 12, 'pt', 'Publicações', '2020-07-23 19:21:54', '2020-07-23 19:21:54'),
(23, 'menu_items', 'title', 3, 'pt', 'Utilizadores', '2020-07-23 19:21:54', '2020-07-23 19:21:54'),
(24, 'menu_items', 'title', 11, 'pt', 'Categorias', '2020-07-23 19:21:54', '2020-07-23 19:21:54'),
(25, 'menu_items', 'title', 13, 'pt', 'Páginas', '2020-07-23 19:21:54', '2020-07-23 19:21:54'),
(26, 'menu_items', 'title', 4, 'pt', 'Funções', '2020-07-23 19:21:54', '2020-07-23 19:21:54'),
(27, 'menu_items', 'title', 5, 'pt', 'Ferramentas', '2020-07-23 19:21:54', '2020-07-23 19:21:54'),
(28, 'menu_items', 'title', 6, 'pt', 'Menus', '2020-07-23 19:21:54', '2020-07-23 19:21:54'),
(29, 'menu_items', 'title', 7, 'pt', 'Base de dados', '2020-07-23 19:21:54', '2020-07-23 19:21:54'),
(30, 'menu_items', 'title', 10, 'pt', 'Configurações', '2020-07-23 19:21:54', '2020-07-23 19:21:54');

-- --------------------------------------------------------

--
-- Table structure for table `users`
--

CREATE TABLE `users` (
  `id` bigint(20) UNSIGNED NOT NULL,
  `role_id` bigint(20) UNSIGNED DEFAULT NULL,
  `name` varchar(255) COLLATE utf8mb4_unicode_ci NOT NULL,
  `email` varchar(255) COLLATE utf8mb4_unicode_ci NOT NULL,
  `avatar` varchar(255) COLLATE utf8mb4_unicode_ci DEFAULT 'users/default.png',
  `email_verified_at` timestamp NULL DEFAULT NULL,
  `password` varchar(255) COLLATE utf8mb4_unicode_ci NOT NULL,
  `remember_token` varchar(100) COLLATE utf8mb4_unicode_ci DEFAULT NULL,
  `settings` text COLLATE utf8mb4_unicode_ci DEFAULT NULL,
  `created_at` timestamp NULL DEFAULT NULL,
  `updated_at` timestamp NULL DEFAULT NULL
) ENGINE=InnoDB DEFAULT CHARSET=utf8mb4 COLLATE=utf8mb4_unicode_ci;

--
-- Dumping data for table `users`
--

INSERT INTO `users` (`id`, `role_id`, `name`, `email`, `avatar`, `email_verified_at`, `password`, `remember_token`, `settings`, `created_at`, `updated_at`) VALUES
(1, 1, 'Admin', 'admin@admin.com', 'users\\July2020\\dlzPN6jh7JdtDoQFBbZH.jpg', NULL, '$2y$10$8BcMyeuKizJz529OGQefEuO9VFi8jMzlg2HkYsIuzMOiVXpjv5tx6', 'rjzSWhulwURB2WHTcy1dKRR5RwX0uuIWvQl96JX4YxbEddCbwihAgm6CPMVC', '{\"locale\":\"en\"}', '2020-07-23 19:21:54', '2020-07-23 20:43:30'),
(2, 2, 'Quang', 'quang@mail.com', 'users/default.png', NULL, '$2y$10$.z/BY/4AE1a6Eu57R2d87OjjXCrGTaBaEL2sSfOWl3/kCN8n.AD2a', 'jInn7OcoVaTFKw4ByLd1Ds3vP9Pddv3uBs834TCUyOhjsC8kL0GDYC0AJRMe', NULL, '2020-07-28 20:22:02', '2020-07-28 20:22:02');

-- --------------------------------------------------------

--
-- Table structure for table `user_roles`
--

CREATE TABLE `user_roles` (
  `user_id` bigint(20) UNSIGNED NOT NULL,
  `role_id` bigint(20) UNSIGNED NOT NULL
) ENGINE=InnoDB DEFAULT CHARSET=utf8mb4 COLLATE=utf8mb4_unicode_ci;

-- --------------------------------------------------------

--
-- Table structure for table `views`
--

CREATE TABLE `views` (
  `id` bigint(20) UNSIGNED NOT NULL,
  `user_id` bigint(20) UNSIGNED NOT NULL,
  `song_id` int(10) UNSIGNED NOT NULL,
  `created_at` timestamp NULL DEFAULT NULL,
  `updated_at` timestamp NULL DEFAULT NULL
) ENGINE=InnoDB DEFAULT CHARSET=utf8mb4 COLLATE=utf8mb4_unicode_ci;

--
-- Dumping data for table `views`
--

INSERT INTO `views` (`id`, `user_id`, `song_id`, `created_at`, `updated_at`) VALUES
(20, 1, 8, '2020-08-31 00:20:59', NULL),
(21, 1, 8, '2020-08-31 00:22:09', NULL),
(22, 1, 8, '2020-08-31 00:24:50', NULL),
(23, 1, 8, '2020-08-31 00:26:59', NULL),
(24, 1, 8, '2020-08-31 00:28:25', NULL),
(25, 1, 34, '2020-08-31 00:29:05', NULL),
(26, 1, 34, '2020-08-31 00:31:43', NULL),
(27, 1, 34, '2020-08-31 17:42:31', NULL),
(28, 1, 34, '2020-08-31 18:05:09', NULL),
(29, 1, 34, '2020-08-31 20:14:31', NULL),
(30, 1, 12, '2020-08-31 20:14:42', NULL),
(31, 1, 9, '2020-08-31 21:25:35', NULL),
(32, 1, 33, '2020-09-01 17:24:45', NULL),
(33, 1, 9, '2020-09-01 23:48:23', NULL),
(34, 1, 22, '2020-09-02 00:25:14', NULL),
(35, 1, 32, '2020-09-02 00:44:33', NULL),
(36, 1, 39, '2020-09-02 00:45:36', NULL),
(37, 1, 11, '2020-09-02 00:46:01', NULL),
(38, 1, 28, '2020-09-02 00:48:14', NULL),
(39, 1, 33, '2020-09-02 00:49:00', NULL),
(40, 1, 9, '2020-09-02 00:49:10', NULL),
(41, 1, 24, '2020-09-02 00:52:44', NULL),
(42, 1, 8, '2020-09-02 00:52:57', NULL),
(43, 1, 34, '2020-09-02 01:03:39', NULL),
(44, 1, 11, '2020-09-02 01:03:46', NULL),
(45, 1, 31, '2020-09-02 01:03:51', NULL),
(46, 1, 28, '2020-09-02 01:03:58', NULL),
(47, 1, 27, '2020-09-02 01:04:05', NULL),
(48, 1, 30, '2020-09-02 01:05:41', NULL),
(49, 1, 27, '2020-09-02 01:05:50', NULL),
(50, 1, 26, '2020-09-02 01:05:56', NULL),
(51, 1, 22, '2020-09-02 01:06:52', NULL),
(52, 1, 29, '2020-09-02 01:07:02', NULL),
(53, 1, 39, '2020-09-02 01:10:15', NULL),
(54, 1, 22, '2020-09-02 01:10:34', NULL),
(55, 1, 10, '2020-09-02 01:10:44', NULL),
(56, 1, 11, '2020-09-02 01:36:42', NULL),
(57, 1, 27, '2020-09-02 01:36:47', NULL),
(58, 1, 11, '2020-09-02 01:38:41', NULL),
(59, 1, 42, '2020-09-02 01:48:59', NULL),
(60, 1, 27, '2020-09-02 01:49:03', NULL),
(61, 1, 40, '2020-09-02 19:18:32', NULL),
(62, 1, 12, '2020-09-02 19:21:13', NULL),
(63, 1, 33, '2020-09-02 19:23:40', NULL),
(64, 1, 33, '2020-09-02 20:26:06', NULL),
(66, 1, 33, '2020-09-05 19:39:02', NULL),
(67, 1, 10, '2020-09-06 18:24:29', NULL),
(68, 1, 8, '2020-09-06 18:24:46', NULL),
(69, 1, 8, '2020-09-06 18:26:08', NULL),
(70, 1, 8, '2020-09-06 18:26:15', NULL),
(71, 1, 8, '2020-09-06 18:26:22', NULL),
(72, 1, 33, '2020-09-06 18:31:49', NULL),
(73, 1, 33, '2020-09-06 18:36:05', NULL),
(74, 1, 33, '2020-09-06 18:39:07', NULL),
(75, 1, 33, '2020-09-06 18:39:32', NULL),
(76, 1, 33, '2020-09-06 18:39:54', NULL),
(77, 1, 33, '2020-09-06 18:40:21', NULL),
(78, 1, 33, '2020-09-06 18:40:37', NULL),
(79, 1, 31, '2020-09-06 18:40:43', NULL),
(80, 1, 31, '2020-09-06 18:41:15', NULL),
(81, 1, 31, '2020-09-06 18:49:13', NULL),
(82, 1, 31, '2020-09-06 18:49:50', NULL),
(83, 1, 31, '2020-09-06 18:52:21', NULL),
(84, 1, 31, '2020-09-06 18:53:45', NULL),
(85, 1, 31, '2020-09-06 18:53:57', NULL),
(86, 1, 31, '2020-09-06 18:54:17', NULL),
(87, 1, 31, '2020-09-06 18:54:29', NULL),
(88, 1, 31, '2020-09-06 18:57:10', NULL),
(89, 1, 31, '2020-09-06 18:57:21', NULL),
(90, 1, 31, '2020-09-06 18:57:29', NULL),
(91, 1, 31, '2020-09-06 18:58:03', NULL),
(92, 1, 31, '2020-09-06 18:58:16', NULL),
(93, 1, 31, '2020-09-06 18:58:28', NULL),
(94, 1, 31, '2020-09-06 18:58:36', NULL),
(95, 1, 31, '2020-09-06 19:00:45', NULL),
(96, 1, 31, '2020-09-06 19:01:26', NULL),
(97, 1, 31, '2020-09-06 19:05:41', NULL),
(98, 1, 31, '2020-09-06 19:05:57', NULL),
(99, 1, 31, '2020-09-06 19:06:27', NULL),
(100, 1, 31, '2020-09-06 19:07:08', NULL),
(101, 1, 40, '2020-09-06 19:09:06', NULL),
(102, 1, 40, '2020-09-06 19:09:46', NULL),
(103, 1, 40, '2020-09-06 19:10:09', NULL),
(104, 1, 40, '2020-09-06 19:10:20', NULL),
(105, 2, 40, '2020-09-06 19:20:55', NULL),
(106, 2, 40, '2020-09-06 19:21:36', NULL),
(107, 2, 40, '2020-09-06 19:27:01', NULL),
(108, 2, 29, '2020-09-06 19:27:20', NULL),
(109, 2, 40, '2020-09-06 19:27:50', NULL),
(110, 2, 40, '2020-09-06 19:28:02', NULL),
(111, 1, 30, '2020-09-06 19:28:51', NULL),
(112, 1, 30, '2020-09-06 19:29:18', NULL),
(113, 2, 40, '2020-09-06 19:30:11', NULL),
(114, 1, 30, '2020-09-06 19:30:23', NULL),
(115, 1, 30, '2020-09-06 19:30:38', NULL);

--
-- Indexes for dumped tables
--

--
-- Indexes for table `albums`
--
ALTER TABLE `albums`
  ADD PRIMARY KEY (`id`);

--
-- Indexes for table `categories`
--
ALTER TABLE `categories`
  ADD PRIMARY KEY (`id`);

--
-- Indexes for table `comments`
--
ALTER TABLE `comments`
  ADD PRIMARY KEY (`id`),
  ADD KEY `comments_detailsong_id_foreign` (`song_id`),
  ADD KEY `comments_user_id_foreign` (`user_id`);

--
-- Indexes for table `data_rows`
--
ALTER TABLE `data_rows`
  ADD PRIMARY KEY (`id`),
  ADD KEY `data_rows_data_type_id_foreign` (`data_type_id`);

--
-- Indexes for table `data_types`
--
ALTER TABLE `data_types`
  ADD PRIMARY KEY (`id`),
  ADD UNIQUE KEY `data_types_name_unique` (`name`),
  ADD UNIQUE KEY `data_types_slug_unique` (`slug`);

--
-- Indexes for table `detailalbums`
--
ALTER TABLE `detailalbums`
  ADD PRIMARY KEY (`id`),
  ADD KEY `detailalbums_album_id_foreign` (`album_id`),
  ADD KEY `detailalbums_song_id_foreign` (`song_id`);

--
-- Indexes for table `detailplaylists`
--
ALTER TABLE `detailplaylists`
  ADD PRIMARY KEY (`id`),
  ADD KEY `detailalplaylist_playlist_id_foreign` (`playlist_id`),
  ADD KEY `detailalplaylist_song_id_foreign` (`song_id`);

--
-- Indexes for table `detailsongs`
--
ALTER TABLE `detailsongs`
  ADD PRIMARY KEY (`id`),
  ADD UNIQUE KEY `detailsongs_song_id_singer_id_unique` (`song_id`,`singer_id`),
  ADD KEY `detailsongs_singer_id_foreign` (`singer_id`);

--
-- Indexes for table `failed_jobs`
--
ALTER TABLE `failed_jobs`
  ADD PRIMARY KEY (`id`);

--
-- Indexes for table `likedsongs`
--
ALTER TABLE `likedsongs`
  ADD PRIMARY KEY (`id`),
  ADD KEY `likedsongs_song_id_foreign` (`song_id`),
  ADD KEY `likedsongs_user_id_foreign` (`user_id`);

--
-- Indexes for table `menus`
--
ALTER TABLE `menus`
  ADD PRIMARY KEY (`id`),
  ADD UNIQUE KEY `menus_name_unique` (`name`);

--
-- Indexes for table `menu_items`
--
ALTER TABLE `menu_items`
  ADD PRIMARY KEY (`id`),
  ADD KEY `menu_items_menu_id_foreign` (`menu_id`);

--
-- Indexes for table `migrations`
--
ALTER TABLE `migrations`
  ADD PRIMARY KEY (`id`);

--
-- Indexes for table `musicians`
--
ALTER TABLE `musicians`
  ADD PRIMARY KEY (`id`);

--
-- Indexes for table `nations`
--
ALTER TABLE `nations`
  ADD PRIMARY KEY (`id`);

--
-- Indexes for table `password_resets`
--
ALTER TABLE `password_resets`
  ADD KEY `password_resets_email_index` (`email`);

--
-- Indexes for table `permissions`
--
ALTER TABLE `permissions`
  ADD PRIMARY KEY (`id`),
  ADD KEY `permissions_key_index` (`key`);

--
-- Indexes for table `permission_role`
--
ALTER TABLE `permission_role`
  ADD PRIMARY KEY (`permission_id`,`role_id`),
  ADD KEY `permission_role_permission_id_index` (`permission_id`),
  ADD KEY `permission_role_role_id_index` (`role_id`);

--
-- Indexes for table `playlists`
--
ALTER TABLE `playlists`
  ADD PRIMARY KEY (`id`),
  ADD KEY `playlists_user_id_foreign` (`user_id`);

--
-- Indexes for table `roles`
--
ALTER TABLE `roles`
  ADD PRIMARY KEY (`id`),
  ADD UNIQUE KEY `roles_name_unique` (`name`);

--
-- Indexes for table `settings`
--
ALTER TABLE `settings`
  ADD PRIMARY KEY (`id`),
  ADD UNIQUE KEY `settings_key_unique` (`key`);

--
-- Indexes for table `singers`
--
ALTER TABLE `singers`
  ADD PRIMARY KEY (`id`);

--
-- Indexes for table `songs`
--
ALTER TABLE `songs`
  ADD PRIMARY KEY (`id`),
  ADD KEY `IDX_BAECB19B12469DE2` (`category_id`),
  ADD KEY `IDX_BAECB19B9523AA8A` (`musician_id`),
  ADD KEY `IDX_BAECB19BAE3899` (`nation_id`);

--
-- Indexes for table `translations`
--
ALTER TABLE `translations`
  ADD PRIMARY KEY (`id`),
  ADD UNIQUE KEY `translations_table_name_column_name_foreign_key_locale_unique` (`table_name`,`column_name`,`foreign_key`,`locale`);

--
-- Indexes for table `users`
--
ALTER TABLE `users`
  ADD PRIMARY KEY (`id`),
  ADD UNIQUE KEY `users_email_unique` (`email`),
  ADD KEY `users_role_id_foreign` (`role_id`);

--
-- Indexes for table `user_roles`
--
ALTER TABLE `user_roles`
  ADD PRIMARY KEY (`user_id`,`role_id`),
  ADD KEY `user_roles_user_id_index` (`user_id`),
  ADD KEY `user_roles_role_id_index` (`role_id`);

--
-- Indexes for table `views`
--
ALTER TABLE `views`
  ADD PRIMARY KEY (`id`),
  ADD KEY `views_song_id_foreign` (`song_id`),
  ADD KEY `views_user_id_foreign` (`user_id`);

--
-- AUTO_INCREMENT for dumped tables
--

--
-- AUTO_INCREMENT for table `albums`
--
ALTER TABLE `albums`
  MODIFY `id` int(10) UNSIGNED NOT NULL AUTO_INCREMENT, AUTO_INCREMENT=10;

--
-- AUTO_INCREMENT for table `categories`
--
ALTER TABLE `categories`
  MODIFY `id` int(10) UNSIGNED NOT NULL AUTO_INCREMENT, AUTO_INCREMENT=13;

--
-- AUTO_INCREMENT for table `comments`
--
ALTER TABLE `comments`
  MODIFY `id` bigint(20) UNSIGNED NOT NULL AUTO_INCREMENT, AUTO_INCREMENT=7;

--
-- AUTO_INCREMENT for table `data_rows`
--
ALTER TABLE `data_rows`
  MODIFY `id` int(10) UNSIGNED NOT NULL AUTO_INCREMENT, AUTO_INCREMENT=275;

--
-- AUTO_INCREMENT for table `data_types`
--
ALTER TABLE `data_types`
  MODIFY `id` int(10) UNSIGNED NOT NULL AUTO_INCREMENT, AUTO_INCREMENT=53;

--
-- AUTO_INCREMENT for table `detailalbums`
--
ALTER TABLE `detailalbums`
  MODIFY `id` int(10) UNSIGNED NOT NULL AUTO_INCREMENT, AUTO_INCREMENT=47;

--
-- AUTO_INCREMENT for table `detailplaylists`
--
ALTER TABLE `detailplaylists`
  MODIFY `id` int(10) UNSIGNED NOT NULL AUTO_INCREMENT, AUTO_INCREMENT=5;

--
-- AUTO_INCREMENT for table `detailsongs`
--
ALTER TABLE `detailsongs`
  MODIFY `id` int(10) UNSIGNED NOT NULL AUTO_INCREMENT, AUTO_INCREMENT=52;

--
-- AUTO_INCREMENT for table `failed_jobs`
--
ALTER TABLE `failed_jobs`
  MODIFY `id` bigint(20) UNSIGNED NOT NULL AUTO_INCREMENT;

--
-- AUTO_INCREMENT for table `likedsongs`
--
ALTER TABLE `likedsongs`
  MODIFY `id` bigint(20) UNSIGNED NOT NULL AUTO_INCREMENT, AUTO_INCREMENT=34;

--
-- AUTO_INCREMENT for table `menus`
--
ALTER TABLE `menus`
  MODIFY `id` int(10) UNSIGNED NOT NULL AUTO_INCREMENT, AUTO_INCREMENT=3;

--
-- AUTO_INCREMENT for table `menu_items`
--
ALTER TABLE `menu_items`
  MODIFY `id` int(10) UNSIGNED NOT NULL AUTO_INCREMENT, AUTO_INCREMENT=59;

--
-- AUTO_INCREMENT for table `migrations`
--
ALTER TABLE `migrations`
  MODIFY `id` int(10) UNSIGNED NOT NULL AUTO_INCREMENT, AUTO_INCREMENT=48;

--
-- AUTO_INCREMENT for table `musicians`
--
ALTER TABLE `musicians`
  MODIFY `id` int(10) UNSIGNED NOT NULL AUTO_INCREMENT, AUTO_INCREMENT=54;

--
-- AUTO_INCREMENT for table `nations`
--
ALTER TABLE `nations`
  MODIFY `id` int(10) UNSIGNED NOT NULL AUTO_INCREMENT, AUTO_INCREMENT=11;

--
-- AUTO_INCREMENT for table `permissions`
--
ALTER TABLE `permissions`
  MODIFY `id` bigint(20) UNSIGNED NOT NULL AUTO_INCREMENT, AUTO_INCREMENT=222;

--
-- AUTO_INCREMENT for table `playlists`
--
ALTER TABLE `playlists`
  MODIFY `id` int(10) UNSIGNED NOT NULL AUTO_INCREMENT, AUTO_INCREMENT=3;

--
-- AUTO_INCREMENT for table `roles`
--
ALTER TABLE `roles`
  MODIFY `id` bigint(20) UNSIGNED NOT NULL AUTO_INCREMENT, AUTO_INCREMENT=3;

--
-- AUTO_INCREMENT for table `settings`
--
ALTER TABLE `settings`
  MODIFY `id` int(10) UNSIGNED NOT NULL AUTO_INCREMENT, AUTO_INCREMENT=25;

--
-- AUTO_INCREMENT for table `singers`
--
ALTER TABLE `singers`
  MODIFY `id` int(10) UNSIGNED NOT NULL AUTO_INCREMENT, AUTO_INCREMENT=48;

--
-- AUTO_INCREMENT for table `songs`
--
ALTER TABLE `songs`
  MODIFY `id` int(10) UNSIGNED NOT NULL AUTO_INCREMENT, AUTO_INCREMENT=46;

--
-- AUTO_INCREMENT for table `translations`
--
ALTER TABLE `translations`
  MODIFY `id` int(10) UNSIGNED NOT NULL AUTO_INCREMENT, AUTO_INCREMENT=31;

--
-- AUTO_INCREMENT for table `users`
--
ALTER TABLE `users`
  MODIFY `id` bigint(20) UNSIGNED NOT NULL AUTO_INCREMENT, AUTO_INCREMENT=4;

--
-- AUTO_INCREMENT for table `views`
--
ALTER TABLE `views`
  MODIFY `id` bigint(20) UNSIGNED NOT NULL AUTO_INCREMENT, AUTO_INCREMENT=116;

--
-- Constraints for dumped tables
--

--
-- Constraints for table `comments`
--
ALTER TABLE `comments`
  ADD CONSTRAINT `comments_detailsong_id_foreign` FOREIGN KEY (`song_id`) REFERENCES `detailsongs` (`id`) ON DELETE CASCADE,
  ADD CONSTRAINT `comments_user_id_foreign` FOREIGN KEY (`user_id`) REFERENCES `users` (`id`) ON DELETE CASCADE;

--
-- Constraints for table `data_rows`
--
ALTER TABLE `data_rows`
  ADD CONSTRAINT `data_rows_data_type_id_foreign` FOREIGN KEY (`data_type_id`) REFERENCES `data_types` (`id`) ON DELETE CASCADE ON UPDATE CASCADE;

--
-- Constraints for table `detailalbums`
--
ALTER TABLE `detailalbums`
  ADD CONSTRAINT `detailalbums_album_id_foreign` FOREIGN KEY (`album_id`) REFERENCES `albums` (`id`) ON DELETE CASCADE,
  ADD CONSTRAINT `detailalbums_song_id_foreign` FOREIGN KEY (`song_id`) REFERENCES `songs` (`id`) ON DELETE CASCADE;

--
-- Constraints for table `detailplaylists`
--
ALTER TABLE `detailplaylists`
  ADD CONSTRAINT `detailalplaylist_playlist_id_foreign` FOREIGN KEY (`playlist_id`) REFERENCES `playlists` (`id`) ON DELETE CASCADE,
  ADD CONSTRAINT `detailalplaylist_song_id_foreign` FOREIGN KEY (`song_id`) REFERENCES `songs` (`id`) ON DELETE CASCADE;

--
-- Constraints for table `detailsongs`
--
ALTER TABLE `detailsongs`
  ADD CONSTRAINT `detailsongs_singer_id_foreign` FOREIGN KEY (`singer_id`) REFERENCES `singers` (`id`) ON DELETE CASCADE,
  ADD CONSTRAINT `detailsongs_song_id_foreign` FOREIGN KEY (`song_id`) REFERENCES `songs` (`id`) ON DELETE CASCADE;

--
-- Constraints for table `likedsongs`
--
ALTER TABLE `likedsongs`
  ADD CONSTRAINT `likedsongs_song_id_foreign` FOREIGN KEY (`song_id`) REFERENCES `songs` (`id`) ON DELETE CASCADE,
  ADD CONSTRAINT `likedsongs_user_id_foreign` FOREIGN KEY (`user_id`) REFERENCES `users` (`id`) ON DELETE CASCADE;

--
-- Constraints for table `menu_items`
--
ALTER TABLE `menu_items`
  ADD CONSTRAINT `menu_items_menu_id_foreign` FOREIGN KEY (`menu_id`) REFERENCES `menus` (`id`) ON DELETE CASCADE;

--
-- Constraints for table `permission_role`
--
ALTER TABLE `permission_role`
  ADD CONSTRAINT `permission_role_permission_id_foreign` FOREIGN KEY (`permission_id`) REFERENCES `permissions` (`id`) ON DELETE CASCADE,
  ADD CONSTRAINT `permission_role_role_id_foreign` FOREIGN KEY (`role_id`) REFERENCES `roles` (`id`) ON DELETE CASCADE;

--
-- Constraints for table `playlists`
--
ALTER TABLE `playlists`
  ADD CONSTRAINT `playlists_user_id_foreign` FOREIGN KEY (`user_id`) REFERENCES `users` (`id`) ON DELETE CASCADE;

--
-- Constraints for table `songs`
--
ALTER TABLE `songs`
  ADD CONSTRAINT `songs_category_id_foreign` FOREIGN KEY (`category_id`) REFERENCES `categories` (`id`) ON DELETE CASCADE,
  ADD CONSTRAINT `songs_musician_id_foreign` FOREIGN KEY (`musician_id`) REFERENCES `musicians` (`id`) ON DELETE CASCADE,
  ADD CONSTRAINT `songs_nation_id_foreign` FOREIGN KEY (`nation_id`) REFERENCES `nations` (`id`) ON DELETE CASCADE;

--
-- Constraints for table `users`
--
ALTER TABLE `users`
  ADD CONSTRAINT `users_role_id_foreign` FOREIGN KEY (`role_id`) REFERENCES `roles` (`id`);

--
-- Constraints for table `user_roles`
--
ALTER TABLE `user_roles`
  ADD CONSTRAINT `user_roles_role_id_foreign` FOREIGN KEY (`role_id`) REFERENCES `roles` (`id`) ON DELETE CASCADE,
  ADD CONSTRAINT `user_roles_user_id_foreign` FOREIGN KEY (`user_id`) REFERENCES `users` (`id`) ON DELETE CASCADE;

--
-- Constraints for table `views`
--
ALTER TABLE `views`
  ADD CONSTRAINT `views_song_id_foreign` FOREIGN KEY (`song_id`) REFERENCES `songs` (`id`) ON DELETE CASCADE,
  ADD CONSTRAINT `views_user_id_foreign` FOREIGN KEY (`user_id`) REFERENCES `users` (`id`) ON DELETE CASCADE;
COMMIT;

/*!40101 SET CHARACTER_SET_CLIENT=@OLD_CHARACTER_SET_CLIENT */;
/*!40101 SET CHARACTER_SET_RESULTS=@OLD_CHARACTER_SET_RESULTS */;
/*!40101 SET COLLATION_CONNECTION=@OLD_COLLATION_CONNECTION */;
